OBJECTID,Component_1,Component_2,Component_3,Component_4
33,-2.85411779964,-1.19800263115,3.22415546295,-0.114396049227
77,-0.771279207022,0.13190544626,1.06662420229,-0.174583592979
78,-2.40191146806,-0.597299954138,2.41427592562,0.456533956974
35,1.8814735296,-0.400731920211,0.0204239009324,-0.464887437803
79,-0.522908479017,1.25492267079,-0.00595162387511,0.331241967764
80,-1.38462022257,-0.813302946759,0.1934229832,-0.734823005709
81,-1.6784235863,-2.36741874852,-0.136852985347,0.377399174537
82,-4.48732112522,-0.961487754391,1.62249119819,0.0368153468496
36,-0.331371076828,0.75602795384,0.115170654242,1.10108602834
179,-2.28594601434,-0.655978740451,1.0843986779,2.03551307617
83,0.961626034451,-0.0460952713774,0.100740005447,0.472624088382
84,-0.655097737061,-1.81537053319,2.49300907459,-0.381160597727
85,1.29214408361,-0.666902186752,0.532385692468,-0.36019158068
86,-4.27322622819,-4.48237230817,-3.5555956539,0.834255576851
37,-0.65813561023,-0.16081149687,1.13752843064,0.275662751398
87,-1.69498890941,-1.72427357712,1.43842091209,-0.492359832704
88,-0.615579524426,0.705291011748,0.191975821843,1.75473069922
89,-0.417417927546,1.01013188893,0.0510349506866,0.687172839876
90,-5.80739040845,1.9842474483,0.274012745455,1.81030078296
38,0.491982551511,0.461024809509,0.0360052270734,0.210991692543
91,0.0608382979958,-0.793579607907,-0.0676873900169,0.0987599663743
92,-1.68442129026,-1.07944297159,0.659320843668,0.297406984049
93,-1.55506199327,-1.26264825585,1.93359442562,-0.756395996331
39,0.634191881132,0.752408354757,-0.088690041305,-0.720007186643
94,0.163993769866,-0.178899919722,-0.513426967135,0.494627347552
95,-1.32032418249,1.60426123088,0.377901361081,-0.714244340621
96,0.739265181828,-0.0547552242738,0.150766178877,0.913560884789
177,1.55041513398,-0.300453814118,0.0582023898584,-0.0653570972907
97,1.06212119132,-0.709389691734,-0.53210059912,-0.00246629072884
98,-0.150116967381,-1.0950404753,-1.49285965669,0.259931658044
99,-0.941441020819,0.828878155561,-0.915499048872,-0.370695341756
100,0.349048584931,0.0634419935614,0.195295463075,1.38448496313
40,1.29671746311,-0.22360839261,0.0871529157365,0.240812201452
101,0.990067477374,-0.0547102289455,0.0974944307973,0.438300175967
102,0.396010804342,-0.725768485836,-0.504095021625,-0.403261899329
103,0.97857203677,0.0866318820896,0.299959857608,-1.18313809987
104,-0.225789567487,-1.23106377596,0.359546404978,-0.351824909664
41,0.434838664763,-0.633536579061,1.11338228917,-1.01557696116
105,-0.275314232499,0.951885776707,0.0397492156684,0.550195333714
106,0.383927117678,-1.48328685605,1.72758930423,-0.752868891818
107,-3.21911020733,2.55080941977,-0.565078318234,-0.692820585087
108,-5.07425838113,-1.15596076505,-2.24926476627,-3.08160101536
42,0.490120256835,0.355170137112,0.0707300176822,0.454859040436
109,-0.399023861044,0.471716488193,-0.501544360486,0.30792951669
43,0.149937320978,0.216350522033,0.515803695626,-0.348534406561
110,-0.325451584832,-0.857942560135,1.6754207612,-0.828733634615
111,0.767859702109,-1.11447618801,1.19863796409,-0.554547729816
112,-1.35012998197,-0.0975086678302,-0.0306111127972,-0.949221140226
44,-0.407712646918,-1.91034388306,2.52591412884,-0.928057124122
113,1.07692502574,-0.36883444965,0.426785482346,-0.335353662487
114,-0.494666618983,-1.39301326589,-1.01661657393,-0.838441011006
115,0.543057227832,0.416184847349,0.285564087219,-1.10626953206
45,-2.40433157028,-0.924676903342,1.85825729083,-1.46780275328
116,-0.601964664588,0.00391573763542,0.908270248834,0.67677337915
117,-4.92400898578,-4.57113676861,1.5414855099,-0.860031687722
118,-2.51838810358,-1.57492595715,-1.3271828717,1.47102998662
119,-2.40956451562,0.0234907332016,2.26921081495,-1.23229483657
46,-1.01311550341,-0.320026447697,1.70163077659,-1.04108129382
120,-0.325001003675,0.102800511647,0.899343025795,-0.51323184752
121,-5.17763245833,-3.90379537117,1.17226588585,-2.34237289035
47,-0.313722126445,0.144646831133,0.801422782884,-0.188842496701
122,-3.82396401049,-3.80485244806,1.56412365654,-1.94171756692
123,-4.28034066464,-4.52023548927,4.00713205373,-1.46834162816
124,0.14276197276,0.296428230566,-0.869723197463,-0.99203348957
125,0.796148067673,-0.0719851394101,0.144275029577,0.844913059959
48,1.16940649089,0.331845441315,-0.0659501407559,-0.779127702506
126,0.285491770404,-0.56273114813,1.17676915084,-1.18723783798
127,-1.29255292149,-1.33784594536,-1.11447608393,-1.22893533992
49,-0.144090847546,-2.13185680257,2.59640894416,-1.21841155065
128,-1.35036038104,-2.40257112967,3.51403048056,-1.40379985705
129,-2.32822753397,-3.91480464622,5.57800766085,-3.46384575767
130,-4.91704835608,-1.10246889665,4.28686416153,0.0508853678961
131,-7.57437003404,-3.8878766384,7.02539766129,-0.882718611255
132,-5.01874465442,-1.97207909259,4.97293199141,0.161053568869
133,-5.60871757603,-0.546656494226,3.33302755211,0.37247737777
50,-1.7251052996,1.16298955029,0.279145950324,2.8175997926
134,-0.660454305688,-1.28787286795,2.04989510794,-0.099448547675
135,-2.56668113502,-0.591447628311,-0.0229869864057,-2.32897918685
51,0.317691660695,0.408780360005,0.417775327961,-1.10325894969
137,0.477993649195,-0.323895991243,0.621347215423,0.256554874426
138,0.6858765677,-0.0980131207095,0.503948628553,-0.650149313821
139,-0.911027873208,-0.407267667631,1.57165533545,-0.301800005288
52,1.43168676817,0.00915744491229,-0.0169948617986,-0.543380715099
140,0.676065242692,-1.36722325975,-0.164309539481,-0.505900226207
142,-0.115496089094,-1.68059669679,0.281205258708,-0.799330951538
143,-0.183414241495,-1.79590286715,-0.347518422447,-0.646497764472
53,0.663683402358,-0.0758333206173,-0.342980551072,-0.0145647787063
144,1.22329048185,0.376334618629,-0.0918203740252,-0.982224881502
145,1.64256540905,-0.328366276639,0.0476867279924,-0.176566573516
146,0.578032574742,0.708608374048,-0.0625601620636,-0.514164094654
147,1.25811363941,-0.737445053399,0.617125577193,-0.429399628758
54,0.602130425928,0.731714458462,-0.0751707212333,-0.61228029291
148,1.18067743349,-0.0212301991872,0.0461611627443,0.00116410555124
149,1.46509080521,-0.274608941413,0.0679391138084,0.0376146399547
1,0.49392297224,0.0057379656081,0.511062298491,-0.522045833636
55,1.38659242274,-0.250831658525,0.0768968998424,0.132348638221
2,-0.282705474722,-1.51024355523,0.228201212494,0.0891249352924
3,0.0630311028327,-0.860557131603,1.23864070635,0.35119719132
4,1.28168913068,-0.775897164161,-0.557156435418,-0.267446894574
5,0.362190726288,-0.213300913974,-0.957662721843,-0.698102531629
56,-0.201779501659,1.03603075603,-0.00315442305849,0.219831726535
6,-0.12464856244,-0.0352812907423,0.573762832026,1.18377250976
7,-0.921929535448,1.53886958738,0.205238070328,-0.732864193582
8,-0.339433970395,1.41218548375,-0.0959132368808,-0.373419854485
57,-0.786948588903,1.31969815264,0.0291094471088,0.684409930891
9,0.939492940002,-0.115404525554,0.127917333341,0.671920541387
10,0.742888810675,-0.891114142563,-0.818683776533,0.119594241328
11,0.741752517188,0.0437518414492,-0.501666941246,-0.657819946768
12,0.303340524645,0.883029109621,-0.0607958288426,-0.389760957958
13,1.10569554374,0.0166846131784,0.0497873415885,0.0571371784135
58,0.131298498246,0.0865534562852,0.889672323895,-1.781595977
14,1.61526162384,-0.320095917373,0.0508024796564,-0.143615617597
15,0.797494879529,0.292471244147,0.0257935349985,0.0148766745249
16,0.844449404619,0.323856686892,0.00564437787701,-0.145340709577
59,-2.18426067763,1.75192750312,1.11446404214,-2.64504164505
17,1.25707526901,-0.817981270824,0.698100595324,-0.538423415237
18,0.377781010429,0.15735632143,0.459235865825,-0.499329700815
19,-0.606717967243,-1.4907793427,-0.465856800176,0.0503934823034
178,-2.03646599758,-1.56805314316,-2.20372174571,-1.54212996643
20,-0.0559940674149,-0.141074258844,0.866674171692,-0.175325856115
21,-1.16374589757,-1.22456914399,2.62796293325,-1.93427402885
60,-0.437535821595,-2.33350388306,-0.575259146071,-1.16899579289
22,-0.0982004467492,0.0700356332636,0.971080667842,-1.45621744668
23,0.972158581357,0.184973282664,0.296747060503,-1.54119075736
24,1.51824010733,-0.49283480181,0.264015332821,-0.302219694577
61,1.22367863897,-0.509339770816,0.495825650528,-0.588219737611
25,-0.621364987551,1.69521767814,-0.127835110381,-0.48190041371
26,1.69851979131,0.019549388388,-0.0770262699136,-1.07250487079
27,-0.269930157586,1.9080238113,-0.271475669951,-1.63088123236
28,0.553071651511,-0.371514592906,0.730119867536,-0.365259287029
62,-0.114178799953,1.17672585327,-0.0673844905447,-0.265575582258
29,0.109730616137,0.744039005769,0.0253920528053,0.292615416848
30,0.78249617507,-0.0678499597774,0.145832905409,0.861388537918
31,1.83234826614,-0.249027675421,-0.0183431317701,-0.716255855176
63,0.999582817371,0.00321828217511,0.076687293982,0.288748300339
32,-0.382902688241,1.03574083631,-0.791210710949,-1.22704469665
150,0.410986011624,-0.782920942708,0.377080957063,-0.281163877043
64,1.99523930129,-0.435191750484,0.00744160233233,-0.602183087464
151,0.171731972867,-0.509294513749,-0.511247515948,1.00628034612
152,-0.08594651117,0.803309913838,0.0477216063973,0.528763934264
153,0.741751152958,-0.89076954426,-0.818553953547,0.120967197825
65,0.731996589004,-0.618508746252,0.71759130579,0.150394379434
154,1.27055133562,-0.215682631647,0.0901388444145,0.272390200874
155,1.5480177826,-0.663555989138,0.422330325474,-0.558710049441
156,0.969072040642,-0.124364081424,0.124541935705,0.636223672475
66,0.588064455063,0.675164340552,-0.053844292474,-0.457236591296
157,-0.8725360723,-3.60363446012,-4.34898045249,-0.957642029384
67,-0.726524228778,-1.65167445852,-2.63651108471,-0.517910753768
68,0.303339467141,0.715799943077,-0.0065621312784,-0.0100712994029
69,1.32815885842,-0.126713276084,0.0490527274916,-0.0387520153524
70,1.33395066657,-0.113264943212,0.0434614743298,-0.0802588537492
158,2.06577407973,-0.456556845253,-0.000607422799682,-0.687306390253
71,1.95542128119,-0.423130809888,0.0119854068423,-0.554129610082
159,0.931843067194,0.434209135356,-0.0487014131455,-0.561463906543
160,1.06711975843,0.210801446401,-0.00497451268352,-0.310514015171
72,0.434479605777,0.554455944876,0.0179155082002,0.107802194301
161,1.05177769477,-0.796221685046,0.761956241869,-0.345803139088
162,0.857581584386,-0.0905934477573,0.137264588333,0.770773409142
163,1.12048615156,0.179434001787,-0.0061340547937,-0.340400914597
164,1.10455788602,0.0170292114811,0.0499171645745,0.0585101349101
165,1.84713781646,-0.253507453356,-0.0200308305882,-0.734104289632
73,1.70399892576,-0.346974584986,0.0406762867484,-0.250706224333
166,1.33198485233,-0.234290939994,0.0831284031704,0.198250550058
74,1.73585334183,-0.356623337462,0.0370412431404,-0.289149006237
167,1.27282665105,-0.216371828252,0.0898791984425,0.269644287881
168,-0.257464590246,-0.0596631704313,0.910371796352,-0.125392673111
169,-0.220059638513,-0.693292502747,-0.0405632507067,0.403238165122
170,0.601613885604,0.823087003078,-0.104693727638,-0.818759671896
171,-0.0680182129938,-0.972198229357,1.46658292877,-0.0285824194843
75,-2.68358966147,-0.332518884987,-0.312570150624,0.103057162426
172,-0.0997532402019,-0.250001345414,-0.188499856999,-0.166561436675
173,1.02792074073,-0.0205679997787,0.0783838575638,0.289066443838
76,1.25090165324,-0.088109267113,0.0529385523078,0.019966970503
174,1.07135983061,0.163909080033,0.00933261006798,-0.212079673416
175,-1.97074114111,2.13504185354,0.179971694248,0.194424668882
176,0.305700845498,-0.0239733359022,0.424075995246,0.63662347336
655,1.00092645672,-0.134012833901,0.120906892097,0.59778089057
656,-0.502092587861,-0.461020145957,-0.0833198038808,0.55712183462
657,-0.00457655951939,0.0907408602157,0.562032224917,0.376315396513
543,-0.0213091754464,0.418866828723,0.158673367787,1.27916884289
658,1.73130271097,-0.355244944251,0.0375605350844,-0.283657180251
659,-0.206433652092,1.02223782486,0.00230700711735,0.259965608435
660,0.0128976246097,-0.319841803201,0.718794237798,1.12849962827
661,-0.106320830509,0.824684007673,0.0451162819135,0.518835095289
662,0.946290759892,-1.50956578824,-1.487919141,-0.652272502046
544,-1.89911662392,0.0297701206113,-0.43514609735,0.823439167803
663,-1.35112118191,1.84024856826,-0.0199078851953,0.571374980184
625,-0.278730378163,0.451232071982,0.202839777319,1.69338317887
626,-0.96747604937,0.261258812483,-0.142728213035,0.169666371131
627,-1.61269110635,2.01656792824,0.16968068626,-0.361852632616
628,0.386799386224,0.249642064887,0.126893330509,0.890203628355
629,-0.0702718395021,-0.213668598772,-0.288497267686,0.135860610198
630,1.23845813744,-0.762802428657,-0.55222316195,-0.215274547703
631,-0.0577142223872,0.42989397441,0.162827703339,1.32310345079
632,-1.78310115342,0.295951039082,-0.834712809775,-0.00761466332752
633,0.341295636609,-0.7694709417,-0.772856262475,0.60424788463
545,-1.776362853,0.107761218514,1.47910740812,0.755961039098
634,0.068566841693,0.558872729352,0.0941836543291,0.791015621108
635,1.76998307334,-0.366961286544,0.0331465535604,-0.330337701136
546,-0.455198356808,0.631964249982,-0.644911638312,-0.173316784773
636,-1.35046214592,0.559137704442,-1.25779811056,-0.102523378722
637,-2.40078506143,2.0815857184,-0.140105596695,-1.24093481613
638,1.37066521471,-0.246007282287,0.0787144216464,0.151570029173
639,-0.314472772542,-1.6845194183,-1.99007232248,0.342855765711
640,0.591478485718,0.841359712188,-0.108467458996,-0.841045119341
641,-0.921183602137,0.563546593762,-1.55703684822,-1.37349567139
547,-1.32453886115,2.22746643793,-0.151129761929,-0.358150560003
642,-1.01263152542,0.498394122833,-0.999856718227,0.0668601438337
643,-1.73926209998,3.09801810653,-0.345389853455,-1.54899035253
644,-0.119971665607,0.99604835385,-0.00755953981867,0.155620914693
645,-1.55195186499,-0.794430029751,-1.49932668292,1.78558836245
646,-2.53510128741,2.54942576822,-1.2384006644,-1.48169474662
548,0.268152851084,-0.275882898571,0.568381184724,0.985866009241
647,-1.02771583162,1.78789662344,-0.0716040279149,0.0775291674061
648,0.579170232459,0.708263775745,-0.0626899850496,-0.51553705115
649,1.04301979224,-0.146762971102,0.116103441614,0.546981500196
650,-0.693371788551,1.05951204416,0.394117334785,-0.518283936246
549,-0.0531625340153,0.595744747743,0.108074713831,0.937921966245
651,-0.607294786669,2.42068446223,-0.366096329397,-2.15570274954
652,-0.202213153807,0.459496244705,0.429773978845,0.207348687688
653,0.629758594973,-0.369611055853,-0.240502742827,0.716719121474
654,-0.798675112824,-1.06205326009,-0.83136858987,0.0983612887784
664,-0.158033332323,-0.00295790979743,-0.295451702423,1.15292590324
550,-1.22039617904,1.45099010597,0.0785720047749,1.2075063561
665,-2.21360130059,0.792564637463,-0.943561959877,1.45042390425
666,-1.75591711748,2.49495571244,-0.146276271335,-0.148205594517
667,-2.12058658928,2.84865755609,-0.183547481553,-0.260386497231
668,-1.11338933698,0.533711415664,0.81773568834,0.589736378753
551,1.26817355813,-0.0629355928827,0.0411069310541,-0.0699114887736
669,1.61412502363,-0.152522152526,-0.00330139492178,-0.521932319656
670,0.600993212263,-0.635296215021,-0.871516015543,-0.192402022892
552,0.84641521886,0.444882683675,-0.0340225509637,-0.423850113384
570,-1.70939504748,-0.590476206614,-0.824179094399,1.71152044482
571,1.0951481806,0.308730357835,-0.0426852319704,-0.585959362486
572,0.558653775651,-0.520049562134,0.804423406308,-0.185514527852
573,0.818838349509,0.402855531435,-0.427842663284,-1.17152432667
748,1.22866609673,-0.00536067913046,0.0308243208686,-0.125784179134
749,0.747747441178,0.18591837608,0.0709130292512,0.351050251189
750,-0.426433128593,0.846669119046,0.35182385019,-0.246916143676
751,1.06008465799,-0.151931945643,0.114156096824,0.526387152746
574,0.606159228951,-0.0144372228548,0.165955468239,1.07419679489
752,1.02461128714,-0.00436288048487,0.07383118829,0.258543257414
753,1.5071343426,-0.344132517301,-0.228421017619,-0.555694296554
754,0.995962805089,-0.0260905716879,0.0869610394037,0.362151281657
755,0.612985175252,-0.0165048126711,0.165176530323,1.06595905591
756,-1.07948569083,0.254761337437,-0.0895180513412,0.249704214559
575,0.484124275341,0.0457744359374,-0.44761625525,-0.174321498966
757,0.0763234065802,0.526117892461,0.103159169891,0.850689037459
758,1.27965259736,-0.218439418069,0.0891002605265,0.261406548901
759,-0.519034512454,-0.45620833652,1.23110782469,0.535893035372
760,0.16607315552,0.206280281351,0.488325079452,-0.209317736533
761,0.415190724283,-0.583038550532,-0.539029634952,0.712467655843
576,-0.926964144205,0.44442607138,-0.793892937866,0.47476170864
762,-0.638264604589,-0.00547430550705,0.891705628248,0.913788103936
763,1.32174593288,-0.23118955527,0.0842968100444,0.210607158527
764,-0.617783590937,-0.0828541013868,0.857815178688,1.34451923261
765,-0.996326518846,-1.40837974192,-1.831510039,1.23153500717
577,0.252500226514,-0.848022590005,-0.0147217012271,0.23001490308
766,-0.971367403928,0.197044224003,-0.91088936529,0.672886859324
767,1.4363398611,-0.144278790457,0.0317774055898,-0.203824938444
768,-0.787470416748,0.57492486453,0.270754928525,2.37637884468
769,0.442030189037,0.658587625759,-0.0174583973386,-0.142929936075
578,-1.10445861148,1.40066975471,0.0702721984347,1.10210684936
770,-0.963178842944,1.88996971358,-0.118411220986,-0.276492843714
771,-0.0511914322526,1.55291657725,-0.20276070283,-1.23903573034
772,0.634708421456,0.66103581014,-0.0591670349,-0.513527807657
773,1.09648970493,-0.16295909133,0.110001761272,0.482452544855
774,-0.0869102369633,-0.626950125512,-0.934801185818,0.644248281216
775,-0.0426831958381,-1.52003004473,-0.162836143653,-0.0564471497964
579,-0.186702139041,0.0595282378357,0.556192405096,1.0860748375
776,0.803736876262,-0.572700049496,-0.728215562072,-0.270962579878
777,1.15409722774,-0.0739897357669,0.0689156443496,0.171310328628
778,1.00327831083,-0.660255033588,0.646205926057,-0.121857373518
779,-0.423916624221,-0.346460395831,-0.644224183885,1.31738945953
580,0.387285991853,-0.800990266521,-0.979053094516,0.141009533959
780,1.40024431535,-0.254966838158,0.0753390240104,0.115873160261
781,0.0667760168796,-0.825528738539,-0.903035729596,0.803946756816
782,0.24665939041,0.0944558408068,0.206979531815,1.50805104782
783,0.969072040642,-0.124364081424,0.124541935705,0.636223672475
805,-1.1221864753,-0.532668476816,-1.20158946612,0.167023825205
784,-0.237188498481,-0.405791808057,0.909045685007,1.20975657157
581,0.47969310419,-0.741786641584,-0.707896351901,0.503025492041
785,-1.15432462145,-0.651654186196,-1.21675915331,1.60343588804
786,-0.340371991511,0.272268565014,0.273968192591,2.21649660007
787,-0.358159379214,0.505696601944,0.202043109875,1.7202060218
744,-1.40903820591,1.87299440609,-0.0182290511411,0.606753705597
788,1.30126809398,-0.224986785821,0.0866336237925,0.235320375466
789,-1.73351683989,0.33629931996,0.986121931165,2.35974121524
790,1.93380578457,-0.416583442137,0.0144520435763,-0.528043436647
582,1.38938639351,-0.00843506665806,-0.00230713485291,-0.423297212897
791,-0.473797516832,-1.42744437508,-1.72963198283,0.732531618729
792,-1.01415492908,-1.14065635773,1.96798694917,0.824097899535
793,-1.00920592196,1.32620952412,0.0741934823062,1.09070467138
794,-0.293769820003,-0.332334520232,1.03382820671,0.415557023168
795,-0.537334362664,-0.27127013075,-1.05783057866,0.466207604507
583,0.367770821238,0.468243375735,0.0600402090111,0.429928062501
796,-2.24841427122,0.59354422451,-1.90489008148,-0.270105494578
584,0.942704161543,0.689364863489,-0.133756346975,-1.16136250905
797,-0.0429204420504,1.09433086265,-0.0557947857354,-0.21350361789
798,-1.12747368914,-1.43324171437,-0.10075501553,-0.562871362413
799,0.596236155716,0.870323967749,-0.118871027404,-0.915821057155
800,-1.03602666886,-1.48433811988,-0.969423663743,-0.640817015811
801,0.514547011434,-1.46419782923,-0.751784503183,-0.364280611487
802,-2.38611795671,-2.58907724919,-4.2532765207,-0.169758508653
585,-0.781235078534,-0.157385843566,1.54501013297,-1.5558152788
803,0.34284798604,0.825454195869,-0.0505132186571,-0.333888267598
804,-0.0452253810135,-0.150209447603,0.676123650752,0.853472806951
586,-0.353146343635,-2.5171807617,-1.74267558844,-0.645608201228
806,-0.636019378315,-1.1088706919,-1.11201383169,-0.257326614412
807,-1.56163300078,-1.03684057108,-2.10273083266,-0.982508638489
808,-1.52065373777,0.0523677296726,-0.908827757099,-0.987150290219
809,0.207658022652,-1.3623557293,0.310083847312,-0.874921334871
810,-1.2677229405,-0.111594997434,-1.67780318127,-0.0794152077501
587,-2.26775639801,3.16688377268,-0.25549915856,-0.704086202623
811,-1.85601324814,1.28833568188,-0.870297203924,0.318829967047
812,-0.870410622995,1.45139769774,0.00412138044995,0.543514320243
813,-1.36544248849,0.496456257654,-1.13096267578,0.292008902458
814,-0.394795801294,0.0772974247218,0.676572024585,0.999206960595
815,-2.43613816807,-2.93943023594,-1.50425207017,0.63566871274
816,1.27591001926,-0.408721963798,0.424785415934,-0.768701166288
817,0.438512638817,0.477220929737,0.0421069074154,0.275520647883
588,-0.705969966881,0.991115988824,0.118475133767,1.27702522491
818,-1.20980878229,0.121263884273,-1.14566021277,0.625177556464
819,0.391655283797,0.603360864239,0.12042119793,-0.509792715162
820,-0.155443978954,1.31084658555,-0.102118145917,-0.491912639194
821,0.424031532185,0.19275634774,0.137435586666,0.948822231708
589,-1.73023099091,-2.39428289398,-1.14092317087,0.585848594518
822,0.312702240214,0.101720638505,-0.739338218237,-0.648082837768
823,-1.15234587017,1.06551322595,0.189134297207,1.95379239524
824,-2.38655203574,0.387371292319,-2.22199939013,-0.435629157309
825,-0.809186260422,1.06798840753,0.115462610798,1.29803809836
826,0.178259066105,-0.791707372996,0.435295185284,-0.631827183828
827,0.357012188949,0.0610298054423,0.194386702173,1.37487426765
590,0.694973069548,-0.566868893549,0.681387955263,0.250213837062
828,-0.817872249065,-0.835987832913,-1.12509688297,1.60836666769
829,0.344497954064,0.0648203867723,0.195814755019,1.38997678911
830,0.381007578074,0.236193732015,0.132484583671,0.931710466751
591,0.2808813754,0.204961405621,-0.559409953187,-0.374530244625
831,0.96080105044,0.334221633171,-0.0224239813905,-0.389308439972
832,-0.17838159325,-0.984937394139,0.394357765089,-0.112023846313
592,0.629762518264,-0.46798660884,-0.828558242949,-0.402942026708
833,0.355881933762,1.23197856956,-0.185119357791,-1.28158038574
834,0.804583394673,-0.153689697275,-0.760956603552,-1.0000786094
835,-1.13602045761,1.47725927941,0.325316401537,-0.481218947454
836,-0.225586983721,-0.419130481275,-0.46559930622,-0.733347854658
837,-0.699001218181,0.566602298969,-0.778596326055,-0.0106877379954
593,1.07797873778,0.131498841446,0.0184379486156,-0.151033300568
838,0.339558089171,-0.828119252107,-1.27009934828,-0.378477895231
839,-0.020078069416,-1.42805258009,-1.82578077535,-0.125683570145
840,0.696451439361,0.520712308406,-0.0267701932753,-0.31190396766
841,0.425021230573,-0.544874783111,0.977441173924,-0.610589543668
594,-2.72744842829,-1.12785737499,-1.81971008432,0.621315810881
842,-2.44012744568,-2.08070973588,-3.27008400359,1.24052397061
843,0.33022811658,0.479615119725,0.0643243675491,0.475235626889
844,1.07636684506,-0.909423282658,-0.436989581623,-0.533735727445
845,0.801217353873,0.169722255852,0.0648113489092,0.286521295849
846,0.729706459601,-0.760036889907,-0.281179708179,-0.139232601634
595,1.20239644968,-0.0126062425534,0.0387523877785,-0.059564123798
847,-0.632064007933,-0.194621981751,1.0063668531,1.03764801338
848,0.461647070936,-0.162640806035,-0.581905734104,-0.106208689458
747,1.46509080521,-0.274608941413,0.0679391138084,0.0376146399547
849,1.03619384594,-0.144695381285,0.116882379531,0.555219239175
850,-0.463543852059,-0.267238230512,-0.764828115342,0.988759090189
851,1.02254195334,-0.140560201653,0.118440255363,0.571694717134
852,-1.08044230141,0.840576499723,-0.889776368116,-0.133910537342
596,1.73130271097,-0.355244944251,0.0375605350844,-0.283657180251
853,0.408795630726,-0.0945902799285,0.698266230636,-0.867589755151
854,0.0511935322514,0.852986063825,0.0024900186863,0.156156819188
855,0.00824029942874,-0.262457707945,0.755809303786,0.713189164548
856,0.14753763371,-0.176431726108,0.218497715139,1.27552113358
857,0.924877935058,-0.00694494694159,-0.110806163311,0.00568539422231
597,1.58613196101,-0.589692935397,-0.268885559187,-0.371658992175
858,0.895118997052,0.207618027658,0.141854003855,-0.565112505035
859,-1.95038870167,-2.77094533911,-3.13239339764,-0.554737326916
860,0.407174831715,-0.625593051432,0.108323343007,0.544231622906
598,1.13010395362,0.0853046707492,0.0223503677233,-0.144905187584
599,-1.52363319163,1.61885447473,0.0885240508777,1.40087546112
600,0.3310552156,0.433756548265,0.0790209592586,0.577788838133
861,0.586819047763,-0.00857905170842,0.168162459001,1.09753705533
862,-0.804899802971,-0.546868789021,1.34853032434,1.13639876951
601,0.150705099884,-0.338082047778,-0.768960627611,0.209714714277
863,0.14713224083,-0.34979100339,0.836592912545,0.207569556178
864,-0.358100539665,-1.60169938975,-1.90434073415,0.461306412578
865,0.799561040824,-0.0730189343183,0.143885560619,0.840794190469
866,-0.890148191515,-0.0076032763979,-0.655114733653,1.43132785276
867,0.418239724035,0.179308014868,0.143026839828,0.990329070105
868,0.380903001004,0.0537932410851,0.191660419467,1.34604218122
869,1.13506760525,-0.0226175914637,0.0562962204161,0.0907244213293
602,0.345843708416,0.262047603785,0.131566958005,0.939630062232
870,-0.471713881756,1.23941574717,-0.0117936582451,0.269458925417
871,1.18799875885,-0.594931034189,0.503841898115,-0.179367689753
872,-0.194977891365,0.624879492077,0.45655694172,-0.622623793372
873,1.03195694628,0.403884484716,-0.0601258359135,-0.682284078245
874,-1.29726260384,-0.39680546299,-1.69778778478,-1.07585617488
603,0.911245309585,-0.161785659796,0.340183751998,-0.197715550576
875,-0.842996973198,2.46167366212,-0.329338694831,-1.80221664292
876,-0.258762734556,1.53977684642,-0.154422228219,-0.815947368386
877,-0.505499299568,-1.19401346987,-1.11211706038,-0.31129044378
878,0.328057378216,0.66270480726,0.00540817772509,0.0636498254131
879,-1.87187161405,2.16106750325,0.20517286851,-0.345824836026
604,0.034335705629,0.888497687137,-0.00544691298736,0.10746705481
880,0.879096733954,0.389375359739,-0.0229610028622,-0.359739684044
881,0.919016158602,0.0580274104399,0.0760204495243,0.316944099771
882,0.96824705663,0.255952823124,0.00137794886666,-0.22570885588
883,0.437684482292,0.355850334652,0.0816440132701,0.552657095194
605,1.32515890603,-0.232223350178,0.0839073410864,0.206488289037
884,1.07275688465,-0.782216369508,-0.61406732086,-0.0811011991948
885,0.986844084476,-0.204724665962,0.392692077139,-0.537295645982
886,-0.299410582129,-0.271346412948,-0.798349040022,0.687127186937
887,-0.47186388962,-0.465489007223,-1.62870512081,-0.559874740909
606,-0.59537401889,0.0487276781733,-0.63265126332,0.968800140565
888,-0.33302452409,0.247682044138,-0.339576936607,0.915387433338
889,0.235803583582,0.675445945395,0.0208659778229,0.209501357552
890,0.374184804286,0.739948821465,-0.0294375711059,-0.199120769934
891,0.852204912002,0.123872683458,0.0688535910029,0.294022365329
607,1.01912898019,-0.139526406744,0.118829724321,0.575813586624
892,-0.47773812255,0.61931192484,0.518405871639,-0.0742782467311
893,0.835350257892,0.661071806403,-0.101784433363,-0.893736374714
894,0.832659806692,0.433846538922,-0.0275225368998,-0.372732579511
895,-1.44423222673,0.283571924692,0.80520269093,2.66600530284
896,-0.67247398308,0.0609008972291,-0.930206395913,0.415725468458
897,0.141051035244,0.0715073911499,0.42807391352,0.731775997627
608,1.18863998,-0.190871553851,0.0994860994065,0.37124306863
898,-0.279240573461,1.54597961587,-0.152085414471,-0.791234151447
899,0.66221607328,0.181420600013,0.0905340296649,0.523306100262
900,0.485258009767,0.143805390622,0.140309421886,0.943966692719
901,1.32629656375,-0.232567948481,0.0837775181004,0.205115332541
609,0.955420148039,-0.120228901792,0.126099811537,0.652699150434
902,0.818388911704,0.68141210533,-0.104779226805,-0.907784083179
903,1.44594179165,-0.455387515406,0.349177464048,-0.691037618234
904,1.91105263024,-0.409691476082,0.0170485032963,-0.500584306715
905,-0.0746702810538,1.28638010606,-0.111335577923,-0.589392550453
906,-0.805462728575,1.11246858578,0.100246727144,1.18999306113
907,0.146650088393,0.307180982377,0.159228118787,1.21453950505
908,0.850759868101,0.580390808237,-0.0788912640082,-0.739747486098
909,0.620640335582,0.270027359142,0.0706267889877,0.400895211068
610,-0.731131140135,-0.575797012313,-1.43455046117,0.405606677855
910,0.695054522641,-0.667809733003,-0.570966089508,0.374720357678
911,0.90398676867,-0.661490527656,-0.514055204066,0.188374662299
912,0.953146947614,0.214918627903,0.0178920623802,-0.103934253683
913,1.08480362657,-0.037797914915,0.0718927082638,0.220418619007
914,1.82572830147,-0.383846603377,0.0267852272464,-0.397612569469
915,0.128452852444,1.14884038794,-0.109863201258,-0.661941483777
916,1.07601186603,-0.156756321881,0.11233857502,0.507165761794
611,-0.898069033461,0.826171206095,-1.33713673925,-1.34206108148
612,1.08625078548,-0.159857706605,0.111170168146,0.494809153324
917,1.62208757014,-0.322163507189,0.0500235417404,-0.151853356577
918,0.663440321554,-0.187961234359,0.428611401953,0.184272339603
919,1.11241691297,-0.167783467568,0.108184239468,0.463231153903
613,-0.408828976117,1.76766431331,-0.196461429863,-1.0490488253
920,0.603678989394,0.290367658068,0.0676319955459,0.386847502603
921,1.36497692612,-0.244284290773,0.0793635365764,0.158434811656
922,0.665218140681,0.621389007196,-0.0527879790583,-0.481313521237
923,0.822110328543,0.391433950489,-0.0115277153303,-0.2564498033
924,-0.674568779077,0.461948037301,0.829780884158,-0.519465179622
925,1.66190559023,-0.334224447785,0.0454797372304,-0.199906833958
614,1.11582988612,-0.168817262476,0.10779477051,0.459112284413
926,1.03936803698,-0.70249772568,-0.5295041394,0.0249928392033
927,0.922638729945,-0.945560674394,-0.839195808321,-0.0973328851357
928,-0.750277950664,0.262022925638,0.938012546095,-0.0690302296165
929,-0.0911828028896,-0.506420607239,-1.17963522758,-0.0689855303313
615,0.764606325305,0.317635919312,0.0246162633607,0.0200503570127
930,0.303841262143,-0.538880130828,-0.943011399236,-0.0721760003471
931,-0.462406638394,1.09977244297,0.0315171789674,0.568880820172
932,0.493842731178,0.232421148816,0.109747831593,0.72650366176
933,0.901952350353,0.230425551525,0.0237340967502,-0.0421512113353
616,1.42754810055,-0.263237197423,0.0722232723464,0.0829222043427
934,-0.245763476976,-0.532319492341,0.249987623895,0.611035314215
935,0.317197341371,0.574778245671,0.0362294139901,0.283858769365
936,1.03960681909,-0.145729176194,0.116492910572,0.551100369685
937,-0.0908098157428,0.424716000803,0.171534708165,1.3975612451
938,0.387628600253,0.538241826516,0.0331225270899,0.233377522489
617,0.544730999759,0.840316918215,-0.0982025783383,-0.750111847066
939,0.817249138979,0.347298370543,0.00381799130918,-0.147031809573
940,0.690953329578,-0.944987913687,-0.893510234043,0.116471940175
941,1.37272185176,-0.397966381461,0.291467354703,-0.388845491734
942,0.706587896752,0.66966876584,-0.0772301594816,-0.66930817877
943,0.252351909012,0.761649515471,-0.0106043733721,-0.0175723688832
618,-0.0886586535002,0.298641625548,0.512463290085,0.0635824627932
944,-0.710830098941,1.11420957542,0.0795871428428,1.00675356009
945,1.42248304437,0.163972073493,-0.0652478372429,-0.877444665767
946,-2.48238413368,0.0741418780807,-0.0952448031467,-0.970708315047
947,0.980553194881,0.0545904264783,0.0640678700485,0.20816239304
619,1.54927747626,-0.300109215815,0.0583322128444,-0.0639841407941
948,0.0427123304053,0.779541630016,0.0281094707475,0.338977794234
949,1.24394256161,-0.773577982479,0.65917096209,-0.467436044038
620,0.718533371442,-0.401273261814,-0.662391214415,-0.274922822205
950,-2.84305835812,0.548894852113,-2.79740315573,-1.28049824117
951,0.403866366986,0.578931423435,0.0164785905904,0.110229963796
952,-0.331384457919,0.527241810261,-0.533914607819,0.0537148038211
953,0.288655551395,1.06990937849,-0.118283965821,-0.786244237971
954,0.122327739198,0.0723413684961,0.486415408267,0.471509235524
955,1.24997314966,0.27703631305,-0.0652832962982,-0.807323501938
956,-1.18000474186,-0.377985774959,-1.15752231657,-0.515406023722
745,0.00827415521008,1.07882393903,-0.0616368201054,-0.275286660237
957,-0.928637148184,1.60585872895,-0.0336070683645,0.303129554843
958,0.702344652068,0.214873632574,0.0711638104594,0.37132645514
959,0.732132906847,0.570715058564,-0.0505632587686,-0.49303384271
621,0.370114738482,0.119943742124,0.664223332502,-1.42832106563
960,-1.01757725922,2.27131141397,-0.23053138925,-1.03925436081
961,-0.543176106277,1.79315558864,-0.176200179283,-0.852397902789
962,1.4087265747,-0.0142932378044,-0.00451412561491,-0.446637473339
622,0.02875093661,0.905392003036,-0.00973993628919,0.0796897813793
963,-0.655518522961,0.520789747262,0.506154218432,0.926995652906
964,1.0270925842,-0.141938594864,0.117920963419,0.566202891148
965,-0.479469389139,1.4393997506,-0.075002871371,-0.169904149489
966,0.207328282673,-0.17682333084,-0.523302378835,0.407812944767
623,1.05688189649,0.38113199767,-0.0580398033737,-0.677847065256
967,-1.05687979649,2.0247706434,-0.14223088077,-0.405031845892
968,1.15192860438,0.443558284857,-0.0984679406027,-0.999654789957
969,0.165877225771,0.499682566137,0.256624173693,-0.140491736327
970,1.54245152996,-0.298041625999,0.0591111507604,-0.0557464018145
624,0.126977655144,0.562946685621,0.435593854588,-1.23889265472
971,1.55382810713,-0.301487609026,0.0578129209004,-0.0694759667805
972,-0.648288550276,0.422891687976,0.672958212247,0.400958143339
973,-0.648464906138,1.23214318655,0.0280974575123,0.620835406046
974,0.636875987307,-0.0237413770284,0.162450247617,1.03712696948
975,-0.350569290039,-0.612964814735,1.41008018709,-0.308900301781
553,0.54122077069,-0.388245143256,0.242802358592,-0.759393919568
554,0.573982681372,-0.71192247319,-0.944256440513,-0.191087311057
555,0.724584438595,0.80104171077,-0.123656748358,-1.00168102944
556,-0.219303569742,0.225302388736,-1.28640511384,-1.26376856919
671,-0.78821833665,1.28013302547,-0.784401010802,-1.01403567467
672,1.78529127899,-0.128355276007,-0.047485533981,-0.901086073715
673,-0.699965832078,1.87105280319,-0.168168883679,-0.732214018085
674,-0.776291361172,2.04619873163,-0.208762302949,-0.985273535454
675,0.0576807934438,-0.586689172016,-1.59852004096,-1.0641100565
557,-0.717759564808,1.10110584085,0.0853082189906,1.04963335498
676,0.170436323378,0.117543927089,0.215677671877,1.60003913309
677,-0.587339833114,1.50247923813,-0.0725539641646,-0.108757394139
678,-0.218016210888,1.16257032566,-0.0407441841232,-0.036710373326
558,0.653979078389,-0.633756942538,-0.676613783283,0.151389112574
694,0.884472348833,0.00768006197926,0.0996836920317,0.496701018324
695,0.341242972685,-0.560639660855,-0.530591140862,0.801709828123
696,0.953144832605,-0.119539705186,0.126359457509,0.655445063427
697,0.97052131456,0.088034459974,0.0553520004588,0.151234889682
698,0.952836388917,0.169404654746,0.0327184770757,-8.08594120036e-06
559,-1.21445447269,1.44530428545,-1.57406836311,-2.37220583008
699,-0.0988695367969,1.58256103035,-0.20225027565,-1.21601361339
700,1.09111303255,0.051507039885,0.0415907639428,0.00570150104177
701,0.588064899115,-0.692190931233,-0.850319409769,-0.0387312777747
702,1.8416555095,-0.388670979616,0.0249677054424,-0.416833960422
703,-0.350425035327,0.398316424004,0.563041533003,0.186282340118
704,0.535730085077,0.356557529389,0.0605949600104,0.365298724658
743,1.22246021032,-0.0794943095449,0.0561841269578,0.0542908829182
705,0.40593252828,0.21344124497,0.13457061621,0.93614747974
706,0.95190788534,0.534550234909,-0.0855033715304,-0.827298558382
707,0.751161471833,0.352113747716,0.016289862729,-0.0327582768556
560,-0.0102420994698,0.537136039083,0.117967855059,0.989675787115
708,1.3531799212,-0.159169552427,0.163537590988,-0.600156090957
709,1.06838079916,-0.676858175621,-0.853959224386,-0.759692954829
710,-1.1766418564,0.982542553335,-1.01871556497,-0.497819249596
711,0.68590407622,0.812758053062,-0.119242766834,-0.955000508559
561,-1.19970707099,2.14404665147,-0.150583875694,-0.405249606889
712,0.172717983837,1.12022972975,-0.10998415948,-0.680844731231
713,0.767124039412,0.00804750004073,-0.288822542627,-0.177151687642
714,-1.06112092616,1.90443384323,-0.102304305958,-0.123776529092
715,-0.357135619103,-1.95392344902,0.323777729978,-0.756315135964
716,0.193908292814,0.7292521309,0.148902938936,-0.567904569389
562,0.770550305601,-0.35587321725,-0.606206203357,-0.917319171733
717,0.991932944562,0.552831943084,-0.099931452504,-0.944636147591
718,-0.428628134287,-0.492882169479,-0.44725624968,-0.698905740651
719,1.04984573854,-0.148830560918,0.115324503698,0.538743761216
720,0.703587944359,0.564158691746,-0.0423755458868,-0.424067874381
563,0.1673685841,-0.0233127866265,0.225211178716,-0.215072519627
721,-1.00320390217,1.8716880054,-0.103983140012,-0.159155254505
722,-0.344824926909,1.37408370784,0.108814583825,-1.30515713229
723,-0.0395053538912,1.42775540083,-0.164651649822,-0.977001804489
724,0.728615356626,0.389348362542,0.00900204598536,-0.074583258751
725,0.435790444609,-0.183963125566,0.694200075762,-0.56889237052
564,-1.03310890537,1.98820104051,0.110443731039,-1.68934211457
726,0.12224908104,1.40916509062,-0.192970790297,-1.24124573883
727,-0.192906440315,0.52267062027,0.434627936399,-0.100641248921
728,0.454133518174,1.09579924652,-0.16181898995,-1.15853320955
729,1.45599060098,-0.104622988447,0.0147440001323,-0.331091366627
565,0.622816361467,0.923083504329,-0.141625509009,-1.08596728023
730,0.801840586274,0.595208535254,-0.0733088756102,-0.680710356744
731,0.0916347847447,1.26641140263,-0.140174010343,-0.859128310785
732,1.39000539589,-0.251865453433,0.0765074308844,0.128229768731
733,-2.47042166574,-0.672886951806,-3.72021691641,-1.89849169607
734,-1.78978390481,1.89986945294,0.709538911373,-2.25906828777
735,-0.217640904994,-0.154707887126,-0.0637265419732,-0.0826646225949
566,0.264354434343,-0.278624249917,-0.0558275007625,0.467801063225
736,1.10032098636,0.565609077482,-0.12709105087,-1.17899318251
737,-0.0714784938382,-1.1322117357,-0.996297779543,-0.161610742551
738,-0.813316468002,2.13342709755,-0.22918883557,-1.11317625063
739,0.278004055237,-0.187800639572,-0.948055820879,-0.59650375088
567,0.052747383239,1.24778509615,-0.125875752355,-0.743163678073
740,0.309219453222,0.324622526664,0.310276992927,-0.161516769153
741,-1.80416248067,0.257322613972,-1.5802076611,0.32312005542
742,-0.411547991108,-0.110425820556,0.686373016432,1.75100914448
679,-1.162400008,-2.95899334344,-3.66987854108,-0.0814305922676
568,0.115163875735,0.222366040722,-0.7365175716,-0.547756631014
680,-0.0998012128869,1.44601911088,-0.157771031564,-0.904235110169
681,-0.822469574266,0.816329036061,0.855531446398,-1.63155918485
682,0.662958765399,-0.182032591317,-0.308385583449,0.22792961269
683,0.374159940643,-0.0391816989778,0.52374330881,-0.0462370609429
684,-0.778275093247,0.260177705927,-0.972366555779,0.163720764088
685,0.921966312858,0.106764045847,-0.250390845016,-0.470805750753
686,1.09876502037,-0.163648287935,0.1097421153,0.479706631862
687,0.253283585102,0.898191434941,-0.0550836174586,-0.329350872107
569,1.8416555095,-0.388670979616,0.0249677054424,-0.416833960422
688,0.584756503034,-0.508756645395,-0.909105776607,-0.448944122754
689,0.46165395027,-0.415345425762,0.627156472249,0.642066661842
746,-0.784257080199,1.71415258666,-0.0993861469189,-0.216283522868
690,-0.769193250903,-0.207448004175,-0.925967506477,0.984406352884
691,-1.03695583513,-0.0199235340326,-0.929924249404,1.06592969469
692,1.12082995479,-0.448752229582,-0.215787957913,0.189880214937
693,-0.0664996379044,1.31431056671,-0.122128615289,-0.668287357757
231,0.267433349416,-0.262248265609,-0.405035261126,0.711730097171
461,-1.94451436138,-1.37390861154,0.32073392695,0.192641529133
462,-0.121865171186,-0.319447312192,0.774600859211,1.23599660163
232,-0.548504138841,-1.84092968136,1.06294624709,-0.706510984779
463,-0.995443205842,-1.80311036473,0.780972087363,-0.323288393958
464,0.852515470699,0.169386656614,0.0540271763074,0.190096197588
465,-0.961104914273,-1.2780014024,2.08321797303,0.594660307979
233,1.97362380466,-0.428644382732,0.00990823906633,-0.576096914028
466,0.0285929276682,-0.653741935482,-0.0848181828251,0.506957908146
467,0.491657247493,-0.747796692936,-0.915140632594,0.0463337803541
468,-0.750795479814,-0.927390998212,-0.237930975485,0.89799403538
469,0.260143749797,-1.16281508516,1.4587169152,-0.217514511521
470,-1.60634295794,-1.84821399509,1.26856543451,0.649557167579
234,1.23290934141,0.449434454135,-0.117569649072,-1.16641881304
471,-0.190771147341,-0.393247674961,1.19561961114,-0.52281511675
472,-2.18998899753,2.03353221983,0.0955402084142,1.72181214184
473,-2.04129421503,1.41054152821,0.083135583704,-0.839196953265
474,-4.39141042503,2.27489784704,-0.552069476514,0.00697689726024
475,0.373604780181,-0.609460735626,1.22784942313,-1.54192045485
235,1.41503386567,-0.259446616093,0.0736513251924,0.0980247258054
476,-0.405522695045,1.24977169438,-0.0292076678968,0.120543336786
477,-0.275208597925,1.30151543418,-0.0736603176918,-0.243826039309
478,-1.27696639118,1.84819232736,-0.038230655749,0.412848696077
236,0.445216549171,0.111361968295,0.405196259143,-0.228815956239
479,0.961420052824,0.0907912463959,0.0563905843468,0.162218541655
480,-4.25225243111,1.95918897956,0.447170060863,-0.624525246493
481,0.0478798486492,0.200274516941,0.214872139669,1.64439226698
237,0.183283691694,-1.05980403882,-0.812589132921,-0.654845476257
482,0.9797049346,-0.379811702631,0.478307945221,-0.273164253515
483,1.5951989207,-0.0859786838371,-0.0208629570871,-0.637160282868
484,-0.348677897233,-0.204792007846,0.867534640071,0.964616649679
485,-0.00278863706723,-2.05764398841,0.35817873177,-0.821392978273
486,-1.89562944803,-0.341562524713,1.89601439416,0.679786096912
238,1.48077923114,-0.836201867138,-0.579875457968,-0.50771428148
487,-0.261922589991,-0.856570872146,-0.54998975312,0.0279363760006
488,-1.09961150231,-1.39063572638,-0.937619588632,-0.215419085957
489,-1.91488515591,-0.466335396661,2.21374851844,-0.46966845098
490,0.457389542091,-0.777536733533,1.07333965219,-0.29058546084
491,-1.3150530118,-0.0412201095254,-2.10388144747,-1.04487059549
239,1.38708145231,-0.680110850849,0.598463844754,-0.950834109338
492,-2.43572089789,-0.764294183776,-0.753700647534,1.11766253841
493,1.29170143709,-1.23272329855,1.09843188147,-1.13159582501
494,-0.801234297891,1.51751349168,0.186534695581,-0.913039638136
240,-1.50352780783,0.0907671172019,1.37204683456,0.571490278802
495,-2.4178920459,-1.6415740879,-3.01339501324,-1.1909587043
496,-0.521702217255,0.334103109416,0.729508779482,0.0688791174122
497,-1.79311632564,1.11084900589,-0.722766725782,0.826480585443
498,0.620643508095,0.771714858775,-0.0920743037048,-0.738173764597
499,2.40934671024,-0.560625532676,-0.0398139645717,-1.10193925223
241,-0.870629829013,0.930080948864,0.309824536701,0.992946202248
500,-1.19930939187,1.6177057088,0.211253784543,-0.239424747429
501,-1.18498312163,0.752256739019,-1.35556683226,-0.854502008854
502,-3.26961450181,-1.6726663232,-0.583657233049,-0.633796830295
503,0.286920942801,-1.23622866682,1.61342964179,-0.836176393358
242,1.40698691225,-0.4073998813,-0.393289816293,-0.66998393609
504,0.694598428584,-0.921724212519,0.677796507049,-0.643355775325
505,-2.03749277804,1.29112556302,1.04151284916,-0.848408164902
180,-0.516058608656,-1.88265431107,-2.60629463956,-0.392218047086
257,-0.689704331249,-0.88477929168,1.67951793947,0.363063074552
258,-0.851446088798,-2.28326292901,-0.716258586758,-0.135034783612
181,-2.13709615954,2.04725682817,0.282975661509,-1.06106962019
259,0.821970835953,-0.726612827896,0.788180485041,-0.0684659267733
260,-1.10180572068,0.560608081408,0.806553182017,0.506722701959
261,1.04868533219,-0.593158149969,0.560167811473,-0.0663788904065
262,1.09080141635,-0.161236099816,0.110650876202,0.489317327338
263,0.187068064617,-0.094112712474,0.553968151768,0.579860256878
264,0.800512580356,-0.838963362953,-0.744506433953,0.115851759998
182,-0.247820268492,-0.523807796164,-0.830755691694,0.938755503148
265,0.59144621731,-0.535510448001,0.693201846989,0.375152878253
266,1.25234881215,-0.210169058803,0.0922160121905,0.29435750482
267,1.64825369763,-0.330089268152,0.0470376130624,-0.183431355999
183,1.21139313434,-0.197763519905,0.0968896396865,0.343783938698
268,1.06235997343,-0.152621142248,0.113896450852,0.523641239753
269,1.33621487263,-0.437699073374,0.284787010581,-0.0825466551202
270,1.49239459042,-0.282879300679,0.0648233621444,0.00466368403618
271,-1.26834555945,0.997503161493,-0.797441537024,0.0896214727665
541,-0.155877631102,0.734312074225,0.330810255986,-0.504395678041
272,1.00844741421,-0.702246133815,0.686044320192,-0.183234049241
273,1.43737399925,-0.159794713146,0.0365897208356,-0.170555839027
274,-0.251912177687,-2.04510071248,0.750254671805,-0.664837241211
275,-1.53081255125,1.39056889608,0.792398400715,-1.44643265542
276,0.965659067491,-0.123330286516,0.124931404663,0.640342541965
184,0.457421282864,0.229286580353,0.364360923428,-0.519681968516
277,0.822146438864,-0.547870973568,-0.740177006312,-0.362213995651
278,0.272825517899,0.0865300798441,0.203993603137,1.4764730484
279,-0.0639190512952,0.52298951054,0.133953811864,1.12348885428
280,0.0571592723251,-0.564170240957,-0.985753849677,0.228761371247
281,-0.385150490715,0.893939267455,0.0818650517154,0.889851492871
185,1.75178054987,-0.3614477137,0.0352237213364,-0.30837039719
282,0.389666193287,-0.332384166201,0.69749218878,0.149322570444
283,-4.26877652793,-0.10730146312,-4.34837560936,-1.56623426065
284,-0.95154930032,-1.13470259909,-0.0187967720374,1.16133528423
186,-0.72592597794,1.74209204638,-0.1208335339,-0.390230471936
285,1.16702448338,-0.184324186099,0.10195273614,0.397329242065
286,-0.0716683830526,-1.17559119687,-1.79337412367,-0.377311886356
187,-2.75837275785,-0.465680776662,-3.2096375221,-0.704230233232
287,1.49560263944,0.0202025887308,-0.0341492254783,-0.689550390736
288,0.829537290717,-0.405501753102,0.463890943561,0.363510349654
289,-0.718587721332,0.979735245769,0.124845324845,1.32676980229
290,-0.601698920967,-0.603821753295,-1.14296718593,0.895525351117
291,1.49011927498,-0.282190104073,0.0650830081164,0.00740959702939
292,0.112935492652,0.545433395545,0.0891205578751,0.73747031774
188,1.07828718146,-0.157445518486,0.112078929048,0.504419848801
293,-0.463858027321,0.552915568483,0.209174509341,1.81324892007
189,0.435206357744,0.995113548664,-0.125146854551,-0.894071514205
294,-1.18073028185,-0.507966809206,-0.200703268855,0.319473358203
295,1.38462766601,-0.204628488763,0.0623301311189,0.0311683834724
296,-0.242150564968,0.239406467004,0.728175557528,-0.39266418582
297,1.13455106492,0.0687549531527,0.0267732140111,-0.115754957657
298,-0.756536044218,2.26825502457,-0.284971544203,-1.52687167811
299,-0.484880908365,-0.395337707562,-0.603535716865,-0.0791890458162
190,1.18634191594,-0.634854544599,0.544459230166,-0.232506626496
300,-1.18205335625,0.853035463057,0.619485256111,0.582501707773
191,1.85075677124,-0.391427766037,0.0239291215544,-0.427817612395
301,-1.01189002814,2.10235925591,-0.176946806615,-0.666429484742
302,0.82546563757,-1.08238543212,-0.0603839332439,-0.323386947554
303,0.142396328405,-0.642005013999,-0.875284975892,0.467831424812
304,-0.854727486854,0.718990578247,0.730040437933,-0.467904800996
192,-0.100009309522,1.24844729556,-0.0936530575359,-0.455261339787
305,0.952526887725,0.291119848133,-0.00668880579301,-0.275771576755
306,0.160052619344,-0.687818247165,1.02542785318,0.5098012683
307,1.44968225251,-0.0266987767026,-0.00918775311092,-0.496063907217
308,0.79501146746,0.0955886254371,0.0901711549984,0.466596357901
309,0.679280939033,0.176251625472,0.0885866848749,0.502711752813
310,-0.440728884989,-0.257760361053,0.958895497082,0.965429382928
311,-1.58858562279,0.521574701346,-0.161787215426,2.67225284049
193,0.774430108991,0.0866200705006,0.0974501069782,0.525951630753
312,1.18843399838,-0.0539850360775,0.055136678306,0.0608375219026
194,1.01507478589,-0.542552092175,0.523574991987,0.0293216977313
313,0.867306078523,0.332136045223,-0.00189422007483,-0.207441895423
314,-0.0793755938546,0.281292350488,-0.714317840994,-0.312981070094
315,1.29920087518,-0.0267257738995,0.0227752957366,-0.210907481923
316,0.675556349682,-0.0354577193211,0.158036266093,0.990446448599
195,0.2899957115,-0.336301456387,-0.282483984879,1.06095481396
317,1.14427132904,-0.177432220044,0.10454919586,0.424788371998
318,0.735852208677,-0.0537214293656,0.151155647835,0.917679754279
319,-0.767884681545,-1.4237728107,-1.00920592632,0.854395773199
320,0.170113134368,-0.756819242267,-0.843935582919,0.676001903793
321,1.29330448996,-0.222574597702,0.0875423846945,0.244931070942
196,0.0839973728487,-0.257065450375,-0.781069624365,0.152150923922
322,1.63005117416,-0.324575695309,0.0491147808384,-0.161464052053
323,-1.56731212115,0.802846791781,0.799524544284,0.985578535152
324,1.5112155864,-0.329005580538,0.103103880448,-0.0731884696458
325,0.127205330136,0.130638662593,0.220610945345,1.65221147996
326,1.27055239312,-0.0484534651026,0.0359051468503,-0.107299457681
327,0.612985175252,-0.0165048126711,0.165176530323,1.06595905591
328,1.79159856996,-0.373508654296,0.0306799168264,-0.356423874571
197,0.93213676556,-1.01804275386,-0.921032707075,-0.174594837105
329,1.37521584558,-0.247385675498,0.0781951297024,0.146078203187
330,0.405931470776,0.0462120784251,0.188804313775,1.31583713829
331,0.0136476550809,0.362670308181,0.169475269917,1.34053335924
332,-0.701339622586,0.393007566101,0.611960885944,1.01008539345
198,1.0597751568,-0.030216752255,0.0747488139558,0.250623661933
333,-0.225220875909,0.764710746495,-0.323491576832,-0.0150764305255
334,1.31264572865,-0.0612036023034,0.0311016963683,-0.158098848055
199,1.51245253143,-0.410230994569,0.183819252606,-0.184958169118
335,0.880439315793,0.0849150771182,0.0754922928165,0.328982564741
336,-0.313595705985,1.22833515904,-0.145102512802,-0.228781762507
337,-0.549509320628,1.66481380601,0.22190149051,-2.45900005567
200,0.408795103091,-0.464637126233,0.790956807858,0.119511734767
338,0.591248170318,-0.00370197024062,0.438820879478,-0.391155125714
339,1.8211776706,-0.382468210167,0.0273045191904,-0.392120743483
340,0.323598080653,-1.51694994313,-1.86992945535,-0.574958488033
341,1.44575168153,-0.101521603722,0.0159124070063,-0.318734758158
342,1.82914127462,-0.384880398286,0.0263957582884,-0.401731438959
201,1.48215567096,-0.279777915954,0.0659917690184,0.0170202925056
343,0.108596115967,-1.41995409052,0.425807226923,-0.185710156047
344,-1.60860692591,0.26460254327,1.36530222255,0.228958668781
345,0.154699753099,0.138549237948,0.4580696735,0.25985617405
346,-1.20870058314,2.83089142846,-0.371422220294,-1.94766664505
347,1.01592516117,0.226308370024,0.000867521686485,-0.248730972823
348,0.413844285566,-0.628428377889,-0.14751650181,-0.427317951911
202,-0.533768515862,1.1669961092,0.0248696123899,0.551450911717
349,0.687937130307,-1.01367941183,-0.973919079952,0.0543125096688
350,0.419585478387,0.376535231881,0.0787790428143,0.539982343226
203,1.41844683882,-0.260480411001,0.0732618562344,0.0939058563156
351,-1.07146336518,1.89236390356,-0.0961937608519,-0.0767778647089
352,-0.0654665572573,1.13156547748,-0.063082602479,-0.255328599785
353,-0.557035038011,1.7669481195,-0.164758026988,-0.766638313002
354,-0.443303119867,-0.181657883807,0.770853255184,1.6790551834
355,-0.640736381876,1.06429938171,0.490660031922,-1.21656513551
204,0.813212933426,-0.077154113951,0.142327684787,0.82431871251
356,-1.39375539377,1.53528757594,0.415862861576,-0.418522789356
357,-1.08811203766,2.29267650874,-0.222482364118,-0.954131058025
358,-1.88305589521,0.551151192586,0.595474602743,0.154524687168
205,0.192845588637,-0.333232286728,0.821515716641,0.0833671844863
359,0.25221453146,-0.114406042719,-0.553076166448,0.181057361831
206,0.929151558489,0.0397547013298,0.0797941808822,0.339229547215
207,1.33053769342,-0.112231148304,0.0438509432878,-0.0761399842594
360,0.353599215799,0.0620636003505,0.194776171131,1.37899313714
361,0.334931584555,-1.97332138757,-1.82171254233,-0.595617579806
362,-0.0218278307784,0.17578104025,0.237617756511,1.83206878102
208,-0.146112569076,-1.04425141594,1.64312364653,-0.451648191806
363,-0.0852165866898,1.74565501726,-0.258041849046,-1.61217874991
364,-0.0796345461315,-0.140282070058,-0.887522850347,-0.0268271872907
365,0.677922554368,-0.84982478774,-0.921605187602,-0.0749049173479
366,1.51245940856,-0.182538201126,0.0280214037596,-0.261170967803
209,1.64825369763,-0.330089268152,0.0470376130624,-0.183431355999
367,-0.930192056676,1.04383053008,0.148992400241,1.58213971066
368,0.658699580563,0.167283070535,0.0958656368547,0.562067025666
369,-1.63223373404,-0.739220460468,2.2968627577,-0.679436970214
370,-0.99729399853,0.161675481832,-0.687260794069,1.24998021671
210,-0.0468563005502,0.18336220291,0.240473862203,1.86227382394
371,0.112417894824,0.469576773617,0.113831249034,0.910680597309
372,-1.58975079347,0.664410065111,-1.03447350913,0.559475520458
373,1.95428362348,-0.422786211586,0.0121152298283,-0.552756653586
374,0.0987660022215,0.47371195325,0.115389124866,0.927156075269
211,0.582271589408,0.494486841136,0.00598065825205,-0.036040094344
375,1.78591028138,-0.371785662782,0.0313290317564,-0.349559092088
376,1.29433968561,-0.0708613538454,0.0381210023761,-0.101489488196
377,-0.385495608933,-2.0462493309,-0.925330740143,-0.597484702933
378,-0.659934217417,-1.31629010858,-0.14652907954,0.132703526333
379,-0.067917031519,-0.506309564923,-0.564653180768,1.2296958669
212,0.139293759455,-0.646437536038,-0.523999705843,-0.61469637671
380,-0.089613605859,-0.652619327581,1.09434659618,0.755966847817
381,0.82460121626,-0.407898506146,-0.16018791894,-0.153181639866
382,-2.18872526042,-2.02167183184,-2.82598284287,1.74936199815
213,0.916175103194,-1.03812504292,1.0604282717,-0.568123438159
383,-0.990328115617,0.00276651150829,-1.05051045133,0.702238743429
384,-0.562309248333,1.82935640856,-0.183877464985,-0.898341754174
385,0.0135441355153,0.347498983796,0.174417408149,1.37517541516
386,-0.829861483593,0.414263536156,-1.52801540423,-1.20756870031
214,-0.297373433147,0.22538286612,0.662495738964,0.18456692137
387,1.88716181818,-0.402454911725,0.0197747860023,-0.471752220286
388,0.876819303512,0.0556062232552,0.0857660382382,0.402385546059
389,-0.392754370787,-2.05624171301,-0.0820458108003,-0.393415657474
390,0.990687537263,-0.130911449176,0.122075298971,0.610137499039
391,0.435689042287,-0.437540642927,0.721822275745,0.300883689566
215,0.642980469162,0.369679262089,0.0335651846309,0.132314646236
392,1.4104832348,-0.258068222882,0.0741706171364,0.103516551792
393,-0.577828723133,0.891491083074,0.123573689277,1.26044936445
394,0.61595550188,-0.583359719374,0.730833250362,0.290435942088
395,0.37521471242,0.0555162325987,0.192309534397,1.3529069637
216,1.27737728192,-0.217750221463,0.0893599064985,0.264152461895
396,0.412757417078,0.0441444886087,0.188025375859,1.30759939932
397,0.00939594142306,0.861499946816,0.22714899285,-0.959368023537
398,1.61867459699,-0.321129712281,0.0504130106984,-0.147734487087
399,0.883852288944,0.08388128221,0.0751028238585,0.324863695252
400,0.467263582932,0.346890778781,0.0782686156341,0.516960226282
217,0.823451852879,-0.0802554986755,0.141159277913,0.81196210404
401,-0.926671333942,1.72688472573,-0.0732739972052,0.0246201510358
402,-0.255465447858,1.03259762702,0.145949320842,-0.405276411785
403,0.309337256918,0.592361758176,0.0321960366603,0.258827408928
218,0.633878149923,0.205206881967,0.0888374660831,0.522987956764
404,0.869376469834,0.635562532936,-0.100736984712,-0.900283013699
405,1.1681621411,-0.184668784402,0.101822913154,0.395956285569
406,0.963384809562,0.0445880766336,0.0709573530703,0.263398796403
219,1.26372538932,-0.213615041831,0.0909177823305,0.280627939854
407,0.560652920275,-0.000653290745709,0.171148387679,1.12911505476
408,-0.342185037323,-1.18675824393,-0.371228283768,0.635830637739
409,1.55207356204,0.276745709141,-0.129339216979,-1.37900930902
410,0.21459899271,0.240991111056,0.166265154322,1.236088283
411,-2.09223190634,0.399607237365,-0.830004190184,0.489625508816
412,1.51173582911,-0.121508305281,0.00838267381824,-0.398366234961
413,1.2557617853,-0.211202853712,0.0918265432325,0.29023863533
220,-0.17325728557,0.0250504094318,0.564518805728,1.13888347137
414,0.421342138489,0.132760246803,0.157463785566,1.09013636836
415,0.203428397168,0.10755057631,0.211912805283,1.56022339469
416,-0.00127557043834,-0.117568539306,0.738159560943,0.255329208813
542,0.547001027672,0.00348188888701,0.172706263511,1.14559053272
417,0.673592650449,0.177974616986,0.0892357998049,0.509576535296
418,1.13186242201,-0.591304200405,-0.378552994519,0.0449670064746
419,-0.736611773932,0.510455653131,0.663315852228,0.369480526419
420,-0.327438390841,1.16530911395,-0.0183969010035,0.164377562176
221,-0.539802278664,0.187558840101,0.780877506591,0.435894023999
421,-0.436444377524,1.56319153287,-0.124285565939,-0.532482043088
422,-0.018495647964,-1.00851514668,-1.13556412726,0.709456550568
423,1.44751045664,-0.0108382557115,-0.0138702453708,-0.527960050137
424,-0.594996050948,1.04871789977,0.0762294747344,0.935996109261
222,0.931014910669,0.312838540271,-0.00916430729084,-0.284327459233
425,-0.420032985593,-0.59401572703,-1.49470282751,-0.142420725288
426,0.277971872647,-0.400133207736,0.68854548206,0.808600764556
427,-0.396040680959,-0.236399121235,0.805888198837,1.56687911731
428,-1.00730676619,-0.107303780157,-1.11453500671,0.760480958623
429,-1.51883111847,-1.3359899847,-1.25825487085,0.2240064981
430,-0.497049907112,-1.19876927381,-1.69552876758,0.481221446016
223,0.364153981469,0.940622021505,-0.0923871382598,-0.635737931847
431,-0.0429236145632,0.592643363019,0.106906306957,0.925565357775
432,1.90308902622,-0.407279287963,0.0179572641983,-0.490973611239
433,0.751679069661,0.427970369644,-0.00842082843014,-0.205968556424
434,-0.202107536403,-1.37650187887,-0.48550916589,-0.751790389047
508,-0.0624718923859,0.40092971885,0.173231271747,1.3978793886
435,-1.06788726056,0.423875343441,0.898330102277,0.459063431826
224,0.902266081563,0.777627024315,-0.153793410638,-1.28514635474
436,-0.372222177567,0.950833983668,0.060668445942,0.736180747753
437,0.90039955687,0.00285568574109,0.0978661702277,0.477479627371
438,-0.554488311653,0.780074468486,0.646475610296,-1.17541291874
225,-0.297445211939,1.21703485562,-0.0415408515668,-0.00988753039115
439,0.673777470815,-0.439172601357,0.562521887787,0.441208646713
440,1.00702988107,0.0921786386724,0.046255526675,0.0726582258768
441,0.108669497099,0.21883060099,0.551080555724,-0.422903977751
442,1.56065405343,-0.303555198842,0.0570339829844,-0.0777137057602
226,-0.640398840059,1.07767315627,0.0764802559426,0.956272313211
443,-0.283099363411,-0.0933597267186,0.708198793058,1.17506277066
444,0.408002919592,0.516867732682,0.0357278515738,0.243306361464
445,-0.0520215664596,-1.03755984188,-1.22235202901,0.615082833642
446,-0.0209236654442,-0.025583687987,0.685182450931,0.23062815125
447,-1.18616610048,0.954135981645,0.232436269656,2.27074458095
227,-1.14903112906,1.88545393938,-0.0774815213402,0.0858672888879
448,0.254934610629,0.304786792389,0.137010658653,1.01482452605
449,-0.397409956333,-1.4106013148,-0.557677235385,-1.19279676639
228,0.956214446547,-0.767275427617,0.772861372693,-0.230474793373
450,1.12327800732,0.0873722605655,0.0231293056393,-0.136667448605
451,-1.77634215293,-0.32271770308,-0.188940351162,1.32113662847
452,-0.362739635846,-0.165289985642,0.803073735454,1.19541503836
453,-0.924577831384,-0.925237176462,1.71519534784,1.04682456523
454,1.5185607179,-0.290805061641,0.0618374334664,-0.0269143153858
229,-0.149886716221,-0.189683430183,0.656513729651,1.43522915026
455,1.14427132904,-0.177432220044,0.10454919586,0.424788371998
456,0.954802203158,0.290430651528,-0.00694845176501,-0.278517489748
457,0.173438084053,-0.209779884893,-0.298765046712,0.994516997631
458,0.862537829011,-0.223390823653,0.288551410214,0.475203985377
516,-0.279794144313,0.367247539938,0.667391338827,-0.464682051265
243,-1.76559152172,0.230266683083,1.21854637171,1.63279221642
517,-0.303191164679,-0.161560627675,1.14435411273,-0.835866193969
518,-0.625505770173,1.08836470272,0.0698504188928,0.903781822841
519,0.188953635562,0.82646099358,-0.0181607008516,-0.0446129728146
244,-2.5999541223,1.5656928722,-0.905598568815,0.874701725017
520,0.157805869935,0.390871289756,0.348262406203,-0.171993672
521,1.452653109,-0.796371363165,0.594925846587,-0.664175189677
245,0.883937292128,-0.249567440644,0.429086837038,-0.240519281719
522,-0.374293270413,-1.38638289544,-0.315097064668,-0.326228172316
523,-4.56346359727,-3.01358222747,-6.02976121446,-0.229048053674
524,0.372857924458,-1.36314987344,1.7456147552,-1.29850984021
525,-0.930055088899,-2.01263727819,1.15096307176,-0.111467098165
246,-4.51634052865,1.05395972347,1.07594640111,-0.349660510588
526,-2.23675764922,2.69795777741,0.272446842193,-1.75505466376
527,-1.32414935474,-0.482178872923,0.0826771204314,0.686463056865
247,-1.37977072147,1.65129171051,0.0474556634825,1.05467266298
248,0.415032732511,0.0434552920033,0.187765729887,1.30485348632
249,1.87278740363,-0.170060669702,-0.0525397656712,-0.97216166804
250,-1.9652717004,-0.642489411978,2.55475641628,-1.44348494981
528,0.828004598755,0.252824441202,0.0321725908402,0.0470909609441
529,1.04423398864,-0.672660572486,0.641532298561,-0.171283807396
530,-0.627650756882,-0.406724294194,1.56594090952,-1.13375257447
251,-1.77664803977,-0.586272868674,-2.55238389922,-0.49967867447
531,-1.42221854493,-1.10410249414,-2.45971058456,0.00454849526824
532,0.374194838994,-1.28916319258,-1.01866266714,0.0149930732874
533,-0.317436138489,0.939897512826,-0.774029752978,-1.13346589389
534,-2.12408564032,0.922750239142,-0.0510693412662,-0.246337867224
252,0.00970808749364,0.871425406758,0.196545760248,-0.83557201847
509,-2.1463482807,-2.88539087342,-1.17948836287,-1.4283635336
510,-0.0435574287127,0.213458996364,0.393921136477,0.906153632072
511,-0.308229254941,-1.85965222352,1.0393686288,-0.454612322624
253,-1.73454403671,0.611679786297,-0.637437359429,-0.144953340002
512,-3.66668499755,-1.18828453043,-0.352395096571,0.501736039534
513,0.946517988565,0.0908130994779,0.196138208491,-0.544212173463
514,1.3203869519,-0.513755512864,0.367449727529,-0.173722007144
254,1.07661446704,-0.414348422807,0.441611897041,-0.231427494746
515,0.111817698378,-0.356708354257,-0.754662369624,0.325679346989
539,1.08583882223,0.113915328941,0.0224713259455,-0.12600194013
540,-0.689833160652,-0.0162626773395,-0.798169176924,0.847645718545
256,0.791597436805,-0.0706067461992,0.144794321521,0.850404885945
