,GEO.id,QWE12,HC02_EST_VC23,QQQQ23
0,1400000US11001000100,53654,100.0,100.0
1,1400000US11001000201,34875,100.0,100.0
2,1400000US11001000202,65938,100.0,98.8
3,1400000US11001000300,57083,82.9,100.0
4,1400000US11001000400,98654,100.0,100.0
5,1400000US11001000501,43281,100.0,100.0
6,1400000US11001000502,61484,100.0,100.0
7,1400000US11001000600,53182,100.0,100.0
8,1400000US11001000701,64306,92.1,100.0
9,1400000US11001000702,42692,100.0,100.0
10,1400000US11001000801,58068,100.0,97.8
11,1400000US11001000802,56316,100.0,94.9
12,1400000US11001000901,46719,100.0,100.0
13,1400000US11001000902,62778,100.0,100.0
14,1400000US11001001001,57413,96.9,100.0
15,1400000US11001001002,59375,100.0,98.2
16,1400000US11001001100,56750,100.0,100.0
17,1400000US11001001200,50833,94.8,100.0
18,1400000US11001001301,47402,100.0,98.1
19,1400000US11001001302,53235,100.0,100.0
20,1400000US11001001401,40125,100.0,100.0
21,1400000US11001001402,50625,92.2,100.0
22,1400000US11001001500,53365,98.5,96.1
23,1400000US11001001600,39848,100.0,100.0
24,1400000US11001001701,55769,100.0,98.9
25,1400000US11001001702,53466,100.0,100.0
26,1400000US11001001801,-,100.0,100.0
27,1400000US11001001803,98563,77.5,81.6
28,1400000US11001001804,65188,94.2,71.3
29,1400000US11001001901,38799,83.2,86.8
30,1400000US11001001902,41925,88.5,89.9
31,1400000US11001002001,50069,84.8,59.1
32,1400000US11001002002,33594,78.8,94.8
33,1400000US11001002101,42672,71.5,73.1
34,1400000US11001002102,36000,77.6,81.6
35,1400000US11001002201,72143,68.2,74.5
36,1400000US11001002202,46016,73.4,81.0
37,1400000US11001002301,61944,84.6,84.6
38,1400000US11001002302,34250,97.5,99.5
39,1400000US11001002400,44803,73.0,96.6
40,1400000US11001002501,42250,89.4,60.8
41,1400000US11001002502,42446,48.8,80.9
42,1400000US11001002600,55781,97.5,100.0
43,1400000US11001002701,39118,92.0,78.1
44,1400000US11001002702,50417,75.0,96.1
45,1400000US11001002801,39667,74.4,69.9
46,1400000US11001002802,42768,49.7,56.3
47,1400000US11001002900,32330,75.6,74.1
48,1400000US11001003000,39821,96.7,84.6
49,1400000US11001003100,27250,74.6,93.6
50,1400000US11001003200,49725,67.0,84.6
51,1400000US11001003301,39479,92.0,99.3
52,1400000US11001003302,51458,100.0,90.7
53,1400000US11001003400,34708,78.0,91.7
54,1400000US11001003500,98125,84.2,97.8
55,1400000US11001003600,41341,63.0,84.9
56,1400000US11001003700,41000,74.4,86.5
57,1400000US11001003800,41759,92.3,88.2
58,1400000US11001003900,63429,78.6,100.0
59,1400000US11001004001,63081,100.0,100.0
60,1400000US11001004002,58988,91.4,100.0
61,1400000US11001004100,58182,100.0,100.0
62,1400000US11001004201,44083,96.6,100.0
63,1400000US11001004202,46008,93.4,100.0
64,1400000US11001004300,51968,87.0,100.0
65,1400000US11001004400,63781,74.7,95.0
66,1400000US11001004600,49722,80.6,88.3
67,1400000US11001004700,65096,70.7,97.8
68,1400000US11001004801,38625,87.6,100.0
69,1400000US11001004802,44438,85.5,98.3
70,1400000US11001004901,14886,91.8,89.5
71,1400000US11001004902,42356,74.1,90.6
72,1400000US11001005000,52443,84.5,85.7
73,1400000US11001005100,48000,100.0,100.0
74,1400000US11001005201,46923,90.1,100.0
75,1400000US11001005202,57794,56.8,100.0
76,1400000US11001005301,46250,70.8,100.0
77,1400000US11001005302,-,100.0,100.0
78,1400000US11001005401,50000,100.0,100.0
79,1400000US11001005402,-,-,-
80,1400000US11001005500,60349,100.0,96.8
81,1400000US11001005600,56759,100.0,100.0
82,1400000US11001005701,58281,86.7,100.0
83,1400000US11001005702,-,-,-
84,1400000US11001005800,65375,83.5,96.8
85,1400000US11001005900,43482,79.7,99.6
86,1400000US11001006001,47174,95.9,98.2
87,1400000US11001006002,-,-,15.3
88,1400000US11001006100,34183,100.0,100.0
89,1400000US11001006201,45904,100.0,100.0
90,1400000US11001006202,-,-,-
91,1400000US11001006301,59320,100.0,92.0
92,1400000US11001006302,-,-,100.0
93,1400000US11001006400,-,81.5,89.6
94,1400000US11001006500,41968,100.0,100.0
95,1400000US11001006600,40893,100.0,100.0
96,1400000US11001006700,60446,85.1,96.3
97,1400000US11001006801,45806,96.3,100.0
98,1400000US11001006802,39236,90.9,94.6
99,1400000US11001006804,-,44.9,60.5
100,1400000US11001006900,65469,77.1,98.2
101,1400000US11001007000,74805,100.0,100.0
102,1400000US11001007100,54868,81.6,91.3
103,1400000US11001007200,48462,100.0,100.0
104,1400000US11001007301,38214,100.0,93.3
105,1400000US11001007302,34583,84.4,94.5
106,1400000US11001007304,43684,84.5,82.2
107,1400000US11001007308,-,-,-
108,1400000US11001007401,37969,51.8,68.5
109,1400000US11001007403,-,76.8,86.2
110,1400000US11001007404,71250,79.3,87.4
111,1400000US11001007406,43938,49.8,79.4
112,1400000US11001007407,-,88.4,97.1
113,1400000US11001007408,-,85.4,76.1
114,1400000US11001007409,39318,77.0,97.3
115,1400000US11001007502,36413,80.1,83.5
116,1400000US11001007503,61250,63.9,75.7
117,1400000US11001007504,73403,78.4,89.2
118,1400000US11001007601,40862,82.7,90.7
119,1400000US11001007603,43906,87.1,92.0
120,1400000US11001007604,58302,82.6,100.0
121,1400000US11001007605,70163,94.3,100.0
122,1400000US11001007703,62910,73.1,87.9
123,1400000US11001007707,50086,60.0,96.3
124,1400000US11001007708,22460,96.4,77.3
125,1400000US11001007709,73958,61.9,100.0
126,1400000US11001007803,67933,81.1,74.1
127,1400000US11001007804,26023,60.1,90.8
128,1400000US11001007806,45329,81.1,100.0
129,1400000US11001007807,62727,70.3,82.8
130,1400000US11001007808,42042,73.8,66.2
131,1400000US11001007809,49844,85.5,86.5
132,1400000US11001007901,59554,76.3,82.5
133,1400000US11001007903,61354,84.0,95.5
134,1400000US11001008001,62656,80.4,98.6
135,1400000US11001008002,65417,92.4,96.7
136,1400000US11001008100,60665,90.3,96.7
137,1400000US11001008200,59350,100.0,96.6
138,1400000US11001008301,88839,91.8,100.0
139,1400000US11001008302,47574,100.0,100.0
140,1400000US11001008402,48500,88.9,100.0
141,1400000US11001008410,72578,81.8,91.2
142,1400000US11001008500,65278,92.9,88.9
143,1400000US11001008600,-,-,-
144,1400000US11001008701,21544,84.8,88.6
145,1400000US11001008702,-,96.5,74.7
146,1400000US11001008802,40341,84.0,100.0
147,1400000US11001008803,82750,97.5,88.3
148,1400000US11001008804,68182,54.2,100.0
149,1400000US11001008903,45761,57.0,81.5
150,1400000US11001008904,29010,59.4,88.8
151,1400000US11001008905,-,-,-
152,1400000US11001009000,60515,91.4,100.0
153,1400000US11001009101,47407,92.3,100.0
154,1400000US11001009102,27321,69.4,78.6
155,1400000US11001009201,102917,70.7,94.9
156,1400000US11001009203,53041,70.0,85.6
157,1400000US11001009204,43000,74.8,87.0
158,1400000US11001009301,66111,89.2,100.0
159,1400000US11001009302,83164,59.6,85.2
160,1400000US11001009400,40556,93.3,86.0
161,1400000US11001009501,43167,84.3,85.2
162,1400000US11001009503,37730,96.0,93.3
163,1400000US11001009504,55240,92.2,78.6
164,1400000US11001009505,70559,85.1,100.0
165,1400000US11001009507,38056,84.3,100.0
166,1400000US11001009508,54432,96.4,75.4
167,1400000US11001009509,71923,90.6,100.0
168,1400000US11001009601,14911,71.4,91.3
169,1400000US11001009602,41607,86.0,84.2
170,1400000US11001009603,44028,62.9,100.0
171,1400000US11001009604,44957,77.5,91.4
172,1400000US11001009700,80074,56.1,78.5
173,1400000US11001009801,75385,65.9,45.8
174,1400000US11001009802,-,82.9,91.5
175,1400000US11001009803,-,76.4,85.9
176,1400000US11001009804,-,85.3,91.4
177,1400000US11001009806,57969,80.2,100.0
178,1400000US11001009807,38203,75.4,61.8
179,1400000US11001009808,36250,92.1,93.6
180,1400000US11001009809,-,77.2,93.8
181,1400000US11001009901,56111,97.6,100.0
182,1400000US11001009902,44565,90.4,94.1
183,1400000US11001009903,61250,78.1,76.7
184,1400000US11001009904,62417,81.9,95.1
185,1400000US11001009905,53566,64.6,100.0
186,1400000US11001009906,57857,72.4,100.0
187,1400000US11001009907,-,69.3,83.3
188,1400000US24031700101,59798,97.2,95.0
189,1400000US24031700102,52917,98.9,95.3
190,1400000US24031700103,57727,97.8,100.0
191,1400000US24031700202,51364,85.0,92.4
192,1400000US24031700204,55074,98.0,100.0
193,1400000US24031700205,58750,97.3,100.0
194,1400000US24031700206,51221,95.6,89.3
195,1400000US24031700302,48971,88.5,92.0
196,1400000US24031700304,47331,97.4,97.5
197,1400000US24031700306,62266,93.4,81.1
198,1400000US24031700308,32083,95.0,97.9
199,1400000US24031700309,44861,92.9,94.0
200,1400000US24031700310,44631,94.6,99.0
201,1400000US24031700400,27569,100.0,100.0
202,1400000US24031700500,47768,91.8,96.6
203,1400000US24031700604,51940,100.0,100.0
204,1400000US24031700605,48786,98.6,100.0
205,1400000US24031700606,47661,98.5,100.0
206,1400000US24031700607,50538,96.6,86.2
207,1400000US24031700608,55069,99.0,100.0
208,1400000US24031700609,55603,97.7,98.3
209,1400000US24031700610,47935,96.7,100.0
210,1400000US24031700704,57625,97.1,72.9
211,1400000US24031700705,51615,94.6,94.6
212,1400000US24031700706,53454,100.0,98.5
213,1400000US24031700708,54375,74.4,90.3
214,1400000US24031700710,44429,86.8,84.3
215,1400000US24031700711,37926,93.8,79.8
216,1400000US24031700712,51667,95.3,82.8
217,1400000US24031700713,37115,81.0,84.6
218,1400000US24031700714,42083,85.6,94.7
219,1400000US24031700715,47857,81.8,86.9
220,1400000US24031700716,60266,96.3,94.2
221,1400000US24031700805,38000,95.6,89.8
222,1400000US24031700806,48257,96.0,100.0
223,1400000US24031700808,43550,89.9,96.1
224,1400000US24031700809,57156,97.4,95.4
225,1400000US24031700810,50224,95.2,95.9
226,1400000US24031700811,47639,85.0,81.4
227,1400000US24031700812,35954,100.0,90.0
228,1400000US24031700813,47098,100.0,87.6
229,1400000US24031700815,57206,85.4,74.9
230,1400000US24031700816,49954,83.6,87.1
231,1400000US24031700817,49958,100.0,89.5
232,1400000US24031700818,47903,94.8,88.7
233,1400000US24031700819,54943,98.2,95.6
234,1400000US24031700901,51111,97.4,96.3
235,1400000US24031700902,43056,86.6,90.1
236,1400000US24031700903,39792,92.8,93.6
237,1400000US24031700904,27159,82.8,100.0
238,1400000US24031700905,36250,100.0,95.7
239,1400000US24031701001,45500,96.8,95.2
240,1400000US24031701002,40455,100.0,100.0
241,1400000US24031701003,49167,99.1,98.7
242,1400000US24031701004,48077,83.8,94.2
243,1400000US24031701005,60625,97.9,100.0
244,1400000US24031701101,53750,94.6,89.1
245,1400000US24031701102,47614,81.0,81.5
246,1400000US24031701201,42610,93.7,90.1
247,1400000US24031701202,48421,100.0,100.0
248,1400000US24031701204,49671,91.8,83.4
249,1400000US24031701205,35375,98.0,97.8
250,1400000US24031701206,42500,97.6,100.0
251,1400000US24031701209,36250,100.0,97.9
252,1400000US24031701210,53750,97.9,93.8
253,1400000US24031701211,57714,100.0,97.1
254,1400000US24031701212,72679,96.0,100.0
255,1400000US24031701213,80287,100.0,97.7
256,1400000US24031701214,51830,100.0,100.0
257,1400000US24031701215,59250,92.4,100.0
258,1400000US24031701303,39036,97.7,100.0
259,1400000US24031701304,42879,93.4,96.8
260,1400000US24031701306,39688,91.5,100.0
261,1400000US24031701307,37400,97.4,100.0
262,1400000US24031701308,41328,100.0,100.0
263,1400000US24031701309,48409,96.9,100.0
264,1400000US24031701310,46838,95.3,96.7
265,1400000US24031701312,55078,99.2,100.0
266,1400000US24031701313,38125,97.4,92.2
267,1400000US24031701407,54219,95.6,95.0
268,1400000US24031701408,63750,99.1,92.7
269,1400000US24031701409,49545,97.4,92.8
270,1400000US24031701410,64432,97.8,90.2
271,1400000US24031701412,44650,94.0,90.8
272,1400000US24031701414,61755,93.5,100.0
273,1400000US24031701415,47361,95.5,91.1
274,1400000US24031701416,56316,93.4,96.0
275,1400000US24031701417,55446,97.7,100.0
276,1400000US24031701503,48250,95.6,89.9
277,1400000US24031701504,33375,74.4,84.1
278,1400000US24031701505,38472,96.8,93.4
279,1400000US24031701506,52946,98.3,100.0
280,1400000US24031701507,50417,97.5,100.0
281,1400000US24031701600,43309,63.1,69.2
282,1400000US24031701701,47019,98.1,94.4
283,1400000US24031701702,56157,88.5,96.6
284,1400000US24031701703,60685,86.9,85.4
285,1400000US24031701704,36711,99.4,86.6
286,1400000US24031701800,54375,97.8,93.6
287,1400000US24031701900,39205,65.0,39.9
288,1400000US24031702000,27500,70.0,40.9
289,1400000US24031702101,53102,85.9,67.5
290,1400000US24031702102,60347,98.3,97.4
291,1400000US24031702200,46625,90.6,90.2
292,1400000US24031702301,44783,67.3,73.2
293,1400000US24031702302,47188,92.7,88.7
294,1400000US24031702401,49722,91.4,89.9
295,1400000US24031702402,40804,97.2,98.0
296,1400000US24031702500,44896,96.1,88.6
297,1400000US24031702601,47409,100.0,98.9
298,1400000US24031702602,38516,88.5,93.1
299,1400000US24031702700,43942,82.6,65.1
300,1400000US24031702800,58438,100.0,100.0
301,1400000US24031702900,48942,91.4,97.1
302,1400000US24031703000,58750,100.0,100.0
303,1400000US24031703100,40603,86.4,85.7
304,1400000US24031703201,41206,79.8,87.0
305,1400000US24031703202,32857,93.1,95.3
306,1400000US24031703203,30563,93.0,86.9
307,1400000US24031703206,36827,96.3,100.0
308,1400000US24031703207,36944,88.5,97.0
309,1400000US24031703208,50948,98.8,96.4
310,1400000US24031703209,38125,85.6,85.9
311,1400000US24031703210,55625,88.6,97.3
312,1400000US24031703211,41979,92.5,90.8
313,1400000US24031703212,52143,93.2,91.2
314,1400000US24031703213,53827,64.0,86.5
315,1400000US24031703214,57266,92.8,70.2
316,1400000US24031703215,52098,92.0,100.0
317,1400000US24031703301,45909,88.3,70.0
318,1400000US24031703302,40250,79.8,77.4
319,1400000US24031703401,30913,96.9,63.0
320,1400000US24031703402,43333,71.1,71.6
321,1400000US24031703403,50662,51.0,55.9
322,1400000US24031703404,22500,59.8,67.4
323,1400000US24031703501,31250,74.1,55.2
324,1400000US24031703502,31528,94.5,90.2
325,1400000US24031703601,49306,96.7,89.2
326,1400000US24031703602,54792,94.8,87.1
327,1400000US24031703701,52105,71.9,75.9
328,1400000US24031703702,49327,88.7,66.3
329,1400000US24031703800,37813,86.0,74.2
330,1400000US24031703901,68375,90.8,87.8
331,1400000US24031703902,48603,79.8,63.2
332,1400000US24031704000,35357,87.9,92.0
333,1400000US24031704100,75027,98.7,100.0
334,1400000US24031704200,51667,97.4,100.0
335,1400000US24031704300,51310,93.2,100.0
336,1400000US24031704401,63156,98.2,100.0
337,1400000US24031704402,67411,100.0,98.2
338,1400000US24031704501,61250,100.0,100.0
339,1400000US24031704502,27125,100.0,100.0
340,1400000US24031704503,60104,97.7,96.5
341,1400000US24031704600,67417,96.2,88.4
342,1400000US24031704700,34265,100.0,100.0
343,1400000US24031704801,49341,96.6,98.9
344,1400000US24031704802,47287,95.1,100.0
345,1400000US24031705000,44031,94.9,94.1
346,1400000US24031705100,48100,98.7,100.0
347,1400000US24031705200,45893,100.0,96.8
348,1400000US24031705300,50750,100.0,100.0
349,1400000US24031705400,60563,100.0,91.6
350,1400000US24031705500,48190,100.0,98.6
351,1400000US24031705601,63250,100.0,100.0
352,1400000US24031705602,62667,100.0,100.0
353,1400000US24031705701,41875,100.0,100.0
354,1400000US24031705702,30313,100.0,100.0
355,1400000US24031705800,55625,100.0,100.0
356,1400000US24031705901,35769,100.0,100.0
357,1400000US24031705902,50446,100.0,60.6
358,1400000US24031705903,53500,100.0,100.0
359,1400000US24031706003,50365,100.0,96.6
360,1400000US24031706004,46310,92.7,100.0
361,1400000US24031706005,80125,100.0,92.3
362,1400000US24031706007,50466,100.0,95.1
363,1400000US24031706008,50536,97.7,100.0
364,1400000US24031706009,41639,98.9,100.0
365,1400000US24033800102,43750,82.7,93.5
366,1400000US24033800103,31500,100.0,94.9
367,1400000US24033800105,41458,89.1,98.4
368,1400000US24033800106,49821,88.0,91.5
369,1400000US24033800107,47019,91.7,98.2
370,1400000US24033800202,50292,92.9,99.2
371,1400000US24033800203,46818,91.0,77.7
372,1400000US24033800206,54821,96.3,98.2
373,1400000US24033800207,43594,85.4,98.2
374,1400000US24033800208,62273,96.8,96.8
375,1400000US24033800209,43967,93.8,83.4
376,1400000US24033800210,26951,100.0,77.8
377,1400000US24033800211,45083,100.0,100.0
378,1400000US24033800401,81136,94.4,100.0
379,1400000US24033800402,56223,98.6,100.0
380,1400000US24033800403,59375,86.3,100.0
381,1400000US24033800406,55750,98.1,92.3
382,1400000US24033800407,55996,88.7,91.9
383,1400000US24033800408,79719,98.5,92.9
384,1400000US24033800409,58825,96.5,92.7
385,1400000US24033800503,66964,96.0,93.8
386,1400000US24033800504,42237,97.3,96.6
387,1400000US24033800505,53125,98.4,100.0
388,1400000US24033800507,63173,81.1,100.0
389,1400000US24033800508,73953,98.5,100.0
390,1400000US24033800509,45951,97.2,100.0
391,1400000US24033800510,48985,95.5,93.2
392,1400000US24033800511,58147,92.2,100.0
393,1400000US24033800512,57125,95.1,96.1
394,1400000US24033800601,65000,91.7,100.0
395,1400000US24033800603,77361,97.7,93.5
396,1400000US24033800604,64856,100.0,90.5
397,1400000US24033800605,55197,84.9,81.0
398,1400000US24033800606,63448,88.3,93.8
399,1400000US24033800701,70769,84.0,94.2
400,1400000US24033800702,63000,96.9,100.0
401,1400000US24033800703,69196,96.9,98.5
402,1400000US24033800800,90110,98.5,94.9
403,1400000US24033800900,-,92.4,81.8
404,1400000US24033801001,69500,92.7,94.6
405,1400000US24033801002,74777,99.1,91.6
406,1400000US24033801104,59792,100.0,98.4
407,1400000US24033801202,52560,83.6,88.4
408,1400000US24033801203,72500,87.0,96.6
409,1400000US24033801204,52174,91.9,90.7
410,1400000US24033801205,51467,79.4,95.0
411,1400000US24033801206,67167,92.8,89.1
412,1400000US24033801207,80833,97.7,100.0
413,1400000US24033801301,75380,95.2,86.8
414,1400000US24033801302,57875,80.3,93.2
415,1400000US24033801305,60893,95.2,89.4
416,1400000US24033801306,56190,95.2,89.4
417,1400000US24033801307,47344,96.4,100.0
418,1400000US24033801308,54297,96.8,95.2
419,1400000US24033801309,47054,100.0,93.8
420,1400000US24033801402,49725,95.4,85.8
421,1400000US24033801403,72699,89.7,92.6
422,1400000US24033801404,95625,97.0,97.4
423,1400000US24033801405,22153,78.5,69.9
424,1400000US24033801406,52500,100.0,97.6
425,1400000US24033801407,67193,84.5,96.1
426,1400000US24033801500,73287,74.4,90.4
427,1400000US24033801600,87589,86.5,76.1
428,1400000US24033801701,58777,98.0,93.0
429,1400000US24033801702,41058,91.0,76.9
430,1400000US24033801704,54861,91.8,89.5
431,1400000US24033801706,43646,82.4,100.0
432,1400000US24033801707,56563,77.2,69.7
433,1400000US24033801708,49583,89.8,73.4
434,1400000US24033801801,67679,77.6,91.1
435,1400000US24033801802,51591,76.3,100.0
436,1400000US24033801804,62083,100.0,95.9
437,1400000US24033801805,45625,81.5,86.0
438,1400000US24033801807,43691,83.5,88.0
439,1400000US24033801808,52614,67.5,87.3
440,1400000US24033801901,64441,97.7,90.3
441,1400000US24033801902,53638,88.5,94.6
442,1400000US24033801904,63850,79.5,96.5
443,1400000US24033801905,56917,97.9,96.7
444,1400000US24033801906,32344,83.6,86.1
445,1400000US24033802001,43462,81.0,83.4
446,1400000US24033802002,76000,96.8,95.9
447,1400000US24033802103,68702,93.7,100.0
448,1400000US24033802104,53059,80.4,75.2
449,1400000US24033802105,68015,93.5,96.0
450,1400000US24033802201,41705,100.0,100.0
451,1400000US24033802203,40729,79.1,82.0
452,1400000US24033802204,60147,87.7,97.2
453,1400000US24033802301,47273,80.8,96.0
454,1400000US24033802403,36867,100.0,97.4
455,1400000US24033802404,39333,91.1,94.0
456,1400000US24033802405,49200,77.3,86.0
457,1400000US24033802406,55966,84.9,94.2
458,1400000US24033802501,57524,75.5,95.2
459,1400000US24033802502,106023,91.8,65.5
460,1400000US24033802600,50368,83.8,91.6
461,1400000US24033802700,50125,81.3,92.3
462,1400000US24033802803,44375,92.9,94.2
463,1400000US24033802804,46367,67.3,95.0
464,1400000US24033802805,56250,76.4,89.7
465,1400000US24033802901,46615,82.3,82.1
466,1400000US24033803001,48542,81.1,87.0
467,1400000US24033803002,41333,96.2,100.0
468,1400000US24033803100,38958,80.0,90.2
469,1400000US24033803200,-,91.8,90.0
470,1400000US24033803300,14464,86.0,95.3
471,1400000US24033803401,-,74.6,47.0
472,1400000US24033803402,42955,64.4,87.2
473,1400000US24033803505,57325,88.9,91.0
474,1400000US24033803508,62163,81.9,67.8
475,1400000US24033803509,63452,71.2,80.2
476,1400000US24033803512,58716,93.9,100.0
477,1400000US24033803513,52072,92.5,100.0
478,1400000US24033803514,72959,93.6,96.3
479,1400000US24033803515,79671,97.2,97.0
480,1400000US24033803516,82212,90.8,89.0
481,1400000US24033803517,67934,94.4,91.1
482,1400000US24033803518,61132,90.9,89.0
483,1400000US24033803519,50625,94.8,97.2
484,1400000US24033803601,48542,100.0,92.5
485,1400000US24033803602,45625,95.5,95.1
486,1400000US24033803605,39881,100.0,69.7
487,1400000US24033803606,56328,72.9,73.0
488,1400000US24033803607,67540,83.2,82.1
489,1400000US24033803608,55769,89.3,71.0
490,1400000US24033803610,63824,100.0,65.2
491,1400000US24033803612,67024,94.9,94.7
492,1400000US24033803613,37368,88.3,76.3
493,1400000US24033803700,58000,72.9,49.9
494,1400000US24033803801,54250,58.6,76.8
495,1400000US24033803803,31218,83.0,69.8
496,1400000US24033803900,35104,83.5,50.2
497,1400000US24033804001,46708,93.9,89.1
498,1400000US24033804002,20433,67.4,43.3
499,1400000US24033804101,68750,92.9,95.5
500,1400000US24033804102,42344,88.1,82.1
501,1400000US24033804200,50481,90.2,100.0
502,1400000US24033804300,10568,56.4,62.4
503,1400000US24033804400,47188,56.2,66.0
504,1400000US24033804600,43250,54.2,55.0
505,1400000US24033804700,53095,65.3,78.0
506,1400000US24033804800,49306,85.6,79.4
507,1400000US24033804900,50952,82.4,94.1
508,1400000US24033805000,68831,66.1,85.4
509,1400000US24033805101,42014,85.1,74.4
510,1400000US24033805201,42273,63.5,51.7
511,1400000US24033805202,65575,85.4,71.9
512,1400000US24033805500,55658,72.2,47.7
513,1400000US24033805601,-,36.7,16.2
514,1400000US24033805602,-,47.1,21.6
515,1400000US24033805700,30742,57.7,63.6
516,1400000US24033805801,45357,64.2,35.2
517,1400000US24033805802,33567,72.0,61.2
518,1400000US24033805901,27128,84.3,75.0
519,1400000US24033805904,41602,77.3,67.8
520,1400000US24033805905,29719,76.4,75.4
521,1400000US24033806000,80750,70.5,56.5
522,1400000US24033806100,52000,80.4,83.8
523,1400000US24033806200,44531,79.1,92.6
524,1400000US24033806300,48672,62.8,57.7
525,1400000US24033806400,49167,100.0,100.0
526,1400000US24033806501,35568,73.2,56.6
527,1400000US24033806601,30227,57.4,59.3
528,1400000US24033806602,40903,76.1,69.3
529,1400000US24033806703,47857,69.3,89.2
530,1400000US24033806706,58384,90.1,91.8
531,1400000US24033806708,58633,100.0,100.0
532,1400000US24033806710,53846,96.1,100.0
533,1400000US24033806711,42778,89.8,87.4
534,1400000US24033806712,50429,100.0,100.0
535,1400000US24033806800,44653,87.2,85.4
536,1400000US24033806900,37552,78.8,79.6
537,1400000US24033807000,48068,90.6,85.5
538,1400000US24033807102,44350,90.9,85.5
539,1400000US24033807200,54688,98.0,99.1
540,1400000US24033807301,35800,100.0,100.0
541,1400000US24033807304,39464,77.7,71.2
542,1400000US24033807305,52333,79.8,71.2
543,1400000US24033807404,45329,80.6,92.6
544,1400000US24033807405,58750,77.0,85.0
545,1400000US24033807406,44353,83.2,86.6
546,1400000US24033807407,46542,96.2,92.4
547,1400000US24033807408,59500,95.8,97.2
548,1400000US51013100100,74412,100.0,100.0
549,1400000US51013100200,44049,97.2,100.0
550,1400000US51013100300,109375,100.0,100.0
551,1400000US51013100400,79028,98.5,100.0
552,1400000US51013100500,46250,95.0,100.0
553,1400000US51013100600,68984,97.2,100.0
554,1400000US51013100700,53063,95.3,100.0
555,1400000US51013100800,53478,82.5,55.5
556,1400000US51013100900,70795,92.6,85.1
557,1400000US51013101000,56741,100.0,97.0
558,1400000US51013101100,63929,100.0,100.0
559,1400000US51013101200,69821,100.0,90.4
560,1400000US51013101300,48867,87.7,90.0
561,1400000US51013101400,71563,96.2,100.0
562,1400000US51013101500,60781,92.5,94.2
563,1400000US51013101600,71940,100.0,100.0
564,1400000US51013101700,49792,93.1,98.6
565,1400000US51013101800,63485,92.3,95.6
566,1400000US51013101900,60966,97.8,100.0
567,1400000US51013102000,56996,76.3,84.7
568,1400000US51013102100,60563,92.4,90.5
569,1400000US51013102200,44511,74.9,80.0
570,1400000US51013102300,52614,67.8,78.2
571,1400000US51013102400,60962,87.4,93.9
572,1400000US51013102500,51950,85.7,91.1
573,1400000US51013102600,41250,90.8,100.0
574,1400000US51013102700,30861,63.6,86.3
575,1400000US51013102800,52159,88.2,97.8
576,1400000US51013102900,65305,88.6,97.4
577,1400000US51013103000,70536,100.0,100.0
578,1400000US51013103100,75574,76.0,81.2
579,1400000US51013103200,55275,84.9,88.0
580,1400000US51013103300,53750,81.4,64.6
581,1400000US51013103401,10417,86.4,85.4
582,1400000US51013103402,76056,100.0,96.0
583,1400000US51013103500,50169,98.8,100.0
584,1400000US51013103600,51986,92.5,100.0
585,1400000US51013103700,46813,100.0,92.5
586,1400000US51013103800,26996,83.4,96.1
587,1400000US51059415100,51563,90.0,88.5
588,1400000US51059415200,61230,100.0,98.2
589,1400000US51059415300,47500,79.2,94.2
590,1400000US51059415400,57829,95.4,91.7
591,1400000US51059415500,49306,97.7,95.2
592,1400000US51059415600,99306,100.0,100.0
593,1400000US51059415700,58553,97.5,100.0
594,1400000US51059415800,34432,100.0,100.0
595,1400000US51059415900,49750,97.4,100.0
596,1400000US51059416000,71433,90.0,83.1
597,1400000US51059416100,60500,100.0,94.4
598,1400000US51059416200,58654,100.0,94.5
599,1400000US51059416300,79188,92.4,78.6
600,1400000US51059420100,42917,91.5,94.8
601,1400000US51059420200,56985,96.9,92.1
602,1400000US51059420300,75159,89.1,100.0
603,1400000US51059420400,42019,100.0,93.7
604,1400000US51059420500,64821,97.2,92.8
605,1400000US51059420600,48199,80.3,83.3
606,1400000US51059420700,86060,96.6,100.0
607,1400000US51059420800,18713,99.4,86.5
608,1400000US51059421000,64944,92.6,96.3
609,1400000US51059421100,65915,98.3,89.8
610,1400000US51059421200,34444,95.5,100.0
611,1400000US51059421300,58500,100.0,95.5
612,1400000US51059421400,38403,88.7,85.3
613,1400000US51059421500,76397,72.2,63.9
614,1400000US51059421600,45250,76.0,66.8
615,1400000US51059421700,47615,69.6,62.4
616,1400000US51059421800,48554,85.9,89.8
617,1400000US51059421900,41667,91.2,95.3
618,1400000US51059422000,29160,92.5,100.0
619,1400000US51059422100,59656,88.5,96.7
620,1400000US51059422200,62250,96.5,100.0
621,1400000US51059422300,60557,96.9,97.0
622,1400000US51059422400,54844,99.4,91.6
623,1400000US51059430100,56719,98.8,97.5
624,1400000US51059430200,38047,87.2,86.1
625,1400000US51059430400,47500,91.9,89.6
626,1400000US51059430500,43333,100.0,84.6
627,1400000US51059430600,32471,80.4,64.2
628,1400000US51059430700,49856,100.0,92.2
629,1400000US51059430800,46613,98.5,97.3
630,1400000US51059430900,48857,97.6,91.8
631,1400000US51059431000,55477,96.9,100.0
632,1400000US51059431300,49605,95.2,100.0
633,1400000US51059431400,59375,99.0,97.4
634,1400000US51059431500,54886,96.2,98.3
635,1400000US51059431600,43651,95.7,85.9
636,1400000US51059431800,56367,95.2,92.8
637,1400000US51059431900,62222,100.0,100.0
638,1400000US51059432000,47361,96.1,100.0
639,1400000US51059432100,40481,100.0,96.7
640,1400000US51059432200,51875,98.0,87.6
641,1400000US51059432300,51688,96.7,95.7
642,1400000US51059432400,58586,99.5,98.2
643,1400000US51059432500,63625,100.0,96.8
644,1400000US51059432600,49167,94.8,87.4
645,1400000US51059432700,46161,93.2,91.1
646,1400000US51059432800,75072,100.0,100.0
647,1400000US51059440100,65521,98.9,100.0
648,1400000US51059440200,43620,99.5,92.9
649,1400000US51059440300,77560,100.0,100.0
650,1400000US51059440500,31786,94.9,84.9
651,1400000US51059440600,56667,87.3,92.8
652,1400000US51059440700,67543,99.1,92.0
653,1400000US51059440800,35190,97.9,100.0
654,1400000US51059450100,64886,81.3,93.7
655,1400000US51059450200,74417,81.2,73.2
656,1400000US51059450300,61198,90.2,86.0
657,1400000US51059450400,40625,100.0,89.5
658,1400000US51059450500,36591,65.0,85.4
659,1400000US51059450600,58316,88.2,88.2
660,1400000US51059450700,55660,96.9,89.4
661,1400000US51059450800,48182,93.0,78.5
662,1400000US51059450900,29712,85.6,88.8
663,1400000US51059451000,46500,86.1,100.0
664,1400000US51059451100,83304,84.4,63.7
665,1400000US51059451200,70568,100.0,100.0
666,1400000US51059451300,44861,94.1,59.9
667,1400000US51059451400,46607,85.6,32.4
668,1400000US51059451500,50167,80.2,84.7
669,1400000US51059451600,31182,72.9,52.0
670,1400000US51059451800,88194,88.7,95.5
671,1400000US51059451900,63412,91.1,87.3
672,1400000US51059452000,49779,93.6,100.0
673,1400000US51059452100,37727,94.8,93.0
674,1400000US51059452200,42553,86.5,61.4
675,1400000US51059452300,38426,98.0,82.6
676,1400000US51059452400,55982,86.5,95.4
677,1400000US51059452500,61808,78.7,90.1
678,1400000US51059452600,63750,81.0,100.0
679,1400000US51059452700,40972,73.4,73.2
680,1400000US51059452800,62927,92.2,98.6
681,1400000US51059460100,53419,97.3,87.1
682,1400000US51059460200,55000,100.0,90.2
683,1400000US51059460300,75469,97.1,100.0
684,1400000US51059460400,45375,100.0,100.0
685,1400000US51059460500,36295,100.0,91.4
686,1400000US51059460600,38781,100.0,97.0
687,1400000US51059460700,43199,95.1,76.0
688,1400000US51059460800,44722,100.0,73.5
689,1400000US51059460900,82829,97.1,100.0
690,1400000US51059461000,52813,100.0,95.3
691,1400000US51059461100,60647,88.0,95.6
692,1400000US51059461200,53641,98.9,99.0
693,1400000US51059461500,64559,99.2,100.0
694,1400000US51059461600,75400,94.9,99.8
695,1400000US51059461700,37112,96.4,98.3
696,1400000US51059461800,60093,100.0,96.3
697,1400000US51059461900,37054,68.4,95.9
698,1400000US51059470100,21346,100.0,90.1
699,1400000US51059470200,-,-,-
700,1400000US51059470300,67273,100.0,100.0
701,1400000US51059470400,42176,95.1,100.0
702,1400000US51059470500,60846,95.5,100.0
703,1400000US51059470600,58068,97.9,93.5
704,1400000US51059470700,51442,100.0,100.0
705,1400000US51059470800,66818,93.2,100.0
706,1400000US51059470900,63182,98.1,100.0
707,1400000US51059471000,44083,96.8,97.5
708,1400000US51059471100,58365,91.8,91.7
709,1400000US51059471200,49634,98.2,97.4
710,1400000US51059471300,49750,96.2,86.8
711,1400000US51059471400,65976,96.7,86.9
712,1400000US51059480100,41100,100.0,100.0
713,1400000US51059480200,46894,100.0,100.0
714,1400000US51059480300,36934,97.7,100.0
715,1400000US51059480400,70221,98.0,95.9
716,1400000US51059480500,44712,97.9,94.4
717,1400000US51059480800,49132,90.5,88.9
718,1400000US51059480900,48333,89.8,74.8
719,1400000US51059481000,50455,70.6,90.9
720,1400000US51059481100,60266,97.8,97.1
721,1400000US51059481200,58144,78.4,89.6
722,1400000US51059481400,59750,98.2,86.9
723,1400000US51059481500,56250,100.0,100.0
724,1400000US51059481600,20341,100.0,100.0
725,1400000US51059481700,50164,97.2,100.0
726,1400000US51059481900,52350,98.7,86.5
727,1400000US51059482000,77386,99.0,97.0
728,1400000US51059482100,49744,97.6,86.9
729,1400000US51059482200,52500,100.0,100.0
730,1400000US51059482300,56856,100.0,96.0
731,1400000US51059482400,73125,100.0,100.0
732,1400000US51059482500,54291,99.6,96.8
733,1400000US51059482600,56393,96.6,99.0
734,1400000US51059490100,48149,94.1,95.9
735,1400000US51059490500,54542,96.6,96.1
736,1400000US51059490900,40938,100.0,100.0
737,1400000US51059491000,64375,100.0,100.0
738,1400000US51059491100,52500,92.9,93.2
739,1400000US51059491200,44256,77.9,96.9
740,1400000US51059491300,48205,94.3,90.3
741,1400000US51059491400,56827,98.1,97.1
742,1400000US51059491500,47835,94.3,98.6
743,1400000US51059491600,48523,91.5,83.5
744,1400000US51059491700,54712,96.8,97.0
745,1400000US51059491800,52188,97.4,92.8
746,1400000US51059491900,90139,100.0,95.9
747,1400000US51059492000,54550,99.0,86.5
748,1400000US51059492100,39875,98.1,100.0
749,1400000US51059492200,71802,97.6,100.0
750,1400000US51059492300,40446,89.2,100.0
751,1400000US51059492400,53922,93.1,85.3
752,1400000US51510200101,58776,86.8,97.7
753,1400000US51510200102,65170,81.4,91.9
754,1400000US51510200103,41968,89.9,76.2
755,1400000US51510200104,63276,92.2,86.4
756,1400000US51510200105,48563,92.0,91.9
757,1400000US51510200201,62708,100.0,100.0
758,1400000US51510200202,40325,100.0,100.0
759,1400000US51510200301,58205,97.7,97.1
760,1400000US51510200302,46078,99.6,91.5
761,1400000US51510200303,44792,96.6,100.0
762,1400000US51510200401,57846,95.2,99.8
763,1400000US51510200402,52409,98.3,98.1
764,1400000US51510200500,43077,91.1,96.3
765,1400000US51510200600,42522,93.5,97.2
766,1400000US51510200700,65221,93.0,96.7
767,1400000US51510200801,66875,96.3,79.6
768,1400000US51510200802,65196,100.0,95.0
769,1400000US51510200900,62109,93.5,85.8
770,1400000US51510201000,61230,100.0,100.0
771,1400000US51510201100,68041,100.0,65.8
772,1400000US51510201202,50057,100.0,100.0
773,1400000US51510201203,24020,34.7,57.3
774,1400000US51510201204,57913,72.7,91.7
775,1400000US51510201300,44855,80.4,88.1
776,1400000US51510201400,60234,88.5,71.9
777,1400000US51510201500,69540,99.6,100.0
778,1400000US51510201600,69514,100.0,100.0
779,1400000US51510201801,68164,95.6,98.2
780,1400000US51510201802,79545,92.0,100.0
781,1400000US51510201900,51496,100.0,100.0
782,1400000US51510202001,50278,100.0,100.0
783,1400000US51510202002,68250,97.3,85.2
784,1400000US51610500100,106202,100.0,93.2
785,1400000US51610500200,80483,94.0,100.0
786,1400000US51610500300,46650,98.1,100.0
