OBJECTID,GEO.id,dec_ma,dec_tp,dec_tpp,dec_mp,dec_mpp,dec_fp,dec_fpp,dec_aap,dec_aapp
1,1400000US11001007407,29.8,2373,100.0,1045,44.0,1328,56.0,2305,97.1
2,1400000US11001007409,25.2,3444,100.0,1466,42.6,1978,57.4,3390,98.4
3,1400000US11001007502,28.6,4221,100.0,1919,45.5,2302,54.5,4101,97.2
4,1400000US11001007503,27.5,2515,100.0,1072,42.6,1443,57.4,2445,97.2
5,1400000US11001007504,28.3,2358,100.0,1088,46.1,1270,53.9,2296,97.4
6,1400000US11001007603,39.5,4255,100.0,1837,43.2,2418,56.8,3858,90.7
7,1400000US11001007604,39.2,3764,100.0,1669,44.3,2095,55.7,3555,94.4
8,1400000US11001007605,36.2,3721,100.0,1681,45.2,2040,54.8,3591,96.5
9,1400000US11001007707,37.0,3796,100.0,1684,44.4,2112,55.6,3708,97.7
10,1400000US11001007708,32.7,2706,100.0,1151,42.5,1555,57.5,2660,98.3
11,1400000US11001007709,37.9,1979,100.0,901,45.5,1078,54.5,1898,95.9
12,1400000US11001007803,39.0,3092,100.0,1416,45.8,1676,54.2,3014,97.5
13,1400000US11001007804,35.8,3390,100.0,1414,41.7,1976,58.3,3326,98.1
14,1400000US11001007807,36.3,1911,100.0,877,45.9,1034,54.1,1863,97.5
15,1400000US11001007808,31.1,4012,100.0,1768,44.1,2244,55.9,3941,98.2
16,1400000US11001007809,37.9,2667,100.0,1218,45.7,1449,54.3,2592,97.2
17,1400000US11001007903,40.4,1840,100.0,844,45.9,996,54.1,1776,96.5
18,1400000US11001008001,38.2,2578,100.0,1285,49.8,1293,50.2,2165,84.0
19,1400000US11001008002,37.1,3104,100.0,1499,48.3,1605,51.7,2215,71.4
20,1400000US11001008200,33.3,2505,100.0,1261,50.3,1244,49.7,176,7.0
21,1400000US11001008301,34.6,2243,100.0,1175,52.4,1068,47.6,763,34.0
22,1400000US11001008402,37.4,2139,100.0,972,45.4,1167,54.6,1519,71.0
23,1400000US11001008410,36.3,1506,100.0,725,48.1,781,51.9,1379,91.6
24,1400000US11001008701,37.8,2415,100.0,1144,47.4,1271,52.6,2298,95.2
25,1400000US11001008802,38.9,4160,100.0,1875,45.1,2285,54.9,4010,96.4
26,1400000US11001008803,24.4,1918,100.0,931,48.5,987,51.5,1132,59.0
27,1400000US11001008804,36.2,2277,100.0,1069,46.9,1208,53.1,2220,97.5
28,1400000US11001008903,36.8,2396,100.0,1109,46.3,1287,53.7,2321,96.9
29,1400000US11001009000,53.1,2263,100.0,844,37.3,1419,62.7,2195,97.0
30,1400000US11001009102,34.0,4400,100.0,1978,45.0,2422,55.0,4257,96.8
31,1400000US11001009201,36.0,1381,100.0,635,46.0,746,54.0,1004,72.7
32,1400000US11001009204,34.1,2322,100.0,1068,46.0,1254,54.0,2190,94.3
33,1400000US11001000100,40.7,4674,100.0,2194,46.9,2480,53.1,188,4.0
34,1400000US11001000201,19.9,4467,100.0,2019,45.2,2448,54.8,240,5.4
35,1400000US11001000400,45.2,1510,100.0,737,48.8,773,51.2,67,4.4
36,1400000US11001000702,31.2,3326,100.0,1379,41.5,1947,58.5,221,6.6
37,1400000US11001001002,31.5,3465,100.0,1466,42.3,1999,57.7,219,6.3
38,1400000US11001001401,39.6,3150,100.0,1426,45.3,1724,54.7,157,5.0
39,1400000US11001001702,41.8,2240,100.0,1038,46.3,1202,53.7,1637,73.1
40,1400000US11001002201,39.9,3505,100.0,1607,45.8,1898,54.2,2981,85.0
41,1400000US11001002501,39.0,2392,100.0,1158,48.4,1234,51.6,1631,68.2
42,1400000US11001002801,30.6,3629,100.0,1779,49.0,1850,51.0,1842,50.8
43,1400000US11001002900,32.5,4189,100.0,2217,52.9,1972,47.1,2285,54.5
44,1400000US11001003301,38.6,2707,100.0,1374,50.8,1333,49.2,2414,89.2
45,1400000US11001003600,32.9,3915,100.0,1977,50.5,1938,49.5,2427,62.0
46,1400000US11001004002,33.1,2778,100.0,1456,52.4,1322,47.6,342,12.3
47,1400000US11001004202,33.6,2889,100.0,1557,53.9,1332,46.1,213,7.4
48,,,,,,,,,,
49,1400000US11001004901,34.4,2013,100.0,990,49.2,1023,50.8,1581,78.5
50,1400000US11001005600,29.0,5946,100.0,2576,43.3,3370,56.7,359,6.0
51,1400000US11001006400,36.9,2240,100.0,972,43.4,1268,56.6,2034,90.8
52,1400000US11001006801,39.4,1997,100.0,977,48.9,1020,51.1,1847,92.5
53,1400000US11001007100,29.8,2818,100.0,1319,46.8,1499,53.2,2417,85.8
54,1400000US11001007403,26.0,2308,100.0,978,42.4,1330,57.6,2262,98.0
55,1400000US11001007408,24.0,2166,100.0,914,42.2,1252,57.8,2146,99.1
56,1400000US11001007601,37.0,4572,100.0,2103,46.0,2469,54.0,4378,95.8
57,1400000US11001007703,29.4,4615,100.0,1978,42.9,2637,57.1,4439,96.2
58,1400000US11001007806,38.1,2133,100.0,1052,49.3,1081,50.7,2093,98.1
59,1400000US11001007901,34.7,3680,100.0,1584,43.0,2096,57.0,3573,97.1
60,1400000US11001008302,35.4,1956,100.0,995,50.9,961,49.1,784,40.1
61,1400000US11001008702,37.0,1916,100.0,949,49.5,967,50.5,1748,91.2
62,1400000US11001008904,34.2,3248,100.0,1440,44.3,1808,55.7,3152,97.0
63,1400000US11001009203,37.8,2861,100.0,1313,45.9,1548,54.1,2675,93.5
64,1400000US11001009302,41.0,1201,100.0,540,45.0,661,55.0,1128,93.9
65,1400000US11001009504,41.6,3353,100.0,1570,46.8,1783,53.2,2557,76.3
66,1400000US11001009509,47.3,2898,100.0,1257,43.4,1641,56.6,2787,96.2
67,1400000US11001009602,27.9,3106,100.0,1245,40.1,1861,59.9,3046,98.1
68,1400000US11001009603,42.3,3230,100.0,1344,41.6,1886,58.4,3158,97.8
69,1400000US11001009604,45.2,1982,100.0,853,43.0,1129,57.0,1940,97.9
70,1400000US11001009700,28.5,2309,100.0,1000,43.3,1309,56.7,2281,98.8
71,1400000US11001009802,24.3,1806,100.0,795,44.0,1011,56.0,1776,98.3
72,1400000US11001009807,34.9,3238,100.0,1502,46.4,1736,53.6,3136,96.8
73,1400000US11001009904,31.0,1863,100.0,793,42.6,1070,57.4,1819,97.6
74,1400000US11001009906,37.3,1550,100.0,670,43.2,880,56.8,1516,97.8
75,,,,,,,,,,
76,,,,,,,,,,
77,1400000US11001000202,32.9,3850,100.0,1912,49.7,1938,50.3,61,1.6
78,1400000US11001000300,30.4,5706,100.0,2649,46.4,3057,53.6,175,3.1
79,1400000US11001000501,32.5,2765,100.0,1171,42.4,1594,57.6,134,4.8
80,1400000US11001000502,38.0,3112,100.0,1393,44.8,1719,55.2,83,2.7
81,1400000US11001000600,45.6,4919,100.0,2075,42.2,2844,57.8,630,12.8
82,1400000US11001000701,44.5,4395,100.0,1782,40.5,2613,59.5,159,3.6
83,1400000US11001000802,34.3,2806,100.0,1370,48.8,1436,51.2,93,3.3
84,1400000US11001000901,21.4,7208,100.0,3131,43.4,4077,56.6,408,5.7
85,1400000US11001000902,41.8,1973,100.0,917,46.5,1056,53.5,96,4.9
86,1400000US11001001001,40.5,6062,100.0,2815,46.4,3247,53.6,195,3.2
87,1400000US11001001100,42.4,4428,100.0,1925,43.5,2503,56.5,252,5.7
88,1400000US11001001200,37.4,4856,100.0,2182,44.9,2674,55.1,281,5.8
89,1400000US11001001301,38.8,3747,100.0,1716,45.8,2031,54.2,270,7.2
90,1400000US11001001302,38.3,6294,100.0,2582,41.0,3712,59.0,374,5.9
91,1400000US11001001402,54.5,3925,100.0,2279,58.1,1646,41.9,555,14.1
92,1400000US11001001500,44.8,5649,100.0,2664,47.2,2985,52.8,633,11.2
93,1400000US11001001600,48.2,4030,100.0,1871,46.4,2159,53.6,2919,72.4
94,1400000US11001001803,37.1,3066,100.0,1417,46.2,1649,53.8,2146,70.0
95,1400000US11001001804,36.7,4156,100.0,1900,45.7,2256,54.3,2995,72.1
96,1400000US11001001901,42.6,3949,100.0,1734,43.9,2215,56.1,3586,90.8
97,1400000US11001002001,38.7,2435,100.0,1176,48.3,1259,51.7,1510,62.0
98,1400000US11001002002,39.4,3781,100.0,1782,47.1,1999,52.9,2785,73.7
99,1400000US11001002101,36.2,5233,100.0,2504,47.9,2729,52.1,4241,81.0
100,1400000US11001002102,41.2,4631,100.0,2094,45.2,2537,54.8,4162,89.9
101,1400000US11001002202,39.0,3013,100.0,1316,43.7,1697,56.3,2702,89.7
102,1400000US11001002301,40.4,2995,100.0,1336,44.6,1659,55.4,2639,88.1
103,1400000US11001002302,31.8,1345,100.0,582,43.3,763,56.7,848,63.0
104,1400000US11001002400,39.4,3580,100.0,1736,48.5,1844,51.5,2966,82.8
105,1400000US11001002502,32.7,5486,100.0,2765,50.4,2721,49.6,3087,56.3
106,1400000US11001002600,46.6,2184,100.0,994,45.5,1190,54.5,1344,61.5
107,1400000US11001002701,32.2,5742,100.0,2914,50.7,2828,49.3,1737,30.3
108,1400000US11001002702,32.6,6052,100.0,3298,54.5,2754,45.5,1214,20.1
109,1400000US11001002802,30.7,4700,100.0,2497,53.1,2203,46.9,1524,32.4
110,1400000US11001003000,29.3,2829,100.0,1383,48.9,1446,51.1,1930,68.2
111,1400000US11001003100,32.6,2755,100.0,1353,49.1,1402,50.9,1839,66.8
112,1400000US11001003200,35.4,4480,100.0,2138,47.7,2342,52.3,3676,82.1
113,1400000US11001003302,37.7,1830,100.0,903,49.3,927,50.7,1675,91.5
114,1400000US11001003400,21.2,4249,100.0,1874,44.1,2375,55.9,3903,91.9
115,1400000US11001003500,22.8,3498,100.0,1553,44.4,1945,55.6,2936,83.9
116,1400000US11001003700,26.5,4990,100.0,2380,47.7,2610,52.3,2839,56.9
117,1400000US11001003800,32.5,4718,100.0,2551,54.1,2167,45.9,1511,32.0
118,1400000US11001003900,32.6,4643,100.0,2340,50.4,2303,49.6,916,19.7
119,1400000US11001004001,35.5,3474,100.0,1750,50.4,1724,49.6,182,5.2
120,1400000US11001004100,42.8,2570,100.0,1238,48.2,1332,51.8,98,3.8
121,1400000US11001004201,32.1,3392,100.0,1935,57.0,1457,43.0,482,14.2
122,1400000US11001004300,33.0,3290,100.0,1765,53.6,1525,46.4,1283,39.0
123,1400000US11001004400,33.6,2589,100.0,1398,54.0,1191,46.0,1523,58.8
124,1400000US11001004600,33.1,2997,100.0,1483,49.5,1514,50.5,2713,90.5
125,,,,,,,,,,
126,1400000US11001004801,38.2,1876,100.0,1006,53.6,870,46.4,1448,77.2
127,1400000US11001004802,33.6,2853,100.0,1313,46.0,1540,54.0,2172,76.1
128,1400000US11001004902,28.8,2286,100.0,1216,53.2,1070,46.8,1373,60.1
129,,,,,,,,,,
130,,,,,,,,,,
131,1400000US11001005201,33.7,4559,100.0,2682,58.8,1877,41.2,1058,23.2
132,1400000US11001005301,32.9,5045,100.0,2746,54.4,2299,45.6,356,7.1
133,1400000US11001005500,34.4,4696,100.0,2354,50.1,2342,49.9,384,8.2
134,1400000US11001005800,42.7,1470,100.0,767,52.2,703,47.8,203,13.8
135,1400000US11001005900,39.6,1856,100.0,993,53.5,863,46.5,1522,82.0
136,1400000US11001006202,47.0,12,100.0,5,41.7,7,58.3,5,41.7
137,1400000US11001006500,34.1,2422,100.0,1262,52.1,1160,47.9,232,9.6
138,1400000US11001006600,35.0,1837,100.0,926,50.4,911,49.6,87,4.7
139,1400000US11001006700,37.1,3543,100.0,1811,51.1,1732,48.9,806,22.7
140,1400000US11001006802,39.5,2066,100.0,938,45.4,1128,54.6,1755,84.9
141,1400000US11001006804,31.9,2628,100.0,2254,85.8,374,14.2,2280,86.8
142,1400000US11001006900,41.1,1854,100.0,979,52.8,875,47.2,992,53.5
143,1400000US11001007000,33.3,2132,100.0,1232,57.8,900,42.2,496,23.3
144,1400000US11001007200,36.2,1825,100.0,816,44.7,1009,55.3,1732,94.9
145,1400000US11001007301,23.7,5234,100.0,2775,53.0,2459,47.0,1572,30.0
146,1400000US11001007304,25.4,4665,100.0,1916,41.1,2749,58.9,4564,97.8
147,1400000US11001007401,20.8,2996,100.0,1259,42.0,1737,58.0,2943,98.2
148,1400000US11001007404,18.9,3314,100.0,1380,41.6,1934,58.4,3267,98.6
149,1400000US11001007406,19.0,3227,100.0,1321,40.9,1906,59.1,3208,99.4
150,1400000US11001009301,41.0,3305,100.0,1534,46.4,1771,53.6,2373,71.8
151,1400000US11001009400,45.1,4166,100.0,1882,45.2,2284,54.8,3854,92.5
152,1400000US11001009501,25.4,5264,100.0,2524,47.9,2740,52.1,3130,59.5
153,1400000US11001009503,46.3,3066,100.0,1401,45.7,1665,54.3,2663,86.9
154,1400000US11001009505,47.5,2671,100.0,1135,42.5,1536,57.5,2503,93.7
155,1400000US11001009507,44.8,1533,100.0,651,42.5,882,57.5,1484,96.8
156,1400000US11001009508,46.2,2860,100.0,1237,43.3,1623,56.7,2732,95.5
157,1400000US11001009601,28.1,2343,100.0,1011,43.1,1332,56.9,2290,97.7
158,1400000US11001009801,21.4,2091,100.0,878,42.0,1213,58.0,2051,98.1
159,1400000US11001009803,32.8,2236,100.0,1033,46.2,1203,53.8,2164,96.8
160,1400000US11001009804,26.8,2566,100.0,1122,43.7,1444,56.3,2510,97.8
161,,,,,,,,,,
162,,,,,,,,,,
163,1400000US11001009901,49.9,2302,100.0,1034,44.9,1268,55.1,2161,93.9
164,1400000US11001009902,42.5,2993,100.0,1326,44.3,1667,55.7,2885,96.4
165,1400000US11001009903,37.1,2081,100.0,911,43.8,1170,56.2,2041,98.1
166,1400000US11001009905,32.3,2670,100.0,1226,45.9,1444,54.1,2631,98.5
167,1400000US11001009907,25.3,3037,100.0,1299,42.8,1738,57.2,2990,98.5
168,,,,,,,,,,
169,,,,,,,,,,
170,,,,,,,,,,
171,,,,,,,,,,
172,,,,,,,,,,
173,,,,,,,,,,
174,,,,,,,,,,
175,,,,,,,,,,
176,,,,,,,,,,
177,1400000US11001001902,44.5,2062,100.0,945,45.8,1117,54.2,1841,89.3
178,1400000US11001008100,35.0,2527,100.0,1333,52.8,1194,47.2,820,32.4
179,1400000US11001000801,41.1,6721,100.0,2826,42.0,3895,58.0,292,4.3
180,1400000US51059415100,41.6,3237,100.0,1590,49.1,1647,50.9,325,10.0
181,,,,,,,,,,
182,1400000US51059416000,37.7,4080,100.0,1995,48.9,2085,51.1,707,17.3
183,1400000US51059420100,37.7,3371,100.0,1693,50.2,1678,49.8,342,10.1
184,1400000US51059420800,39.0,3358,100.0,1674,49.9,1684,50.1,221,6.6
185,1400000US51059421200,41.5,2053,100.0,1015,49.4,1038,50.6,148,7.2
186,1400000US51059421600,29.8,5549,100.0,2766,49.8,2783,50.2,2609,47.0
187,1400000US51059421800,31.6,4568,100.0,2090,45.8,2478,54.2,1707,37.4
188,,,,,,,,,,
189,,,,,,,,,,
190,,,,,,,,,,
191,1400000US51059430500,38.6,1686,100.0,840,49.8,846,50.2,64,3.8
192,,,,,,,,,,
193,,,,,,,,,,
194,1400000US51059431900,42.0,3433,100.0,1743,50.8,1690,49.2,111,3.2
195,1400000US51059432300,39.4,4949,100.0,2453,49.6,2496,50.4,224,4.5
196,,,,,,,,,,
197,1400000US51059440600,37.9,2437,100.0,1243,51.0,1194,49.0,87,3.6
198,1400000US51059450200,30.5,4596,100.0,2409,52.4,2187,47.6,254,5.5
199,1400000US51059450500,35.4,2856,100.0,1447,50.7,1409,49.3,48,1.7
200,,,,,,,,,,
201,1400000US51059451300,43.6,2140,100.0,1013,47.3,1127,52.7,53,2.5
202,1400000US51059451900,33.6,6144,100.0,3159,51.4,2985,48.6,1044,17.0
203,,,,,,,,,,
204,,,,,,,,,,
205,,,,,,,,,,
206,1400000US51059460200,41.9,4030,100.0,2010,49.9,2020,50.1,49,1.2
207,1400000US51059460300,41.4,2715,100.0,1351,49.8,1364,50.2,23,0.8
208,1400000US51059460600,37.9,4373,100.0,2251,51.5,2122,48.5,136,3.1
209,1400000US51059461000,39.9,2322,100.0,1127,48.5,1195,51.5,249,10.7
210,,,,,,,,,,
211,,,,,,,,,,
212,1400000US51059470600,44.7,2320,100.0,1088,46.9,1232,53.1,28,1.2
213,1400000US51059471000,38.3,1772,100.0,866,48.9,906,51.1,33,1.9
214,,,,,,,,,,
215,,,,,,,,,,
216,,,,,,,,,,
217,,,,,,,,,,
218,1400000US51059481000,29.2,3952,100.0,1988,50.3,1964,49.7,548,13.9
219,,,,,,,,,,
220,,,,,,,,,,
221,,,,,,,,,,
222,,,,,,,,,,
223,,,,,,,,,,
224,,,,,,,,,,
225,,,,,,,,,,
226,,,,,,,,,,
227,,,,,,,,,,
228,,,,,,,,,,
229,,,,,,,,,,
230,,,,,,,,,,
231,1400000US51013100100,39.5,4232,100.0,2060,48.7,2172,51.3,54,1.3
232,1400000US51013100400,45.9,3264,100.0,1595,48.9,1669,51.1,44,1.3
233,1400000US51013100800,35.6,1479,100.0,726,49.1,753,50.9,676,45.7
234,,,,,,,,,,
235,,,,,,,,,,
236,,,,,,,,,,
237,1400000US51013101900,37.2,2364,100.0,1198,50.7,1166,49.3,44,1.9
238,,,,,,,,,,
239,,,,,,,,,,
240,,,,,,,,,,
241,1400000US51013103402,45.7,3012,100.0,1531,50.8,1481,49.2,243,8.1
242,,,,,,,,,,
243,1400000US51510200103,32.1,6949,100.0,3367,48.5,3582,51.5,2393,34.4
244,,,,,,,,,,
245,1400000US51510200301,29.7,3508,100.0,1687,48.1,1821,51.9,901,25.7
246,,,,,,,,,,
247,1400000US51510200500,29.9,4241,100.0,1866,44.0,2375,56.0,1053,24.8
248,1400000US51510200600,36.2,4527,100.0,2224,49.1,2303,50.9,1119,24.7
249,,,,,,,,,,
250,,,,,,,,,,
251,1400000US51510200900,41.7,4518,100.0,2109,46.7,2409,53.3,172,3.8
252,1400000US51510201204,34.6,2924,100.0,1560,53.4,1364,46.6,1469,50.2
253,1400000US51510201600,32.3,4089,100.0,1958,47.9,2131,52.1,1857,45.4
254,1400000US51510202001,47.4,2145,100.0,1025,47.8,1120,52.2,66,3.1
255,,,,,,,,,,
256,1400000US51610500300,39.8,3385,100.0,1704,50.3,1681,49.7,129,3.8
257,1400000US51059415200,41.3,3032,100.0,1332,43.9,1700,56.1,106,3.5
258,1400000US51059415300,38.0,3783,100.0,1839,48.6,1944,51.4,613,16.2
259,,,,,,,,,,
260,1400000US51059415500,41.7,5744,100.0,2592,45.1,3152,54.9,1160,20.2
261,1400000US51059415600,48.4,2478,100.0,1193,48.1,1285,51.9,28,1.1
262,1400000US51059415700,44.1,3622,100.0,1743,48.1,1879,51.9,27,0.7
263,1400000US51059415800,44.1,4434,100.0,2196,49.5,2238,50.5,137,3.1
264,1400000US51059415900,46.2,3034,100.0,1473,48.5,1561,51.5,96,3.2
265,1400000US51059416100,47.1,3461,100.0,1679,48.5,1782,51.5,119,3.4
266,1400000US51059416200,25.4,4201,100.0,2130,50.7,2071,49.3,1238,29.5
267,1400000US51059416300,44.7,1750,100.0,887,50.7,863,49.3,26,1.5
268,,,,,,,,,,
269,,,,,,,,,,
270,,,,,,,,,,
271,1400000US51059420300,38.4,5210,100.0,2593,49.8,2617,50.2,414,7.9
272,,,,,,,,,,
273,,,,,,,,,,
274,,,,,,,,,,
275,1400000US51059420600,32.3,4396,100.0,2235,50.8,2161,49.2,790,18.0
276,1400000US51059420700,41.7,3689,100.0,1813,49.1,1876,50.9,272,7.4
277,,,,,,,,,,
278,,,,,,,,,,
279,,,,,,,,,,
280,,,,,,,,,,
281,,,,,,,,,,
282,1400000US51059421300,38.4,3833,100.0,1877,49.0,1956,51.0,485,12.7
283,1400000US51059421400,30.6,5945,100.0,2976,50.1,2969,49.9,2016,33.9
284,1400000US51059421500,30.9,5622,100.0,2777,49.4,2845,50.6,1697,30.2
285,,,,,,,,,,
286,,,,,,,,,,
287,1400000US51059421900,21.7,3059,100.0,1531,50.0,1528,50.0,1085,35.5
288,1400000US51059422000,39.8,2717,100.0,1324,48.7,1393,51.3,621,22.9
289,,,,,,,,,,
290,,,,,,,,,,
291,,,,,,,,,,
292,,,,,,,,,,
293,,,,,,,,,,
294,,,,,,,,,,
295,,,,,,,,,,
296,,,,,,,,,,
297,,,,,,,,,,
298,,,,,,,,,,
299,,,,,,,,,,
300,1400000US51059430400,38.5,6597,100.0,3279,49.7,3318,50.3,192,2.9
301,1400000US51059430600,32.3,6307,100.0,3317,52.6,2990,47.4,304,4.8
302,1400000US51059430700,37.7,2586,100.0,1304,50.4,1282,49.6,70,2.7
303,,,,,,,,,,
304,,,,,,,,,,
305,,,,,,,,,,
306,,,,,,,,,,
307,,,,,,,,,,
308,1400000US51059431300,38.1,4388,100.0,2150,49.0,2238,51.0,212,4.8
309,1400000US51059431400,38.9,4315,100.0,2107,48.8,2208,51.2,258,6.0
310,1400000US51059431500,41.5,4903,100.0,2384,48.6,2519,51.4,221,4.5
311,1400000US51059431600,37.9,6057,100.0,2989,49.3,3068,50.7,451,7.4
312,,,,,,,,,,
313,1400000US51059432000,33.6,3367,100.0,1606,47.7,1761,52.3,199,5.9
314,1400000US51059432100,39.2,3505,100.0,1649,47.0,1856,53.0,162,4.6
315,,,,,,,,,,
316,,,,,,,,,,
317,,,,,,,,,,
318,,,,,,,,,,
319,1400000US51059432500,39.1,5870,100.0,2878,49.0,2992,51.0,303,5.2
320,1400000US51059432600,37.1,4721,100.0,2348,49.7,2373,50.3,349,7.4
321,,,,,,,,,,
322,1400000US51059432800,32.8,2182,100.0,1050,48.1,1132,51.9,353,16.2
323,1400000US51059440100,43.7,7485,100.0,3598,48.1,3887,51.9,147,2.0
324,,,,,,,,,,
325,,,,,,,,,,
326,1400000US51059440300,43.5,2691,100.0,1328,49.3,1363,50.7,59,2.2
327,,,,,,,,,,
328,,,,,,,,,,
329,,,,,,,,,,
330,,,,,,,,,,
331,1400000US51059440800,44.0,5576,100.0,2705,48.5,2871,51.5,79,1.4
332,1400000US51059450100,33.0,5020,100.0,2558,51.0,2462,49.0,302,6.0
333,1400000US51059450300,35.8,4553,100.0,2229,49.0,2324,51.0,345,7.6
334,1400000US51059450400,42.2,2458,100.0,1186,48.3,1272,51.7,34,1.4
335,,,,,,,,,,
336,,,,,,,,,,
337,,,,,,,,,,
338,1400000US51059450800,41.1,3192,100.0,1555,48.7,1637,51.3,135,4.2
339,1400000US51059450900,40.1,1598,100.0,792,49.6,806,50.4,20,1.3
340,1400000US51059451000,42.8,2712,100.0,1284,47.3,1428,52.7,80,2.9
341,1400000US51059451100,44.7,2141,100.0,1071,50.0,1070,50.0,36,1.7
342,1400000US51059451200,48.2,1631,100.0,812,49.8,819,50.2,26,1.6
343,1400000US51059451400,30.9,3191,100.0,1739,54.5,1452,45.5,161,5.0
344,,,,,,,,,,
345,,,,,,,,,,
346,,,,,,,,,,
347,,,,,,,,,,
348,1400000US51059451800,40.8,3216,100.0,1564,48.6,1652,51.4,110,3.4
349,1400000US51059452000,44.2,2733,100.0,1262,46.2,1471,53.8,250,9.1
350,,,,,,,,,,
351,1400000US51059452200,35.8,6059,100.0,2987,49.3,3072,50.7,483,8.0
352,,,,,,,,,,
353,,,,,,,,,,
354,1400000US51059452400,36.6,6494,100.0,3259,50.2,3235,49.8,385,5.9
355,,,,,,,,,,
356,1400000US51059452600,36.5,4247,100.0,2054,48.4,2193,51.6,768,18.1
357,1400000US51059452700,32.4,4790,100.0,2326,48.6,2464,51.4,852,17.8
358,,,,,,,,,,
359,1400000US51059460100,42.3,3795,100.0,1875,49.4,1920,50.6,76,2.0
360,1400000US51059460400,39.9,4310,100.0,2065,47.9,2245,52.1,130,3.0
361,,,,,,,,,,
362,,,,,,,,,,
363,,,,,,,,,,
364,,,,,,,,,,
365,1400000US51059460800,40.2,2878,100.0,1392,48.4,1486,51.6,67,2.3
366,1400000US51059460900,44.4,2262,100.0,1115,49.3,1147,50.7,34,1.5
367,1400000US51059461100,41.0,6939,100.0,3492,50.3,3447,49.7,152,2.2
368,,,,,,,,,,
369,,,,,,,,,,
370,1400000US51059461500,37.6,5199,100.0,2569,49.4,2630,50.6,192,3.7
371,,,,,,,,,,
372,1400000US51059461700,33.8,5811,100.0,2940,50.6,2871,49.4,318,5.5
373,,,,,,,,,,
374,,,,,,,,,,
375,,,,,,,,,,
376,1400000US51059470100,44.5,2847,100.0,1423,50.0,1424,50.0,35,1.2
377,1400000US51059470300,45.5,3132,100.0,1511,48.2,1621,51.8,52,1.7
378,1400000US51059470400,43.8,4754,100.0,2293,48.2,2461,51.8,118,2.5
379,1400000US51059470500,44.1,5121,100.0,2424,47.3,2697,52.7,69,1.3
380,1400000US51059470700,41.5,4973,100.0,2436,49.0,2537,51.0,98,2.0
381,1400000US51059470800,42.9,2782,100.0,1320,47.4,1462,52.6,53,1.9
382,1400000US51059470900,42.7,6359,100.0,3023,47.5,3336,52.5,82,1.3
383,1400000US51059471100,36.8,6479,100.0,3279,50.6,3200,49.4,154,2.4
384,,,,,,,,,,
385,,,,,,,,,,
386,,,,,,,,,,
387,,,,,,,,,,
388,,,,,,,,,,
389,,,,,,,,,,
390,1400000US51059480100,44.2,4076,100.0,2061,50.6,2015,49.4,45,1.1
391,,,,,,,,,,
392,,,,,,,,,,
393,1400000US51059480300,42.9,6552,100.0,3258,49.7,3294,50.3,136,2.1
394,,,,,,,,,,
395,,,,,,,,,,
396,,,,,,,,,,
397,,,,,,,,,,
398,,,,,,,,,,
399,,,,,,,,,,
400,,,,,,,,,,
401,,,,,,,,,,
402,,,,,,,,,,
403,,,,,,,,,,
404,,,,,,,,,,
405,,,,,,,,,,
406,,,,,,,,,,
407,,,,,,,,,,
408,,,,,,,,,,
409,,,,,,,,,,
410,,,,,,,,,,
411,1400000US51059481400,41.0,6294,100.0,3029,48.1,3265,51.9,555,8.8
412,1400000US51059481500,46.7,2143,100.0,1096,51.1,1047,48.9,68,3.2
413,1400000US51059481600,43.2,3052,100.0,1503,49.2,1549,50.8,45,1.5
414,,,,,,,,,,
415,1400000US51059481900,35.9,5518,100.0,2601,47.1,2917,52.9,476,8.6
416,,,,,,,,,,
417,1400000US51059482100,36.0,3225,100.0,1623,50.3,1602,49.7,315,9.8
418,,,,,,,,,,
419,,,,,,,,,,
420,,,,,,,,,,
421,,,,,,,,,,
422,,,,,,,,,,
423,1400000US51059482400,40.0,2373,100.0,1191,50.2,1182,49.8,93,3.9
424,,,,,,,,,,
425,,,,,,,,,,
426,,,,,,,,,,
427,,,,,,,,,,
428,,,,,,,,,,
429,,,,,,,,,,
430,,,,,,,,,,
431,,,,,,,,,,
432,1400000US51059491000,36.7,1911,100.0,958,50.1,953,49.9,52,2.7
433,,,,,,,,,,
434,,,,,,,,,,
435,,,,,,,,,,
436,,,,,,,,,,
437,,,,,,,,,,
438,,,,,,,,,,
439,,,,,,,,,,
440,,,,,,,,,,
441,,,,,,,,,,
442,,,,,,,,,,
443,,,,,,,,,,
444,,,,,,,,,,
445,,,,,,,,,,
446,,,,,,,,,,
447,,,,,,,,,,
448,,,,,,,,,,
449,,,,,,,,,,
450,,,,,,,,,,
451,,,,,,,,,,
452,1400000US51059492000,43.2,6211,100.0,3157,50.8,3054,49.2,233,3.8
453,1400000US51059492100,44.1,6575,100.0,3323,50.5,3252,49.5,157,2.4
454,,,,,,,,,,
455,,,,,,,,,,
456,1400000US51059492300,33.2,3431,100.0,1720,50.1,1711,49.9,295,8.6
457,1400000US51059492400,31.4,4272,100.0,2091,48.9,2181,51.1,669,15.7
458,,,,,,,,,,
459,,,,,,,,,,
460,,,,,,,,,,
461,1400000US51013100200,41.9,5448,100.0,2645,48.5,2803,51.5,61,1.1
462,1400000US51013100300,42.3,6122,100.0,2869,46.9,3253,53.1,131,2.1
463,1400000US51013100500,38.7,3788,100.0,1869,49.3,1919,50.7,63,1.7
464,1400000US51013100600,37.5,2953,100.0,1434,48.6,1519,51.4,127,4.3
465,1400000US51013100700,35.5,5310,100.0,2603,49.0,2707,51.0,283,5.3
466,1400000US51013100900,37.1,3945,100.0,1943,49.3,2002,50.7,216,5.5
467,1400000US51013101000,36.8,2872,100.0,1401,48.8,1471,51.2,78,2.7
468,1400000US51013101100,37.2,4574,100.0,2231,48.8,2343,51.2,86,1.9
469,1400000US51013101200,40.6,3584,100.0,1706,47.6,1878,52.4,84,2.3
470,1400000US51013101300,36.3,5820,100.0,2949,50.7,2871,49.3,124,2.1
471,,,,,,,,,,
472,,,,,,,,,,
473,,,,,,,,,,
474,1400000US51013101500,33.8,6013,100.0,2967,49.3,3046,50.7,237,3.9
475,,,,,,,,,,
476,,,,,,,,,,
477,,,,,,,,,,
478,,,,,,,,,,
479,,,,,,,,,,
480,,,,,,,,,,
481,,,,,,,,,,
482,,,,,,,,,,
483,,,,,,,,,,
484,,,,,,,,,,
485,1400000US51013102100,46.4,2211,100.0,1027,46.4,1184,53.6,92,4.2
486,1400000US51013102200,30.2,7576,100.0,3955,52.2,3621,47.8,1154,15.2
487,,,,,,,,,,
488,1400000US51013102400,34.7,3450,100.0,1757,50.9,1693,49.1,427,12.4
489,1400000US51013102500,32.5,4158,100.0,2068,49.7,2090,50.3,594,14.3
490,1400000US51013102600,33.7,3115,100.0,1525,49.0,1590,51.0,352,11.3
491,,,,,,,,,,
492,,,,,,,,,,
493,,,,,,,,,,
494,,,,,,,,,,
495,1400000US51013103000,36.4,3090,100.0,1334,43.2,1756,56.8,87,2.8
496,1400000US51013103100,35.5,4150,100.0,2000,48.2,2150,51.8,2519,60.7
497,1400000US51013103200,32.5,6902,100.0,3404,49.3,3498,50.7,1216,17.6
498,1400000US51013103300,35.4,1024,100.0,492,48.0,532,52.0,627,61.2
499,1400000US51013103401,22.9,2245,100.0,1804,80.4,441,19.6,574,25.6
500,,,,,,,,,,
501,,,,,,,,,,
502,,,,,,,,,,
503,,,,,,,,,,
504,1400000US51013103700,46.0,2327,100.0,1204,51.7,1123,48.3,67,2.9
505,1400000US51013103800,29.3,4490,100.0,2411,53.7,2079,46.3,756,16.8
506,,,,,,,,,,
507,,,,,,,,,,
508,,,,,,,,,,
509,1400000US51510201300,36.3,3034,100.0,1447,47.7,1587,52.3,820,27.0
510,1400000US51510201400,34.4,3791,100.0,1808,47.7,1983,52.3,444,11.7
511,1400000US51510201500,40.3,3445,100.0,1631,47.3,1814,52.7,189,5.5
512,1400000US51510201801,39.3,4727,100.0,2142,45.3,2585,54.7,932,19.7
513,1400000US51510201802,40.3,1876,100.0,847,45.1,1029,54.9,469,25.0
514,1400000US51510201900,36.0,1644,100.0,820,49.9,824,50.1,119,7.2
515,1400000US51510202002,38.9,2479,100.0,1144,46.1,1335,53.9,75,3.0
516,1400000US51510200102,31.1,4021,100.0,2059,51.2,1962,48.8,930,23.1
517,1400000US51510200104,28.1,3089,100.0,1554,50.3,1535,49.7,838,27.1
518,1400000US51510200105,34.6,4025,100.0,2101,52.2,1924,47.8,1511,37.5
519,,,,,,,,,,
520,1400000US51510200201,35.9,3416,100.0,1613,47.2,1803,52.8,740,21.7
521,1400000US51510200202,46.8,1538,100.0,741,48.2,797,51.8,72,4.7
522,1400000US51510200302,35.4,3857,100.0,1897,49.2,1960,50.8,785,20.4
523,1400000US51510200303,37.0,4933,100.0,2138,43.3,2795,56.7,1419,28.8
524,,,,,,,,,,
525,,,,,,,,,,
526,,,,,,,,,,
527,,,,,,,,,,
528,,,,,,,,,,
529,1400000US51510200801,42.3,2454,100.0,1189,48.5,1265,51.5,164,6.7
530,1400000US51510200802,33.6,2840,100.0,1350,47.5,1490,52.5,649,22.9
531,1400000US51510201000,37.4,2677,100.0,1101,41.1,1576,58.9,130,4.9
532,1400000US51510201100,38.6,2702,100.0,1318,48.8,1384,51.2,223,8.3
533,1400000US51510201202,32.5,3278,100.0,1629,49.7,1649,50.3,793,24.2
534,1400000US51510201203,27.8,7120,100.0,4005,56.3,3115,43.8,1619,22.7
535,,,,,,,,,,
536,,,,,,,,,,
537,,,,,,,,,,
538,,,,,,,,,,
539,1400000US51610500100,42.4,2288,100.0,1121,49.0,1167,51.0,45,2.0
540,1400000US51610500200,38.3,4704,100.0,2224,47.3,2480,52.7,166,3.5
541,1400000US51059420400,31.4,2513,100.0,1292,51.4,1221,48.6,556,22.1
542,,,,,,,,,,
543,,,,,,,,,,
544,1400000US24031700304,31.8,5376,100.0,2589,48.2,2787,51.8,742,13.8
545,1400000US24031700607,36.1,7957,100.0,3913,49.2,4044,50.8,265,3.3
546,,,,,,,,,,
547,1400000US24031700710,35.6,6310,100.0,3156,50.0,3154,50.0,1042,16.5
548,,,,,,,,,,
549,,,,,,,,,,
550,1400000US24031700815,31.2,6319,100.0,3119,49.4,3200,50.6,1625,25.7
551,,,,,,,,,,
552,,,,,,,,,,
553,1400000US24033803001,34.6,2934,100.0,1372,46.8,1562,53.2,2830,96.5
554,1400000US24033803002,36.2,2947,100.0,1340,45.5,1607,54.5,2862,97.1
555,1400000US24033803100,36.3,2567,100.0,1210,47.1,1357,52.9,2443,95.2
556,1400000US24033803200,27.2,3051,100.0,1368,44.8,1683,55.2,2918,95.6
557,1400000US24033803512,33.6,4146,100.0,1927,46.5,2219,53.5,3760,90.7
558,1400000US24033803519,27.7,4866,100.0,2327,47.8,2539,52.2,3664,75.3
559,,,,,,,,,,
560,1400000US24033803613,31.0,5137,100.0,2457,47.8,2680,52.2,3827,74.5
561,1400000US24033804001,29.8,3949,100.0,1843,46.7,2106,53.3,3260,82.6
562,1400000US24033804400,37.9,2393,100.0,1151,48.1,1242,51.9,1235,51.6
563,1400000US24033804900,36.6,3848,100.0,1730,45.0,2118,55.0,3051,79.3
564,1400000US24033805601,26.9,5669,100.0,3351,59.1,2318,40.9,737,13.0
565,1400000US24033805904,39.8,3069,100.0,1513,49.3,1556,50.7,1138,37.1
566,1400000US24033806200,35.1,3905,100.0,1800,46.1,2105,53.9,1407,36.0
567,1400000US24033806602,30.1,4422,100.0,2198,49.7,2224,50.3,2441,55.2
568,1400000US24033806712,34.0,2807,100.0,1250,44.5,1557,55.5,1514,53.9
569,1400000US24033807304,41.5,1719,100.0,875,50.9,844,49.1,557,32.4
570,,,,,,,,,,
571,,,,,,,,,,
572,,,,,,,,,,
573,,,,,,,,,,
574,1400000US24031700901,41.5,2850,100.0,1239,43.5,1611,56.5,477,16.7
575,1400000US24031701002,39.0,3608,100.0,1966,54.5,1642,45.5,378,10.5
576,1400000US24031701102,36.0,5688,100.0,2922,51.4,2766,48.6,387,6.8
577,1400000US24031701210,45.3,3966,100.0,1966,49.6,2000,50.4,80,2.0
578,1400000US24031701215,40.3,3994,100.0,1755,43.9,2239,56.1,219,5.5
579,1400000US24031701304,41.1,6146,100.0,3072,50.0,3074,50.0,315,5.1
580,1400000US24031701313,35.0,3956,100.0,1928,48.7,2028,51.3,373,9.4
581,1400000US24031701409,41.1,3942,100.0,1943,49.3,1999,50.7,467,11.8
582,,,,,,,,,,
583,,,,,,,,,,
584,,,,,,,,,,
585,1400000US24031701900,31.2,3218,100.0,1643,51.1,1575,48.9,664,20.6
586,1400000US24031702102,37.5,2964,100.0,1492,50.3,1472,49.7,209,7.1
587,1400000US24031702500,36.6,2660,100.0,1201,45.2,1459,54.8,1267,47.6
588,1400000US24031703201,41.2,6870,100.0,3320,48.3,3550,51.7,546,7.9
589,1400000US24031703209,40.4,4885,100.0,2255,46.2,2630,53.8,889,18.2
590,,,,,,,,,,
591,1400000US24031703301,37.4,4253,100.0,2121,49.9,2132,50.1,450,10.6
592,1400000US24031703402,36.3,3271,100.0,1616,49.4,1655,50.6,425,13.0
593,1400000US24031703602,38.2,2696,100.0,1285,47.7,1411,52.3,159,5.9
594,1400000US24031703902,34.9,6222,100.0,3012,48.4,3210,51.6,1315,21.1
595,,,,,,,,,,
596,,,,,,,,,,
597,1400000US24031705300,46.5,1976,100.0,981,49.6,995,50.4,14,0.7
598,1400000US24031705601,39.8,2652,100.0,1216,45.9,1436,54.1,35,1.3
599,1400000US24031705602,46.9,3234,100.0,1319,40.8,1915,59.2,116,3.6
600,1400000US24031705701,42.3,4120,100.0,1914,46.5,2206,53.5,68,1.7
601,1400000US24031705901,45.3,4044,100.0,1927,47.7,2117,52.3,129,3.2
602,,,,,,,,,,
603,1400000US24033800106,35.5,2188,100.0,995,45.5,1193,54.5,785,35.9
604,1400000US24033800209,28.9,4472,100.0,2056,46.0,2416,54.0,2784,62.3
605,,,,,,,,,,
606,1400000US24033800408,38.6,4002,100.0,1940,48.5,2062,51.5,2083,52.0
607,,,,,,,,,,
608,,,,,,,,,,
609,,,,,,,,,,
610,,,,,,,,,,
611,,,,,,,,,,
612,,,,,,,,,,
613,,,,,,,,,,
614,,,,,,,,,,
615,1400000US24033801308,38.4,3712,100.0,1727,46.5,1985,53.5,2828,76.2
616,,,,,,,,,,
617,,,,,,,,,,
618,1400000US24033801702,29.5,3394,100.0,1503,44.3,1891,55.7,3008,88.6
619,1400000US24033801801,31.4,2099,100.0,938,44.7,1161,55.3,1930,91.9
620,1400000US24033801805,35.1,2310,100.0,1107,47.9,1203,52.1,2153,93.2
621,1400000US24033802104,36.2,2095,100.0,933,44.5,1162,55.5,1776,84.8
622,1400000US24033802203,37.4,4791,100.0,2235,46.6,2556,53.4,3995,83.4
623,1400000US24033802406,30.2,2435,100.0,1070,43.9,1365,56.1,2279,93.6
624,1400000US24033802600,33.0,3314,100.0,1564,47.2,1750,52.8,3072,92.7
625,1400000US24031700308,32.2,5616,100.0,2706,48.2,2910,51.8,684,12.2
626,1400000US24031700309,31.1,3939,100.0,1895,48.1,2044,51.9,732,18.6
627,1400000US24031700310,32.1,4200,100.0,2025,48.2,2175,51.8,500,11.9
628,,,,,,,,,,
629,,,,,,,,,,
630,1400000US24031700400,42.7,2034,100.0,1010,49.7,1024,50.3,165,8.1
631,1400000US24031700500,36.5,6440,100.0,3202,49.7,3238,50.3,317,4.9
632,1400000US24031700604,40.2,6378,100.0,3170,49.7,3208,50.3,252,4.0
633,1400000US24031700606,38.9,4554,100.0,2247,49.3,2307,50.7,108,2.4
634,1400000US24031700608,39.4,4958,100.0,2470,49.8,2488,50.2,222,4.5
635,1400000US24031700610,40.3,2106,100.0,1055,50.1,1051,49.9,122,5.8
636,,,,,,,,,,
637,,,,,,,,,,
638,,,,,,,,,,
639,,,,,,,,,,
640,1400000US24031700704,35.4,2936,100.0,1471,50.1,1465,49.9,225,7.7
641,1400000US24031700706,29.8,3269,100.0,1641,50.2,1628,49.8,696,21.3
642,1400000US24031700711,35.2,6086,100.0,2980,49.0,3106,51.0,922,15.1
643,1400000US24031700713,29.8,5115,100.0,2615,51.1,2500,48.9,888,17.4
644,1400000US24031700715,33.2,5685,100.0,2794,49.1,2891,50.9,1007,17.7
645,1400000US24031700716,32.7,7613,100.0,3677,48.3,3936,51.7,1243,16.3
646,,,,,,,,,,
647,,,,,,,,,,
648,,,,,,,,,,
649,,,,,,,,,,
650,,,,,,,,,,
651,,,,,,,,,,
652,1400000US24031700810,35.9,4935,100.0,2372,48.1,2563,51.9,779,15.8
653,1400000US24031700811,34.2,3722,100.0,1737,46.7,1985,53.3,934,25.1
654,1400000US24031700812,39.6,4055,100.0,1872,46.2,2183,53.8,552,13.6
655,1400000US24031700101,40.8,3849,100.0,1935,50.3,1914,49.7,247,6.4
656,1400000US24031700103,39.2,4530,100.0,2275,50.2,2255,49.8,297,6.6
657,,,,,,,,,,
658,1400000US24031700204,39.4,1949,100.0,987,50.6,962,49.4,43,2.2
659,1400000US24031700205,35.8,5196,100.0,2577,49.6,2619,50.4,126,2.4
660,1400000US24031700206,35.2,5430,100.0,2691,49.6,2739,50.4,203,3.7
661,,,,,,,,,,
662,,,,,,,,,,
663,1400000US24031700306,31.5,6161,100.0,3033,49.2,3128,50.8,1107,18.0
664,1400000US24031700813,37.4,5459,100.0,2484,45.5,2975,54.5,911,16.7
665,1400000US24031700816,31.5,7627,100.0,3743,49.1,3884,50.9,1316,17.3
666,1400000US24031700817,32.3,4434,100.0,2138,48.2,2296,51.8,439,9.9
667,1400000US24031700818,29.1,5672,100.0,2808,49.5,2864,50.5,1357,23.9
668,1400000US24031700819,31.8,6151,100.0,2983,48.5,3168,51.5,887,14.4
669,,,,,,,,,,
670,,,,,,,,,,
671,1400000US24033803300,32.4,4619,100.0,2156,46.7,2463,53.3,4376,94.7
672,1400000US24033803401,33.1,1424,100.0,661,46.4,763,53.6,1378,96.8
673,1400000US24033803402,31.0,4744,100.0,2162,45.6,2582,54.4,4583,96.6
674,1400000US24033803508,25.6,5051,100.0,2221,44.0,2830,56.0,4742,93.9
675,1400000US24033803509,25.5,3053,100.0,1441,47.2,1612,52.8,2819,92.3
676,1400000US24033803513,34.5,4262,100.0,1795,42.1,2467,57.9,4033,94.6
677,1400000US24033803514,33.4,2736,100.0,1131,41.3,1605,58.7,2571,94.0
678,1400000US24033803516,34.1,3255,100.0,1472,45.2,1783,54.8,2239,68.8
679,1400000US24033806711,33.5,4158,100.0,1864,44.8,2294,55.2,2330,56.0
680,,,,,,,,,,
681,,,,,,,,,,
682,1400000US24033806800,37.9,3689,100.0,1872,50.7,1817,49.3,444,12.0
683,1400000US24033806900,35.0,3864,100.0,1947,50.4,1917,49.6,612,15.8
684,1400000US24033807000,29.9,4655,100.0,2454,52.7,2201,47.3,800,17.2
685,1400000US24033807102,34.5,2405,100.0,1209,50.3,1196,49.7,404,16.8
686,1400000US24033807200,20.1,11591,100.0,6185,53.4,5406,46.6,1766,15.2
687,1400000US24033807301,28.8,3107,100.0,1667,53.7,1440,46.3,542,17.4
688,1400000US24033807305,32.7,3554,100.0,1753,49.3,1801,50.7,1407,39.6
689,1400000US24033807404,34.3,4758,100.0,2452,51.5,2306,48.5,1035,21.8
690,1400000US24033807407,35.9,4594,100.0,2291,49.9,2303,50.1,1561,34.0
691,1400000US24033807408,37.8,5384,100.0,2573,47.8,2811,52.2,1347,25.0
692,,,,,,,,,,
693,,,,,,,,,,
694,,,,,,,,,,
695,,,,,,,,,,
696,,,,,,,,,,
697,,,,,,,,,,
698,,,,,,,,,,
699,,,,,,,,,,
700,,,,,,,,,,
701,1400000US24033803601,37.3,3497,100.0,1667,47.7,1830,52.3,3268,93.5
702,1400000US24033803602,33.8,1938,100.0,882,45.5,1056,54.5,1871,96.5
703,1400000US24033803605,36.3,6341,100.0,3123,49.3,3218,50.7,3617,57.0
704,1400000US24033803606,37.1,4930,100.0,2472,50.1,2458,49.9,2422,49.1
705,1400000US24033803608,35.8,5475,100.0,2625,47.9,2850,52.1,4091,74.7
706,1400000US24033803610,36.7,3184,100.0,1569,49.3,1615,50.7,1903,59.8
707,1400000US24033803612,30.9,3308,100.0,1533,46.3,1775,53.7,2577,77.9
708,1400000US24033803700,35.3,2153,100.0,1021,47.4,1132,52.6,1286,59.7
709,1400000US24033803801,35.6,2156,100.0,1024,47.5,1132,52.5,1505,69.8
710,1400000US24033803803,31.8,5242,100.0,2548,48.6,2694,51.4,3796,72.4
711,1400000US24033803900,27.8,3922,100.0,2068,52.7,1854,47.3,1765,45.0
712,1400000US24033804002,33.0,3808,100.0,1881,49.4,1927,50.6,2030,53.3
713,1400000US24033804101,32.1,3467,100.0,1713,49.4,1754,50.6,2387,68.8
714,1400000US24033804102,31.4,5260,100.0,2478,47.1,2782,52.9,4315,82.0
715,1400000US24033804200,40.1,3093,100.0,1485,48.0,1608,52.0,1258,40.7
716,1400000US24033804300,29.9,3475,100.0,1701,48.9,1774,51.1,2728,78.5
717,1400000US24033804600,33.4,2862,100.0,1389,48.5,1473,51.5,1517,53.0
718,1400000US24033804700,34.6,3825,100.0,1925,50.3,1900,49.7,1779,46.5
719,,,,,,,,,,
720,,,,,,,,,,
721,1400000US24033805000,32.9,5238,100.0,2327,44.4,2911,55.6,4223,80.6
722,1400000US24033805101,30.1,3389,100.0,1781,52.6,1608,47.4,1687,49.8
723,1400000US24033805201,31.7,3890,100.0,1926,49.5,1964,50.5,2458,63.2
724,1400000US24033805202,32.5,3682,100.0,1772,48.1,1910,51.9,2808,76.3
725,1400000US24033805500,30.8,4201,100.0,2081,49.5,2120,50.5,1968,46.8
726,1400000US24033805602,26.1,5142,100.0,2994,58.2,2148,41.8,1381,26.9
727,1400000US24033805700,30.1,5403,100.0,2719,50.3,2684,49.7,2172,40.2
728,1400000US24033805801,33.7,3841,100.0,1849,48.1,1992,51.9,1795,46.7
729,1400000US24033805802,32.0,3483,100.0,1750,50.2,1733,49.8,1517,43.6
730,,,,,,,,,,
731,,,,,,,,,,
732,,,,,,,,,,
733,,,,,,,,,,
734,1400000US24033806000,33.4,4098,100.0,1991,48.6,2107,51.4,1970,48.1
735,1400000US24033806100,37.9,4417,100.0,1998,45.2,2419,54.8,1566,35.5
736,1400000US24033806300,33.1,1903,100.0,960,50.4,943,49.6,765,40.2
737,1400000US24033806400,40.2,3131,100.0,1565,50.0,1566,50.0,214,6.8
738,1400000US24033806501,28.3,4637,100.0,2477,53.4,2160,46.6,1772,38.2
739,1400000US24033806601,28.1,4294,100.0,2255,52.5,2039,47.5,1906,44.4
740,1400000US24033806706,41.3,3553,100.0,1664,46.8,1889,53.2,1675,47.1
741,1400000US24033806708,36.0,4126,100.0,1977,47.9,2149,52.1,694,16.8
742,1400000US24033806710,34.9,4818,100.0,2293,47.6,2525,52.4,2272,47.2
743,1400000US24033803607,38.3,2994,100.0,1476,49.3,1518,50.7,2084,69.6
744,1400000US24031701417,29.8,4690,100.0,2023,43.1,2667,56.9,2218,47.3
745,,,,,,,,,,
746,1400000US24033807405,39.7,4804,100.0,2327,48.4,2477,51.6,742,15.4
747,1400000US24031704502,44.5,2679,100.0,1287,48.0,1392,52.0,82,3.1
748,,,,,,,,,,
749,,,,,,,,,,
750,,,,,,,,,,
751,,,,,,,,,,
752,1400000US24031700902,35.0,3686,100.0,1796,48.7,1890,51.3,921,25.0
753,1400000US24031700903,32.3,1852,100.0,888,47.9,964,52.1,412,22.2
754,1400000US24031700904,36.8,1772,100.0,809,45.7,963,54.3,128,7.2
755,1400000US24031700905,34.9,3944,100.0,1921,48.7,2023,51.3,136,3.4
756,1400000US24031701001,39.0,5397,100.0,2573,47.7,2824,52.3,365,6.8
757,1400000US24031701004,38.5,4986,100.0,2428,48.7,2558,51.3,461,9.2
758,1400000US24031701005,40.1,2692,100.0,1255,46.6,1437,53.4,135,5.0
759,,,,,,,,,,
760,,,,,,,,,,
761,1400000US24031701101,38.8,4333,100.0,2147,49.5,2186,50.5,278,6.4
762,1400000US24031701201,36.5,5889,100.0,2852,48.4,3037,51.6,347,5.9
763,1400000US24031701202,42.9,2610,100.0,1232,47.2,1378,52.8,29,1.1
764,1400000US24031701205,45.2,5587,100.0,2712,48.5,2875,51.5,84,1.5
765,1400000US24031701206,43.4,6326,100.0,3088,48.8,3238,51.2,165,2.6
766,1400000US24031701211,35.5,3720,100.0,1821,49.0,1899,51.0,425,11.4
767,1400000US24031701212,41.4,2801,100.0,1419,50.7,1382,49.3,164,5.9
768,1400000US24031701213,42.2,5030,100.0,2234,44.4,2796,55.6,142,2.8
769,1400000US24031701214,34.8,1823,100.0,812,44.5,1011,55.5,48,2.6
770,,,,,,,,,,
771,,,,,,,,,,
772,,,,,,,,,,
773,,,,,,,,,,
774,,,,,,,,,,
775,1400000US24031701303,46.1,3758,100.0,1845,49.1,1913,50.9,171,4.6
776,1400000US24031701306,38.9,2958,100.0,1454,49.2,1504,50.8,160,5.4
777,1400000US24031701307,38.8,2667,100.0,1291,48.4,1376,51.6,226,8.5
778,1400000US24031701308,42.2,2379,100.0,1162,48.8,1217,51.2,274,11.5
779,1400000US24031701312,37.4,6192,100.0,2981,48.1,3211,51.9,482,7.8
780,,,,,,,,,,
781,,,,,,,,,,
782,,,,,,,,,,
783,,,,,,,,,,
784,1400000US24031701408,41.0,5456,100.0,2717,49.8,2739,50.2,710,13.0
785,1400000US24031701410,33.4,6780,100.0,3192,47.1,3588,52.9,2246,33.1
786,1400000US24031701414,36.8,7197,100.0,3354,46.6,3843,53.4,2303,32.0
787,1400000US24031701415,39.4,7588,100.0,3640,48.0,3948,52.0,2406,31.7
788,,,,,,,,,,
789,,,,,,,,,,
790,,,,,,,,,,
791,,,,,,,,,,
792,1400000US24031701503,42.0,6378,100.0,3066,48.1,3312,51.9,1349,21.2
793,1400000US24031701505,35.9,6483,100.0,3023,46.6,3460,53.4,2436,37.6
794,1400000US24031701506,42.7,4914,100.0,2370,48.2,2544,51.8,860,17.5
795,1400000US24031701507,43.4,5204,100.0,2518,48.4,2686,51.6,952,18.3
796,,,,,,,,,,
797,,,,,,,,,,
798,1400000US24031701701,37.2,3630,100.0,1690,46.6,1940,53.4,871,24.0
799,1400000US24031701702,29.8,2680,100.0,1273,47.5,1407,52.5,1016,37.9
800,1400000US24031701703,35.2,3395,100.0,1676,49.4,1719,50.6,1250,36.8
801,1400000US24031701704,37.7,2702,100.0,1269,47.0,1433,53.0,948,35.1
802,1400000US24031701800,37.2,4850,100.0,2232,46.0,2618,54.0,1762,36.3
803,1400000US24031702000,29.8,5275,100.0,2688,51.0,2587,49.0,1361,25.8
804,1400000US24031702101,32.7,5438,100.0,2653,48.8,2785,51.2,2225,40.9
805,1400000US24031701407,41.0,5627,100.0,2788,49.5,2839,50.5,1073,19.1
806,1400000US24031702200,37.0,4157,100.0,2010,48.4,2147,51.6,614,14.8
807,1400000US24031702301,31.3,3783,100.0,1860,49.2,1923,50.8,1283,33.9
808,1400000US24031702302,35.4,4099,100.0,1939,47.3,2160,52.7,1003,24.5
809,1400000US24031702401,38.7,2543,100.0,1257,49.4,1286,50.6,433,17.0
810,1400000US24031702402,34.5,4582,100.0,2193,47.9,2389,52.1,1749,38.2
811,1400000US24031702601,34.2,4242,100.0,1869,44.1,2373,55.9,2064,48.7
812,1400000US24031702602,30.5,4558,100.0,2077,45.6,2481,54.4,1686,37.0
813,1400000US24031702700,34.2,6607,100.0,3224,48.8,3383,51.2,1803,27.3
814,1400000US24031702800,37.5,4545,100.0,2071,45.6,2474,54.4,1324,29.1
815,1400000US24031702900,42.5,5088,100.0,2419,47.5,2669,52.5,870,17.1
816,1400000US24031703000,38.0,1682,100.0,832,49.5,850,50.5,193,11.5
817,1400000US24031703100,36.9,4350,100.0,2125,48.9,2225,51.1,547,12.6
818,1400000US24031703202,44.4,5280,100.0,2501,47.4,2779,52.6,324,6.1
819,1400000US24031703206,41.3,3513,100.0,1745,49.7,1768,50.3,527,15.0
820,1400000US24031703207,31.9,5309,100.0,2626,49.5,2683,50.5,1442,27.2
821,1400000US24031703208,44.3,5181,100.0,2527,48.8,2654,51.2,817,15.8
822,1400000US24031703210,39.8,3092,100.0,1485,48.0,1607,52.0,610,19.7
823,1400000US24031703212,38.2,7548,100.0,3600,47.7,3948,52.3,2056,27.2
824,1400000US24031703213,30.2,5463,100.0,2502,45.8,2961,54.2,2231,40.8
825,1400000US24031703214,30.6,6699,100.0,3192,47.6,3507,52.4,2408,35.9
826,1400000US24031703215,35.5,2997,100.0,1401,46.7,1596,53.3,957,31.9
827,,,,,,,,,,
828,,,,,,,,,,
829,,,,,,,,,,
830,,,,,,,,,,
831,1400000US24031703302,37.0,3689,100.0,1871,50.7,1818,49.3,391,10.6
832,1400000US24031703401,37.6,4764,100.0,2358,49.5,2406,50.5,541,11.4
833,1400000US24031703403,35.1,3290,100.0,1586,48.2,1704,51.8,425,12.9
834,1400000US24031703404,32.0,2904,100.0,1473,50.7,1431,49.3,649,22.3
835,1400000US24031703501,32.8,6192,100.0,3039,49.1,3153,50.9,1155,18.7
836,1400000US24031703502,41.3,2942,100.0,1416,48.1,1526,51.9,445,15.1
837,1400000US24031703601,39.1,4236,100.0,1982,46.8,2254,53.2,538,12.7
838,1400000US24031703701,34.3,3609,100.0,1787,49.5,1822,50.5,544,15.1
839,1400000US24031703702,35.2,3715,100.0,1869,50.3,1846,49.7,519,14.0
840,1400000US24031703800,34.0,2070,100.0,1081,52.2,989,47.8,364,17.6
841,1400000US24031703901,39.5,2838,100.0,1336,47.1,1502,52.9,435,15.3
842,1400000US24031704000,37.7,6059,100.0,2806,46.3,3253,53.7,1174,19.4
843,1400000US24031704100,44.8,4553,100.0,2123,46.6,2430,53.4,150,3.3
844,1400000US24031704200,41.7,1873,100.0,879,46.9,994,53.1,47,2.5
845,1400000US24031704300,39.5,3390,100.0,1624,47.9,1766,52.1,28,0.8
846,1400000US24031704401,41.7,3059,100.0,1482,48.4,1577,51.6,187,6.1
847,,,,,,,,,,
848,1400000US24031704501,41.9,3464,100.0,1655,47.8,1809,52.2,152,4.4
849,1400000US24031704503,38.3,3491,100.0,1679,48.1,1812,51.9,98,2.8
850,1400000US24031704600,39.4,4987,100.0,2275,45.6,2712,54.4,93,1.9
851,1400000US24031704700,40.9,3792,100.0,1839,48.5,1953,51.5,46,1.2
852,,,,,,,,,,
853,,,,,,,,,,
854,,,,,,,,,,
855,1400000US24031705000,38.5,4616,100.0,2234,48.4,2382,51.6,218,4.7
856,1400000US24031705100,45.4,5000,100.0,2296,45.9,2704,54.1,194,3.9
857,1400000US24031705200,45.2,3138,100.0,1502,47.9,1636,52.1,102,3.3
858,1400000US24031705400,43.1,2726,100.0,1263,46.3,1463,53.7,24,0.9
859,,,,,,,,,,
860,,,,,,,,,,
861,1400000US24031705702,47.6,4560,100.0,2101,46.1,2459,53.9,39,0.9
862,1400000US24031705800,43.2,5778,100.0,2834,49.0,2944,51.0,133,2.3
863,1400000US24031705902,45.4,4137,100.0,1933,46.7,2204,53.3,114,2.8
864,1400000US24031705903,44.8,4284,100.0,2050,47.9,2234,52.1,79,1.8
865,1400000US24031706005,46.4,4445,100.0,2158,48.5,2287,51.5,151,3.4
866,1400000US24031706007,43.7,7190,100.0,3421,47.6,3769,52.4,212,2.9
867,1400000US24031706008,43.0,5355,100.0,2609,48.7,2746,51.3,126,2.4
868,1400000US24031706009,42.3,5607,100.0,2747,49.0,2860,51.0,196,3.5
869,,,,,,,,,,
870,,,,,,,,,,
871,,,,,,,,,,
872,1400000US24033800102,37.7,2714,100.0,1274,46.9,1440,53.1,526,19.4
873,1400000US24033800103,32.5,1898,100.0,1029,54.2,869,45.8,560,29.5
874,1400000US24033800105,34.3,3111,100.0,1426,45.8,1685,54.2,1187,38.2
875,,,,,,,,,,
876,,,,,,,,,,
877,1400000US24033800203,41.8,4083,100.0,2012,49.3,2071,50.7,381,9.3
878,1400000US24033800206,31.3,3797,100.0,1805,47.5,1992,52.5,2258,59.5
879,1400000US24033800208,35.3,6120,100.0,3007,49.1,3113,50.9,2413,39.4
880,1400000US24033800210,28.8,2919,100.0,1367,46.8,1552,53.2,1764,60.4
881,1400000US24033800211,31.9,2881,100.0,1338,46.4,1543,53.6,1336,46.4
882,,,,,,,,,,
883,,,,,,,,,,
884,,,,,,,,,,
885,1400000US24033800401,38.1,2493,100.0,1211,48.6,1282,51.4,279,11.2
886,1400000US24033800402,39.6,5161,100.0,2518,48.8,2643,51.2,433,8.4
887,1400000US24033800403,40.8,2715,100.0,1302,48.0,1413,52.0,236,8.7
888,1400000US24033800409,36.4,6327,100.0,3050,48.2,3277,51.8,2130,33.7
889,,,,,,,,,,
890,,,,,,,,,,
891,,,,,,,,,,
892,1400000US24033800504,40.8,4763,100.0,2262,47.5,2501,52.5,424,8.9
893,1400000US24033800505,38.3,2856,100.0,1432,50.1,1424,49.9,189,6.6
894,1400000US24033800507,34.6,2155,100.0,1076,49.9,1079,50.1,879,40.8
895,1400000US24033800509,38.3,6196,100.0,2947,47.6,3249,52.4,5569,89.9
896,1400000US24033800511,34.9,5310,100.0,2542,47.9,2768,52.1,1957,36.9
897,,,,,,,,,,
898,,,,,,,,,,
899,,,,,,,,,,
900,,,,,,,,,,
901,,,,,,,,,,
902,,,,,,,,,,
903,1400000US24033800601,38.2,2111,100.0,1009,47.8,1102,52.2,1740,82.4
904,1400000US24033800604,33.7,1745,100.0,830,47.6,915,52.4,1507,86.4
905,1400000US24033800605,33.1,4544,100.0,2674,58.8,1870,41.2,3450,75.9
906,1400000US24033800606,32.8,4041,100.0,1786,44.2,2255,55.8,2775,68.7
907,,,,,,,,,,
908,,,,,,,,,,
909,1400000US24033800701,36.8,4642,100.0,2225,47.9,2417,52.1,3693,79.6
910,,,,,,,,,,
911,,,,,,,,,,
912,,,,,,,,,,
913,1400000US24033800800,40.7,3309,100.0,1700,51.4,1609,48.6,801,24.2
914,1400000US24033800900,39.2,1628,100.0,796,48.9,832,51.1,600,36.9
915,,,,,,,,,,
916,,,,,,,,,,
917,1400000US24033801104,24.5,7925,100.0,4318,54.5,3607,45.5,1805,22.8
918,1400000US24033801207,36.2,4465,100.0,2070,46.4,2395,53.6,3060,68.5
919,,,,,,,,,,
920,,,,,,,,,,
921,,,,,,,,,,
922,,,,,,,,,,
923,,,,,,,,,,
924,,,,,,,,,,
925,,,,,,,,,,
926,,,,,,,,,,
927,1400000US24033801302,39.3,2513,100.0,1247,49.6,1266,50.4,764,30.4
928,1400000US24033801305,38.8,4900,100.0,2355,48.1,2545,51.9,3928,80.2
929,1400000US24033801307,45.7,3431,100.0,1645,47.9,1786,52.1,2432,70.9
930,1400000US24033801309,44.6,3239,100.0,1570,48.5,1669,51.5,1789,55.2
931,,,,,,,,,,
932,,,,,,,,,,
933,,,,,,,,,,
934,1400000US24033801404,38.3,4635,100.0,2170,46.8,2465,53.2,3118,67.3
935,1400000US24033801405,36.6,4046,100.0,1899,46.9,2147,53.1,2604,64.4
936,1400000US24033801406,32.4,3140,100.0,1393,44.4,1747,55.6,2732,87.0
937,1400000US24033801407,36.4,6232,100.0,2964,47.6,3268,52.4,5274,84.6
938,,,,,,,,,,
939,,,,,,,,,,
940,,,,,,,,,,
941,1400000US24033801500,38.5,2620,100.0,1230,46.9,1390,53.1,2090,79.8
942,1400000US24033801600,29.9,2961,100.0,1348,45.5,1613,54.5,2837,95.8
943,1400000US24033801701,31.1,4533,100.0,2060,45.4,2473,54.6,3760,82.9
944,1400000US24033801704,31.0,4948,100.0,2272,45.9,2676,54.1,4697,94.9
945,1400000US24033801706,31.8,1938,100.0,877,45.3,1061,54.7,1712,88.3
946,1400000US24033801707,29.0,6326,100.0,2884,45.6,3442,54.4,5861,92.6
947,1400000US24033801708,30.9,3746,100.0,1759,47.0,1987,53.0,3362,89.7
948,1400000US24033801802,33.5,4133,100.0,1843,44.6,2290,55.4,3796,91.8
949,1400000US24033801804,42.5,2122,100.0,971,45.8,1151,54.2,1934,91.1
950,1400000US24033801807,35.4,4717,100.0,2165,45.9,2552,54.1,4528,96.0
951,1400000US24033801808,33.5,3686,100.0,1625,44.1,2061,55.9,3405,92.4
952,1400000US24033801901,42.5,4706,100.0,2299,48.9,2407,51.1,3401,72.3
953,1400000US24033801904,33.7,3355,100.0,1675,49.9,1680,50.1,2442,72.8
954,1400000US24033801905,39.2,3425,100.0,1598,46.7,1827,53.3,2598,75.9
955,1400000US24033801906,32.0,2379,100.0,1110,46.7,1269,53.3,1619,68.1
956,,,,,,,,,,
957,1400000US24033802001,28.1,5595,100.0,2516,45.0,3079,55.0,5140,91.9
958,1400000US24033802002,33.2,3936,100.0,1801,45.8,2135,54.2,3464,88.0
959,1400000US24033802103,35.8,2970,100.0,1366,46.0,1604,54.0,2374,79.9
960,,,,,,,,,,
961,,,,,,,,,,
962,1400000US24033802201,36.9,2096,100.0,983,46.9,1113,53.1,1443,68.8
963,1400000US24033802204,36.7,5524,100.0,2490,45.1,3034,54.9,5011,90.7
964,1400000US24033802301,37.4,3729,100.0,1788,47.9,1941,52.1,3098,83.1
965,1400000US24033802404,27.3,4524,100.0,1912,42.3,2612,57.7,4308,95.2
966,1400000US24033802405,32.5,4285,100.0,1878,43.8,2407,56.2,4086,95.4
967,,,,,,,,,,
968,,,,,,,,,,
969,1400000US24033802501,32.2,3541,100.0,1613,45.6,1928,54.4,3332,94.1
970,1400000US24033802502,30.9,3015,100.0,1438,47.7,1577,52.3,2849,94.5
971,1400000US24033802700,36.5,2669,100.0,1295,48.5,1374,51.5,2430,91.0
972,1400000US24033802803,31.0,4823,100.0,2136,44.3,2687,55.7,4579,94.9
973,1400000US24033802804,31.8,6155,100.0,2768,45.0,3387,55.0,5932,96.4
974,1400000US24033802805,35.0,4801,100.0,2247,46.8,2554,53.2,4652,96.9
975,1400000US24033802901,34.3,4250,100.0,1950,45.9,2300,54.1,4090,96.2
