OBJECTID,GEO.id,acs_ma,acs_tp,acs_tpp,acs_mp,acs_mpp,acs_fp,acs_fpp,acs_aap,acs_aapp
1,1400000US11001007407,28.4,2976,2976,1489,50.0,1487,50.0,2967,99.7
2,1400000US11001007409,24.9,3684,3684,1501,40.7,2183,59.3,3635,98.7
3,1400000US11001007502,29.7,4000,4000,1799,45.0,2201,55.0,3936,98.4
4,1400000US11001007503,33.3,2252,2252,1041,46.2,1211,53.8,2252,100.0
5,1400000US11001007504,28.8,2907,2907,1350,46.4,1557,53.6,2814,96.8
6,1400000US11001007603,41.7,4425,4425,1913,43.2,2512,56.8,3941,89.1
7,1400000US11001007604,48.3,3376,3376,1441,42.7,1935,57.3,3157,93.5
8,1400000US11001007605,42.4,3409,3409,1588,46.6,1821,53.4,3252,95.4
9,1400000US11001007707,33.8,3748,3748,1550,41.4,2198,58.6,3606,96.2
10,1400000US11001007708,32.7,2880,2880,1369,47.5,1511,52.5,2811,97.6
11,1400000US11001007709,47.2,1564,1564,780,49.9,784,50.1,1429,91.4
12,1400000US11001007803,37.9,2813,2813,1352,48.1,1461,51.9,2762,98.2
13,1400000US11001007804,35.5,2976,2976,1215,40.8,1761,59.2,2950,99.1
14,1400000US11001007807,37.8,2029,2029,773,38.1,1256,61.9,2006,98.9
15,1400000US11001007808,23.8,3706,3706,1627,43.9,2079,56.1,3593,97.0
16,1400000US11001007809,35.6,2711,2711,1184,43.7,1527,56.3,2684,99.0
17,1400000US11001007903,46.1,1475,1475,611,41.4,864,58.6,1407,95.4
18,1400000US11001008001,36.0,2514,2514,1059,42.1,1455,57.9,1210,48.1
19,1400000US11001008002,34.4,3566,3566,1875,52.6,1691,47.4,1394,39.1
20,1400000US11001008200,30.7,2774,2774,1237,44.6,1537,55.4,103,3.7
21,1400000US11001008301,37.3,2357,2357,1277,54.2,1080,45.8,316,13.4
22,1400000US11001008402,40.6,2423,2423,982,40.5,1441,59.5,1171,48.3
23,1400000US11001008410,35.6,1698,1698,1096,64.5,602,35.5,1316,77.5
24,1400000US11001008701,33.5,2028,2028,936,46.2,1092,53.8,1840,90.7
25,1400000US11001008802,35.7,4386,4386,2055,46.9,2331,53.1,3779,86.2
26,1400000US11001008803,28.0,1573,1573,810,51.5,763,48.5,977,62.1
27,1400000US11001008804,41.8,2751,2751,1446,52.6,1305,47.4,2664,96.8
28,1400000US11001008903,35.7,2259,2259,1152,51.0,1107,49.0,2169,96.0
29,1400000US11001009000,50.2,2594,2594,1037,40.0,1557,60.0,2524,97.3
30,1400000US11001009102,32.4,4965,4965,2409,48.5,2556,51.5,4471,90.1
31,1400000US11001009201,33.6,1339,1339,667,49.8,672,50.2,832,62.1
32,1400000US11001009204,41.2,2425,2425,1075,44.3,1350,55.7,2059,84.9
33,1400000US11001000100,42.0,4784,4784,2372,49.6,2412,50.4,90,1.9
34,1400000US11001000201,19.4,4227,4227,2024,47.9,2203,52.1,246,5.8
35,1400000US11001000400,40.7,1296,1296,651,50.2,645,49.8,17,1.3
36,1400000US11001000702,30.3,3106,3106,1324,42.6,1782,57.4,217,7.0
37,1400000US11001001002,32.8,3343,3343,1342,40.1,2001,59.9,377,11.3
38,1400000US11001001401,39.6,3149,3149,1566,49.7,1583,50.3,255,8.1
39,1400000US11001001702,38.3,2465,2465,1097,44.5,1368,55.5,1577,64.0
40,1400000US11001002201,36.1,3510,3510,1659,47.3,1851,52.7,2645,75.4
41,1400000US11001002501,41.4,2295,2295,1276,55.6,1019,44.4,1662,72.4
42,1400000US11001002801,30.3,3867,3867,2058,53.2,1809,46.8,1600,41.4
43,1400000US11001002900,30.8,3885,3885,2086,53.7,1799,46.3,1388,35.7
44,1400000US11001003301,36.3,2827,2827,1435,50.8,1392,49.2,1937,68.5
45,1400000US11001003600,34.9,4273,4273,2076,48.6,2197,51.4,2176,50.9
46,1400000US11001004002,33.8,2319,2319,1141,49.2,1178,50.8,186,8.0
47,1400000US11001004202,33.5,2354,2354,1115,47.4,1239,52.6,30,1.3
48,1400000US11001004702,36.9,1616,1616,866,53.6,750,46.4,952,58.9
49,1400000US11001004901,33.0,1948,1948,1013,52.0,935,48.0,1080,55.4
50,1400000US11001005600,31.0,5043,5043,2373,47.1,2670,52.9,284,5.6
51,1400000US11001006400,37.8,1925,1925,849,44.1,1076,55.9,1716,89.1
52,1400000US11001006801,34.2,1836,1836,817,44.5,1019,55.5,1257,68.5
53,1400000US11001007100,29.8,3344,3344,1375,41.1,1969,58.9,2352,70.3
54,1400000US11001007403,27.7,2768,2768,1302,47.0,1466,53.0,2755,99.5
55,1400000US11001007408,26.8,2675,2675,1210,45.2,1465,54.8,2593,96.9
56,1400000US11001007601,45.4,3921,3921,1779,45.4,2142,54.6,3815,97.3
57,1400000US11001007703,27.8,5657,5657,2349,41.5,3308,58.5,5298,93.7
58,1400000US11001007806,38.7,2141,2141,902,42.1,1239,57.9,1884,88.0
59,1400000US11001007901,34.3,3770,3770,1583,42.0,2187,58.0,3297,87.5
60,1400000US11001008302,33.5,2017,2017,967,47.9,1050,52.1,231,11.5
61,1400000US11001008702,40.0,1713,1713,861,50.3,852,49.7,1347,78.6
62,1400000US11001008904,38.7,3280,3280,1578,48.1,1702,51.9,3161,96.4
63,1400000US11001009203,32.4,2541,2541,1438,56.6,1103,43.4,1931,76.0
64,1400000US11001009302,39.7,1217,1217,620,50.9,597,49.1,939,77.2
65,1400000US11001009504,44.8,2969,2969,1477,49.7,1492,50.3,2182,73.5
66,1400000US11001009509,50.5,2754,2754,1238,45.0,1516,55.0,2442,88.7
67,1400000US11001009602,26.7,3017,3017,1144,37.9,1873,62.1,2973,98.5
68,1400000US11001009603,35.6,3273,3273,1435,43.8,1838,56.2,3232,98.7
69,1400000US11001009604,41.6,2022,2022,660,32.6,1362,67.4,2011,99.5
70,1400000US11001009700,27.8,2403,2403,978,40.7,1425,59.3,2393,99.6
71,1400000US11001009802,28.5,1169,1169,469,40.1,700,59.9,1151,98.5
72,1400000US11001009807,41.4,3232,3232,1564,48.4,1668,51.6,3189,98.7
73,1400000US11001009904,31.1,1618,1618,770,47.6,848,52.4,1580,97.7
74,1400000US11001009906,37.5,1670,1670,892,53.4,778,46.6,1562,93.5
75,1400000US11001010500,35.2,4230,4230,2328,55.0,1902,45.0,2011,47.5
76,1400000US11001010800,19.7,6818,6818,2723,39.9,4095,60.1,637,9.3
77,1400000US11001000202,27.8,4553,4553,2214,48.6,2339,51.4,88,1.9
78,1400000US11001000300,30.3,5664,5664,2851,50.3,2813,49.7,106,1.9
79,1400000US11001000501,30.5,3388,3388,1358,40.1,2030,59.9,85,2.5
80,1400000US11001000502,39.5,3241,3241,1426,44.0,1815,56.0,124,3.8
81,1400000US11001000600,48.2,4777,4777,2141,44.8,2636,55.2,388,8.1
82,1400000US11001000701,49.3,4585,4585,1971,43.0,2614,57.0,249,5.4
83,1400000US11001000802,41.1,2595,2595,1275,49.1,1320,50.9,77,3.0
84,1400000US11001000901,19.8,7789,7789,3417,43.9,4372,56.1,268,3.4
85,1400000US11001000902,41.6,2228,2228,1083,48.6,1145,51.4,22,1.0
86,1400000US11001001001,36.4,8039,8039,3626,45.1,4413,54.9,264,3.3
87,1400000US11001001100,42.0,4247,4247,2022,47.6,2225,52.4,74,1.7
88,1400000US11001001200,35.0,5002,5002,2183,43.6,2819,56.4,154,3.1
89,1400000US11001001301,37.0,4410,4410,2194,49.8,2216,50.2,494,11.2
90,1400000US11001001302,34.4,7012,7012,3044,43.4,3968,56.6,288,4.1
91,1400000US11001001402,46.7,2958,2958,1411,47.7,1547,52.3,632,21.4
92,1400000US11001001500,46.4,5692,5692,2722,47.8,2970,52.2,716,12.6
93,1400000US11001001600,47.4,4448,4448,2083,46.8,2365,53.2,3202,72.0
94,1400000US11001001803,44.0,2965,2965,1376,46.4,1589,53.6,2272,76.6
95,1400000US11001001804,37.1,4809,4809,2338,48.6,2471,51.4,2913,60.6
96,1400000US11001001901,42.6,4197,4197,1746,41.6,2451,58.4,3464,82.5
97,1400000US11001002001,39.4,2668,2668,1264,47.4,1404,52.6,1290,48.4
98,1400000US11001002002,43.9,3604,3604,1530,42.5,2074,57.5,2135,59.2
99,1400000US11001002101,36.2,4735,4735,2299,48.6,2436,51.4,3016,63.7
100,1400000US11001002102,39.2,4331,4331,1686,38.9,2645,61.1,3209,74.1
101,1400000US11001002202,41.1,2930,2930,1279,43.7,1651,56.3,2411,82.3
102,1400000US11001002301,40.7,2998,2998,1617,53.9,1381,46.1,2357,78.6
103,1400000US11001002302,55.8,1945,1945,1266,65.1,679,34.9,1218,62.6
104,1400000US11001002400,39.6,3771,3771,1990,52.8,1781,47.2,2839,75.3
105,1400000US11001002502,34.6,4872,4872,2330,47.8,2542,52.2,2104,43.2
106,1400000US11001002600,48.6,2276,2276,1032,45.3,1244,54.7,858,37.7
107,1400000US11001002701,32.2,5414,5414,2853,52.7,2561,47.3,1114,20.6
108,1400000US11001002702,34.0,5103,5103,2544,49.9,2559,50.1,819,16.0
109,1400000US11001002802,31.0,3999,3999,2003,50.1,1996,49.9,1309,32.7
110,1400000US11001003000,30.8,3029,3029,1385,45.7,1644,54.3,1488,49.1
111,1400000US11001003100,31.3,2878,2878,1658,57.6,1220,42.4,1126,39.1
112,1400000US11001003200,34.1,4473,4473,2035,45.5,2438,54.5,2698,60.3
113,1400000US11001003302,33.6,2198,2198,1139,51.8,1059,48.2,1347,61.3
114,1400000US11001003400,20.3,4832,4832,1803,37.3,3029,62.7,3837,79.4
115,1400000US11001003500,29.1,2518,2518,1425,56.6,1093,43.4,1748,69.4
116,1400000US11001003700,27.7,5119,5119,2246,43.9,2873,56.1,2795,54.6
117,1400000US11001003800,35.1,4074,4074,2412,59.2,1662,40.8,926,22.7
118,1400000US11001003900,34.8,4476,4476,2186,48.8,2290,51.2,797,17.8
119,1400000US11001004001,37.8,3250,3250,1647,50.7,1603,49.3,41,1.3
120,1400000US11001004100,42.7,2708,2708,1281,47.3,1427,52.7,52,1.9
121,1400000US11001004201,31.3,3536,3536,2037,57.6,1499,42.4,420,11.9
122,1400000US11001004300,35.6,2864,2864,1400,48.9,1464,51.1,803,28.0
123,1400000US11001004400,33.2,4478,4478,2300,51.4,2178,48.6,1324,29.6
124,1400000US11001004600,35.6,2383,2383,1058,44.4,1325,55.6,1688,70.8
125,1400000US11001004701,23.8,3841,3841,1599,41.6,2242,58.4,3387,88.2
126,1400000US11001004801,39.3,1760,1760,847,48.1,913,51.9,876,49.8
127,1400000US11001004802,34.3,3061,3061,1406,45.9,1655,54.1,1856,60.6
128,1400000US11001004902,29.9,2625,2625,1451,55.3,1174,44.7,842,32.1
129,1400000US11001005001,37.5,1576,1576,1081,68.6,495,31.4,459,29.1
130,1400000US11001005002,34.4,5820,5820,3323,57.1,2497,42.9,1184,20.3
131,1400000US11001005201,34.5,5203,5203,3069,59.0,2134,41.0,678,13.0
132,1400000US11001005301,35.6,5981,5981,3083,51.5,2898,48.5,945,15.8
133,1400000US11001005500,34.8,6065,6065,3094,51.0,2971,49.0,468,7.7
134,1400000US11001005800,32.8,2675,2675,1303,48.7,1372,51.3,161,6.0
135,1400000US11001005900,35.3,3956,3956,2341,59.2,1615,40.8,1547,39.1
136,1400000US11001006202,-,0,0,0,-,0,-,0,-
137,1400000US11001006500,33.3,2550,2550,1070,42.0,1480,58.0,80,3.1
138,1400000US11001006600,34.3,1860,1860,836,44.9,1024,55.1,0,0.0
139,1400000US11001006700,37.7,4032,4032,1948,48.3,2084,51.7,565,14.0
140,1400000US11001006802,37.3,2128,2128,962,45.2,1166,54.8,1262,59.3
141,1400000US11001006804,34.1,2496,2496,2063,82.7,433,17.3,2275,91.1
142,1400000US11001006900,34.4,2227,2227,1078,48.4,1149,51.6,760,34.1
143,1400000US11001007000,33.8,2248,2248,1117,49.7,1131,50.3,253,11.3
144,1400000US11001007200,34.7,1201,1201,554,46.1,647,53.9,683,56.9
145,1400000US11001007301,24.9,2664,2664,1495,56.1,1169,43.9,561,21.1
146,1400000US11001007304,29.4,3562,3562,1563,43.9,1999,56.1,3533,99.2
147,1400000US11001007401,23.6,2242,2242,990,44.2,1252,55.8,2106,93.9
148,1400000US11001007404,19.0,3322,3322,1406,42.3,1916,57.7,3284,98.9
149,1400000US11001007406,21.5,3173,3173,1322,41.7,1851,58.3,3173,100.0
150,1400000US11001009301,41.8,3485,3485,1608,46.1,1877,53.9,2489,71.4
151,1400000US11001009400,45.3,3982,3982,1775,44.6,2207,55.4,3457,86.8
152,1400000US11001009501,20.8,6360,6360,3533,55.6,2827,44.4,3377,53.1
153,1400000US11001009503,51.2,2830,2830,1301,46.0,1529,54.0,2291,81.0
154,1400000US11001009505,47.2,2677,2677,1094,40.9,1583,59.1,2354,87.9
155,1400000US11001009507,46.2,1901,1901,839,44.1,1062,55.9,1729,91.0
156,1400000US11001009508,46.6,3024,3024,1337,44.2,1687,55.8,2707,89.5
157,1400000US11001009601,17.9,2927,2927,956,32.7,1971,67.3,2915,99.6
158,1400000US11001009801,19.7,1529,1529,742,48.5,787,51.5,1504,98.4
159,1400000US11001009803,28.4,2374,2374,994,41.9,1380,58.1,2326,98.0
160,1400000US11001009804,26.0,2900,2900,1268,43.7,1632,56.3,2722,93.9
161,1400000US11001009810,26.2,2328,2328,1033,44.4,1295,55.6,2186,93.9
162,1400000US11001009811,25.6,3530,3530,1238,35.1,2292,64.9,3505,99.3
163,1400000US11001009901,52.4,2017,2017,890,44.1,1127,55.9,1832,90.8
164,1400000US11001009902,45.7,2773,2773,1117,40.3,1656,59.7,2615,94.3
165,1400000US11001009903,39.2,1384,1384,684,49.4,700,50.6,1363,98.5
166,1400000US11001009905,33.6,2668,2668,1228,46.0,1440,54.0,2591,97.1
167,1400000US11001009907,26.8,2587,2587,910,35.2,1677,64.8,2504,96.8
168,1400000US11001010100,31.9,2115,2115,1031,48.7,1084,51.3,416,19.7
169,1400000US11001010200,42.9,2661,2661,1060,39.8,1601,60.2,1136,42.7
170,1400000US11001010300,36.3,3163,3163,1630,51.5,1533,48.5,1905,60.2
171,1400000US11001010400,36.8,4594,4594,2506,54.5,2088,45.5,4297,93.5
172,1400000US11001010600,34.1,3637,3637,2041,56.1,1596,43.9,1993,54.8
173,1400000US11001010700,27.1,1881,1881,773,41.1,1108,58.9,275,14.6
174,1400000US11001010900,22.7,3200,3200,1360,42.5,1840,57.5,3110,97.2
175,1400000US11001011000,45.9,4528,4528,2112,46.6,2416,53.4,1992,44.0
176,1400000US11001011100,47.0,4299,4299,1971,45.8,2328,54.2,3688,85.8
177,1400000US11001001902,46.5,2121,2121,949,44.7,1172,55.3,1689,79.6
178,1400000US11001008100,30.9,3440,3440,1672,48.6,1768,51.4,667,19.4
179,1400000US11001000801,43.1,6286,6286,2784,44.3,3502,55.7,141,2.2
180,1400000US51059415100,35.8,3449,3449,1639,47.5,1810,52.5,421,12.2
181,1400000US51059415401,30.4,4623,4623,2095,45.3,2528,54.7,1786,38.6
182,1400000US51059416000,34.9,5309,5309,2468,46.5,2841,53.5,819,15.4
183,1400000US51059420100,38.5,4069,4069,2126,52.2,1943,47.8,511,12.6
184,1400000US51059420800,36.4,3660,3660,1971,53.9,1689,46.1,358,9.8
185,1400000US51059421200,43.4,1856,1856,949,51.1,907,48.9,156,8.4
186,1400000US51059421600,31.9,5838,5838,2810,48.1,3028,51.9,2447,41.9
187,1400000US51059421800,32.9,5330,5330,2484,46.6,2846,53.4,1952,36.6
188,1400000US51059422301,38.9,2741,2741,1397,51.0,1344,49.0,315,11.5
189,1400000US51059422401,37.8,1948,1948,889,45.6,1059,54.4,280,14.4
190,1400000US51059430203,40.5,2774,2774,1319,47.5,1455,52.5,67,2.4
191,1400000US51059430500,38.8,1680,1680,758,45.1,922,54.9,55,3.3
192,1400000US51059430901,38.4,4413,4413,2031,46.0,2382,54.0,506,11.5
193,1400000US51059431801,37.7,4157,4157,2044,49.2,2113,50.8,147,3.5
194,1400000US51059431900,37.9,3335,3335,1709,51.2,1626,48.8,228,6.8
195,1400000US51059432300,41.0,5267,5267,2622,49.8,2645,50.2,262,5.0
196,1400000US51059432702,38.3,4227,4227,2242,53.0,1985,47.0,582,13.8
197,1400000US51059440600,38.2,3099,3099,1460,47.1,1639,52.9,170,5.5
198,1400000US51059450200,32.7,3940,3940,1987,50.4,1953,49.6,295,7.5
199,1400000US51059450500,37.2,2702,2702,1372,50.8,1330,49.2,59,2.2
200,1400000US51059450702,30.9,3963,3963,2104,53.1,1859,46.9,663,16.7
201,1400000US51059451300,41.0,2210,2210,1139,51.5,1071,48.5,60,2.7
202,1400000US51059451900,33.2,5865,5865,2712,46.2,3153,53.8,1563,26.6
203,1400000US51059452102,43.0,2970,2970,1359,45.8,1611,54.2,455,15.3
204,1400000US51059452502,33.6,4847,4847,2446,50.5,2401,49.5,2412,49.8
205,1400000US51059452802,44.7,2884,2884,1305,45.2,1579,54.8,501,17.4
206,1400000US51059460200,43.2,3994,3994,1897,47.5,2097,52.5,41,1.0
207,1400000US51059460300,43.4,2808,2808,1444,51.4,1364,48.6,25,0.9
208,1400000US51059460600,45.0,4175,4175,2063,49.4,2112,50.6,46,1.1
209,1400000US51059461000,39.6,2168,2168,1021,47.1,1147,52.9,113,5.2
210,1400000US51059461601,36.1,5950,5950,3065,51.5,2885,48.5,224,3.8
211,1400000US51059461901,32.9,3734,3734,1838,49.2,1896,50.8,868,23.2
212,1400000US51059470600,49.3,2850,2850,1338,46.9,1512,53.1,0,0.0
213,1400000US51059471000,39.8,1912,1912,903,47.2,1009,52.8,10,0.5
214,1400000US51059471303,34.2,3683,3683,1691,45.9,1992,54.1,91,2.5
215,1400000US51059480202,30.8,2122,2122,1051,49.5,1071,50.5,86,4.1
216,1400000US51059480501,38.9,3635,3635,1904,52.4,1731,47.6,66,1.8
217,1400000US51059480802,40.0,4028,4028,2135,53.0,1893,47.0,133,3.3
218,1400000US51059481000,32.4,4042,4042,2180,53.9,1862,46.1,271,6.7
219,1400000US51059481104,30.8,2559,2559,1307,51.1,1252,48.9,160,6.3
220,1400000US51059481701,44.5,6230,6230,3249,52.2,2981,47.8,240,3.9
221,1400000US51059482301,43.0,4172,4172,2109,50.6,2063,49.4,273,6.5
222,1400000US51059482502,40.1,3127,3127,1641,52.5,1486,47.5,57,1.8
223,1400000US51059490501,33.3,3171,3171,1730,54.6,1441,45.4,136,4.3
224,1400000US51059491202,28.6,1439,1439,858,59.6,581,40.4,161,11.2
225,1400000US51059491401,32.9,4529,4529,2056,45.4,2473,54.6,473,10.4
226,1400000US51059491501,33.3,6346,6346,2896,45.6,3450,54.4,683,10.8
227,1400000US51059491703,29.5,4300,4300,2310,53.7,1990,46.3,172,4.0
228,1400000US51059491801,30.2,2447,2447,1408,57.5,1039,42.5,106,4.3
229,1400000US51059492202,44.0,6783,6783,3310,48.8,3473,51.2,290,4.3
230,1400000US51059980100,-,0,0,0,-,0,-,0,-
231,1400000US51013100100,38.4,4504,4504,2460,54.6,2044,45.4,116,2.6
232,1400000US51013100400,47.3,3350,3350,1671,49.9,1679,50.1,0,0.0
233,1400000US51013100800,31.6,1444,1444,761,52.7,683,47.3,430,29.8
234,1400000US51013101401,28.0,1244,1244,613,49.3,631,50.7,77,6.2
235,1400000US51013101602,31.3,1408,1408,617,43.8,791,56.2,57,4.0
236,1400000US51013101703,35.2,2458,2458,1347,54.8,1111,45.2,99,4.0
237,1400000US51013101900,37.5,2453,2453,992,40.4,1461,59.6,35,1.4
238,1400000US51013102301,35.5,1329,1329,625,47.0,704,53.0,0,0.0
239,1400000US51013102702,34.1,1415,1415,817,57.7,598,42.3,154,10.9
240,1400000US51013102902,34.7,4080,4080,1896,46.5,2184,53.5,226,5.5
241,1400000US51013103402,37.9,3864,3864,1798,46.5,2066,53.5,627,16.2
242,1400000US51013103602,26.7,1088,1088,410,37.7,678,62.3,6,0.6
243,1400000US51510200103,34.0,7367,7367,3423,46.5,3944,53.5,3132,42.5
244,1400000US51510200107,31.4,5089,5089,2329,45.8,2760,54.2,724,14.2
245,1400000US51510200301,30.8,2745,2745,1275,46.4,1470,53.6,821,29.9
246,1400000US51510200405,31.9,6658,6658,2922,43.9,3736,56.1,2535,38.1
247,1400000US51510200500,31.8,4207,4207,2010,47.8,2197,52.2,1707,40.6
248,1400000US51510200600,36.3,4607,4607,2188,47.5,2419,52.5,1288,28.0
249,1400000US51510200701,30.0,746,746,366,49.1,380,50.9,30,4.0
250,1400000US51510200702,35.4,3013,3013,1652,54.8,1361,45.2,267,8.9
251,1400000US51510200900,37.8,4923,4923,2299,46.7,2624,53.3,37,0.8
252,1400000US51510201204,35.3,2685,2685,1462,54.5,1223,45.5,867,32.3
253,1400000US51510201600,35.1,4641,4641,2136,46.0,2505,54.0,1791,38.6
254,1400000US51510202001,48.5,1961,1961,954,48.6,1007,51.4,19,1.0
255,,,,,,,,,,
256,1400000US51610500300,41.2,3490,3490,1763,50.5,1727,49.5,12,0.3
257,1400000US51059415200,44.9,3110,3110,1347,43.3,1763,56.7,48,1.5
258,1400000US51059415300,38.1,4087,4087,1862,45.6,2225,54.4,607,14.9
259,1400000US51059415402,45.0,2562,2562,1216,47.5,1346,52.5,253,9.9
260,1400000US51059415500,42.2,5821,5821,2712,46.6,3109,53.4,1176,20.2
261,1400000US51059415600,47.4,2634,2634,1325,50.3,1309,49.7,34,1.3
262,1400000US51059415700,42.4,3722,3722,1808,48.6,1914,51.4,40,1.1
263,1400000US51059415800,45.3,4559,4559,2329,51.1,2230,48.9,94,2.1
264,1400000US51059415900,46.5,2948,2948,1471,49.9,1477,50.1,211,7.2
265,1400000US51059416100,48.4,3496,3496,1707,48.8,1789,51.2,138,3.9
266,1400000US51059416200,20.7,4430,4430,2271,51.3,2159,48.7,990,22.3
267,1400000US51059416300,41.2,2245,2245,1183,52.7,1062,47.3,390,17.4
268,1400000US51059420201,38.6,3644,3644,1719,47.2,1925,52.8,561,15.4
269,1400000US51059420202,30.9,1875,1875,953,50.8,922,49.2,287,15.3
270,1400000US51059420203,44.1,2566,2566,1394,54.3,1172,45.7,326,12.7
271,1400000US51059420300,39.9,6029,6029,3317,55.0,2712,45.0,705,11.7
272,1400000US51059420501,58.0,1385,1385,667,48.2,718,51.8,142,10.3
273,1400000US51059420502,38.6,1368,1368,794,58.0,574,42.0,320,23.4
274,1400000US51059420503,30.9,2797,2797,1733,62.0,1064,38.0,462,16.5
275,1400000US51059420600,33.6,4239,4239,2347,55.4,1892,44.6,783,18.5
276,1400000US51059420700,39.3,3961,3961,2036,51.4,1925,48.6,226,5.7
277,1400000US51059421001,38.4,2889,2889,1441,49.9,1448,50.1,301,10.4
278,1400000US51059421002,35.4,4994,4994,2604,52.1,2390,47.9,1012,20.3
279,1400000US51059421101,36.2,5589,5589,2731,48.9,2858,51.1,1015,18.2
280,1400000US51059421102,36.7,3509,3509,1536,43.8,1973,56.2,250,7.1
281,1400000US51059421103,39.1,5300,5300,2426,45.8,2874,54.2,703,13.3
282,1400000US51059421300,39.5,3752,3752,1937,51.6,1815,48.4,526,14.0
283,1400000US51059421400,30.0,5870,5870,2693,45.9,3177,54.1,2117,36.1
284,1400000US51059421500,32.7,6640,6640,3337,50.3,3303,49.7,1587,23.9
285,1400000US51059421701,30.8,4088,4088,2208,54.0,1880,46.0,1246,30.5
286,1400000US51059421702,35.4,4322,4322,2286,52.9,2036,47.1,1134,26.2
287,1400000US51059421900,22.6,2202,2202,1232,55.9,970,44.1,450,20.4
288,1400000US51059422000,41.6,3804,3804,1840,48.4,1964,51.6,754,19.8
289,1400000US51059422101,30.5,6750,6750,3576,53.0,3174,47.0,2160,32.0
290,1400000US51059422102,32.5,5933,5933,2718,45.8,3215,54.2,2522,42.5
291,1400000US51059422201,37.3,3129,3129,1574,50.3,1555,49.7,333,10.6
292,1400000US51059422202,30.5,5361,5361,2608,48.6,2753,51.4,1676,31.3
293,1400000US51059422302,39.9,5509,5509,2457,44.6,3052,55.4,1050,19.1
294,1400000US51059422402,34.9,5035,5035,2637,52.4,2398,47.6,925,18.4
295,1400000US51059422403,43.7,2368,2368,1268,53.5,1100,46.5,157,6.6
296,1400000US51059430101,44.0,4479,4479,2166,48.4,2313,51.6,156,3.5
297,1400000US51059430102,41.1,2725,2725,1134,41.6,1591,58.4,236,8.7
298,1400000US51059430201,36.5,4589,4589,2149,46.8,2440,53.2,548,11.9
299,1400000US51059430202,41.5,5430,5430,2687,49.5,2743,50.5,168,3.1
300,1400000US51059430400,39.5,7226,7226,3761,52.0,3465,48.0,142,2.0
301,1400000US51059430600,30.3,7587,7587,3872,51.0,3715,49.0,591,7.8
302,1400000US51059430700,39.2,2772,2772,1433,51.7,1339,48.3,63,2.3
303,1400000US51059430801,42.5,4214,4214,2073,49.2,2141,50.8,216,5.1
304,1400000US51059430802,40.0,3694,3694,1839,49.8,1855,50.2,186,5.0
305,1400000US51059430902,34.9,3361,3361,1788,53.2,1573,46.8,146,4.3
306,1400000US51059431001,40.1,4691,4691,2377,50.7,2314,49.3,98,2.1
307,1400000US51059431002,40.5,2090,2090,957,45.8,1133,54.2,400,19.1
308,1400000US51059431300,42.5,4084,4084,1843,45.1,2241,54.9,231,5.7
309,1400000US51059431400,38.2,4678,4678,2209,47.2,2469,52.8,222,4.7
310,1400000US51059431500,43.9,5273,5273,2552,48.4,2721,51.6,574,10.9
311,1400000US51059431600,43.2,7987,7987,3704,46.4,4283,53.6,817,10.2
312,1400000US51059431802,41.1,3425,3425,1593,46.5,1832,53.5,207,6.0
313,1400000US51059432000,36.0,3274,3274,1593,48.7,1681,51.3,228,7.0
314,1400000US51059432100,39.8,3614,3614,1640,45.4,1974,54.6,271,7.5
315,1400000US51059432201,38.0,1828,1828,890,48.7,938,51.3,42,2.3
316,1400000US51059432202,37.7,4703,4703,2291,48.7,2412,51.3,215,4.6
317,1400000US51059432401,40.7,3663,3663,1760,48.0,1903,52.0,128,3.5
318,1400000US51059432402,44.2,4889,4889,2241,45.8,2648,54.2,290,5.9
319,1400000US51059432500,42.7,5821,5821,2923,50.2,2898,49.8,431,7.4
320,1400000US51059432600,38.1,5121,5121,2538,49.6,2583,50.4,448,8.7
321,1400000US51059432701,37.9,3173,3173,1605,50.6,1568,49.4,334,10.5
322,1400000US51059432800,33.3,2247,2247,1041,46.3,1206,53.7,781,34.8
323,1400000US51059440100,41.2,7514,7514,3696,49.2,3818,50.8,208,2.8
324,1400000US51059440201,31.7,1968,1968,1015,51.6,953,48.4,120,6.1
325,1400000US51059440202,31.8,5909,5909,2832,47.9,3077,52.1,753,12.7
326,1400000US51059440300,45.5,2798,2798,1424,50.9,1374,49.1,122,4.4
327,1400000US51059440501,43.4,5126,5126,2458,48.0,2668,52.0,0,0.0
328,1400000US51059440502,19.8,6838,6838,3767,55.1,3071,44.9,856,12.5
329,1400000US51059440701,44.8,2794,2794,1341,48.0,1453,52.0,139,5.0
330,1400000US51059440702,45.6,5400,5400,2720,50.4,2680,49.6,7,0.1
331,1400000US51059440800,43.1,6176,6176,2873,46.5,3303,53.5,95,1.5
332,1400000US51059450100,35.7,5168,5168,2398,46.4,2770,53.6,351,6.8
333,1400000US51059450300,40.4,4964,4964,2416,48.7,2548,51.3,317,6.4
334,1400000US51059450400,40.0,2688,2688,1294,48.1,1394,51.9,8,0.3
335,1400000US51059450601,42.8,3468,3468,1730,49.9,1738,50.1,97,2.8
336,1400000US51059450602,35.2,4120,4120,1684,40.9,2436,59.1,128,3.1
337,1400000US51059450701,37.6,2892,2892,1562,54.0,1330,46.0,129,4.5
338,1400000US51059450800,44.0,3307,3307,1526,46.1,1781,53.9,176,5.3
339,1400000US51059450900,41.0,1752,1752,835,47.7,917,52.3,13,0.7
340,1400000US51059451000,45.5,2586,2586,1294,50.0,1292,50.0,45,1.7
341,1400000US51059451100,45.8,2139,2139,1041,48.7,1098,51.3,0,0.0
342,1400000US51059451200,47.5,1579,1579,780,49.4,799,50.6,40,2.5
343,1400000US51059451400,41.3,2704,2704,1364,50.4,1340,49.6,63,2.3
344,1400000US51059451501,33.5,5629,5629,3299,58.6,2330,41.4,579,10.3
345,1400000US51059451502,36.6,4209,4209,2046,48.6,2163,51.4,1004,23.9
346,1400000US51059451601,27.1,5132,5132,3613,70.4,1519,29.6,227,4.4
347,1400000US51059451602,34.8,2488,2488,1019,41.0,1469,59.0,278,11.2
348,1400000US51059451800,40.3,3303,3303,1693,51.3,1610,48.7,0,0.0
349,1400000US51059452000,50.2,2745,2745,1345,49.0,1400,51.0,239,8.7
350,1400000US51059452101,39.5,4839,4839,1946,40.2,2893,59.8,774,16.0
351,1400000US51059452200,39.0,5856,5856,2992,51.1,2864,48.9,482,8.2
352,1400000US51059452301,35.0,3464,3464,1752,50.6,1712,49.4,228,6.6
353,1400000US51059452302,29.2,4623,4623,2125,46.0,2498,54.0,155,3.4
354,1400000US51059452400,38.1,6830,6830,3239,47.4,3591,52.6,668,9.8
355,1400000US51059452501,37.0,3910,3910,1898,48.5,2012,51.5,270,6.9
356,1400000US51059452600,37.8,4633,4633,2160,46.6,2473,53.4,973,21.0
357,1400000US51059452700,31.4,5157,5157,2433,47.2,2724,52.8,1339,26.0
358,1400000US51059452801,39.2,4118,4118,2193,53.3,1925,46.7,509,12.4
359,1400000US51059460100,44.0,4427,4427,2133,48.2,2294,51.8,118,2.7
360,1400000US51059460400,44.7,4876,4876,2212,45.4,2664,54.6,160,3.3
361,1400000US51059460501,44.2,2490,2490,1203,48.3,1287,51.7,17,0.7
362,1400000US51059460502,38.6,6758,6758,3240,47.9,3518,52.1,283,4.2
363,1400000US51059460701,37.3,3348,3348,1674,50.0,1674,50.0,242,7.2
364,1400000US51059460702,40.2,4360,4360,2225,51.0,2135,49.0,315,7.2
365,1400000US51059460800,39.0,3190,3190,1736,54.4,1454,45.6,34,1.1
366,1400000US51059460900,46.0,2321,2321,1177,50.7,1144,49.3,0,0.0
367,1400000US51059461100,40.3,7387,7387,3992,54.0,3395,46.0,55,0.7
368,1400000US51059461201,46.1,4610,4610,2227,48.3,2383,51.7,56,1.2
369,1400000US51059461202,32.5,4487,4487,1960,43.7,2527,56.3,248,5.5
370,1400000US51059461500,37.2,6420,6420,3433,53.5,2987,46.5,146,2.3
371,1400000US51059461602,31.2,3878,3878,2013,51.9,1865,48.1,108,2.8
372,1400000US51059461700,36.5,6231,6231,3151,50.6,3080,49.4,661,10.6
373,1400000US51059461801,34.4,1082,1082,480,44.4,602,55.6,48,4.4
374,1400000US51059461802,33.9,4480,4480,1943,43.4,2537,56.6,198,4.4
375,1400000US51059461902,27.6,1839,1839,1105,60.1,734,39.9,154,8.4
376,1400000US51059470100,48.7,2873,2873,1376,47.9,1497,52.1,0,0.0
377,1400000US51059470300,46.0,3191,3191,1571,49.2,1620,50.8,30,0.9
378,1400000US51059470400,45.5,4353,4353,2239,51.4,2114,48.6,39,0.9
379,1400000US51059470500,43.6,4977,4977,2523,50.7,2454,49.3,0,0.0
380,1400000US51059470700,44.2,5026,5026,2338,46.5,2688,53.5,48,1.0
381,1400000US51059470800,41.0,2859,2859,1344,47.0,1515,53.0,75,2.6
382,1400000US51059470900,43.9,7261,7261,3389,46.7,3872,53.3,150,2.1
383,1400000US51059471100,36.8,6437,6437,3172,49.3,3265,50.7,118,1.8
384,1400000US51059471201,34.8,2686,2686,1263,47.0,1423,53.0,253,9.4
385,1400000US51059471202,36.2,3990,3990,1980,49.6,2010,50.4,117,2.9
386,1400000US51059471301,30.1,3204,3204,1578,49.3,1626,50.7,86,2.7
387,1400000US51059471304,43.2,1653,1653,741,44.8,912,55.2,15,0.9
388,1400000US51059471401,34.9,3305,3305,1383,41.8,1922,58.2,133,4.0
389,1400000US51059471402,35.2,3404,3404,1560,45.8,1844,54.2,279,8.2
390,1400000US51059480100,47.2,3930,3930,2001,50.9,1929,49.1,0,0.0
391,1400000US51059480201,46.9,4036,4036,2093,51.9,1943,48.1,37,0.9
392,1400000US51059480203,45.9,2045,2045,863,42.2,1182,57.8,208,10.2
393,1400000US51059480300,43.7,7212,7212,3790,52.6,3422,47.4,121,1.7
394,1400000US51059480401,40.2,4531,4531,2158,47.6,2373,52.4,95,2.1
395,1400000US51059480402,40.3,6519,6519,3215,49.3,3304,50.7,97,1.5
396,1400000US51059480502,36.1,6144,6144,2884,46.9,3260,53.1,446,7.3
397,1400000US51059480503,37.7,3662,3662,1880,51.3,1782,48.7,81,2.2
398,1400000US51059480504,40.3,1849,1849,782,42.3,1067,57.7,157,8.5
399,1400000US51059480505,33.8,2957,2957,1452,49.1,1505,50.9,194,6.6
400,1400000US51059480801,35.8,4219,4219,2249,53.3,1970,46.7,344,8.2
401,1400000US51059480901,33.0,6767,6767,3273,48.4,3494,51.6,1089,16.1
402,1400000US51059480902,37.0,3838,3838,2185,56.9,1653,43.1,445,11.6
403,1400000US51059480903,31.2,3874,3874,1847,47.7,2027,52.3,528,13.6
404,1400000US51059481101,29.8,1651,1651,883,53.5,768,46.5,126,7.6
405,1400000US51059481102,33.5,2553,2553,1251,49.0,1302,51.0,254,9.9
406,1400000US51059481103,30.0,3281,3281,1719,52.4,1562,47.6,326,9.9
407,1400000US51059481105,39.9,5524,5524,2557,46.3,2967,53.7,142,2.6
408,1400000US51059481106,38.2,5587,5587,2644,47.3,2943,52.7,404,7.2
409,1400000US51059481201,34.5,1518,1518,845,55.7,673,44.3,92,6.1
410,1400000US51059481202,32.9,5861,5861,2988,51.0,2873,49.0,1168,19.9
411,1400000US51059481400,42.0,5889,5889,2727,46.3,3162,53.7,496,8.4
412,1400000US51059481500,48.2,2176,2176,1063,48.9,1113,51.1,35,1.6
413,1400000US51059481600,43.3,3475,3475,1700,48.9,1775,51.1,71,2.0
414,1400000US51059481702,36.4,3715,3715,1834,49.4,1881,50.6,350,9.4
415,1400000US51059481900,37.6,5342,5342,2625,49.1,2717,50.9,765,14.3
416,1400000US51059482001,41.4,4923,4923,2524,51.3,2399,48.7,148,3.0
417,1400000US51059482100,41.8,2668,2668,1357,50.9,1311,49.1,242,9.1
418,1400000US51059482201,32.9,2033,2033,875,43.0,1158,57.0,564,27.7
419,1400000US51059482202,45.2,3086,3086,1470,47.6,1616,52.4,352,11.4
420,1400000US51059482203,40.8,3484,3484,1644,47.2,1840,52.8,108,3.1
421,1400000US51059482302,29.7,4052,4052,2217,54.7,1835,45.3,1125,27.8
422,1400000US51059482303,45.8,2994,2994,1378,46.0,1616,54.0,86,2.9
423,1400000US51059482400,44.7,2136,2136,1007,47.1,1129,52.9,0,0.0
424,1400000US51059482501,30.6,5869,5869,2743,46.7,3126,53.3,732,12.5
425,1400000US51059482503,36.6,4758,4758,2347,49.3,2411,50.7,151,3.2
426,1400000US51059482504,36.7,5544,5544,2902,52.3,2642,47.7,119,2.1
427,1400000US51059482601,37.5,6976,6976,3570,51.2,3406,48.8,858,12.3
428,1400000US51059482602,37.3,6714,6714,3138,46.7,3576,53.3,269,4.0
429,1400000US51059490101,33.6,5237,5237,2425,46.3,2812,53.7,463,8.8
430,1400000US51059490103,35.0,5356,5356,2825,52.7,2531,47.3,70,1.3
431,1400000US51059490502,41.6,6091,6091,2961,48.6,3130,51.4,190,3.1
432,1400000US51059491000,38.8,1921,1921,900,46.9,1021,53.1,52,2.7
433,1400000US51059491101,39.3,3914,3914,1990,50.8,1924,49.2,62,1.6
434,1400000US51059491102,38.6,3676,3676,1796,48.9,1880,51.1,164,4.5
435,1400000US51059491201,31.8,5919,5919,2939,49.7,2980,50.3,813,13.7
436,1400000US51059491301,31.3,6980,6980,3406,48.8,3574,51.2,482,6.9
437,1400000US51059491302,31.4,3704,3704,1688,45.6,2016,54.4,169,4.6
438,1400000US51059491303,29.0,3814,3814,2094,54.9,1720,45.1,402,10.5
439,1400000US51059491402,31.5,4229,4229,2180,51.5,2049,48.5,330,7.8
440,1400000US51059491403,40.6,4005,4005,2016,50.3,1989,49.7,87,2.2
441,1400000US51059491404,33.0,3967,3967,1933,48.7,2034,51.3,316,8.0
442,1400000US51059491405,38.8,3111,3111,1603,51.5,1508,48.5,153,4.9
443,1400000US51059491502,37.5,7138,7138,3644,51.1,3494,48.9,249,3.5
444,1400000US51059491601,29.2,4840,4840,2123,43.9,2717,56.1,558,11.5
445,1400000US51059491602,36.4,5513,5513,2765,50.2,2748,49.8,330,6.0
446,1400000US51059491701,34.9,3119,3119,1431,45.9,1688,54.1,213,6.8
447,1400000US51059491702,29.5,6564,6564,3051,46.5,3513,53.5,777,11.8
448,1400000US51059491704,33.4,4008,4008,1911,47.7,2097,52.3,296,7.4
449,1400000US51059491705,33.2,3699,3699,1677,45.3,2022,54.7,38,1.0
450,1400000US51059491802,38.7,2554,2554,1204,47.1,1350,52.9,83,3.2
451,1400000US51059491803,38.8,6492,6492,3247,50.0,3245,50.0,167,2.6
452,1400000US51059492000,45.7,6550,6550,3262,49.8,3288,50.2,388,5.9
453,1400000US51059492100,46.9,6619,6619,3290,49.7,3329,50.3,41,0.6
454,1400000US51059492201,47.3,2577,2577,1170,45.4,1407,54.6,133,5.2
455,1400000US51059492203,43.2,4031,4031,2058,51.1,1973,48.9,45,1.1
456,1400000US51059492300,36.5,3452,3452,1780,51.6,1672,48.4,309,9.0
457,1400000US51059492400,32.8,4786,4786,2449,51.2,2337,48.8,566,11.8
458,1400000US51059492500,43.2,4268,4268,2088,48.9,2180,51.1,83,1.9
459,1400000US51059980200,-,0,0,0,-,0,-,0,-
460,1400000US51059980300,-,0,0,0,-,0,-,0,-
461,1400000US51013100200,42.0,5934,5934,2933,49.4,3001,50.6,124,2.1
462,1400000US51013100300,44.6,5905,5905,2887,48.9,3018,51.1,198,3.4
463,1400000US51013100500,37.3,4509,4509,2306,51.1,2203,48.9,0,0.0
464,1400000US51013100600,43.1,2994,2994,1394,46.6,1600,53.4,161,5.4
465,1400000US51013100700,37.2,4787,4787,2093,43.7,2694,56.3,199,4.2
466,1400000US51013100900,40.0,4036,4036,1763,43.7,2273,56.3,177,4.4
467,1400000US51013101000,37.8,3157,3157,1477,46.8,1680,53.2,119,3.8
468,1400000US51013101100,36.5,5229,5229,2500,47.8,2729,52.2,140,2.7
469,1400000US51013101200,40.9,3403,3403,1564,46.0,1839,54.0,89,2.6
470,1400000US51013101300,36.5,5928,5928,3228,54.5,2700,45.5,37,0.6
471,1400000US51013101402,32.3,2566,2566,1291,50.3,1275,49.7,0,0.0
472,1400000US51013101403,30.6,5055,5055,2640,52.2,2415,47.8,146,2.9
473,1400000US51013101404,35.0,3420,3420,1645,48.1,1775,51.9,143,4.2
474,1400000US51013101500,30.3,7436,7436,3436,46.2,4000,53.8,219,2.9
475,1400000US51013101601,30.5,1506,1506,754,50.1,752,49.9,20,1.3
476,1400000US51013101603,28.8,3092,3092,1740,56.3,1352,43.7,49,1.6
477,1400000US51013101701,28.3,3348,3348,1787,53.4,1561,46.6,339,10.1
478,1400000US51013101702,31.4,3966,3966,1788,45.1,2178,54.9,175,4.4
479,1400000US51013101801,31.9,2091,2091,1149,54.9,942,45.1,108,5.2
480,1400000US51013101802,30.1,5445,5445,2968,54.5,2477,45.5,453,8.3
481,1400000US51013101803,30.3,4286,4286,2263,52.8,2023,47.2,501,11.7
482,1400000US51013102001,34.8,1584,1584,819,51.7,765,48.3,66,4.2
483,1400000US51013102002,27.2,1483,1483,785,52.9,698,47.1,108,7.3
484,1400000US51013102003,35.0,3708,3708,2022,54.5,1686,45.5,227,6.1
485,1400000US51013102100,44.3,2503,2503,1015,40.6,1488,59.4,28,1.1
486,1400000US51013102200,29.5,6722,6722,3426,51.0,3296,49.0,1291,19.2
487,1400000US51013102302,33.8,4467,4467,2411,54.0,2056,46.0,254,5.7
488,1400000US51013102400,33.6,3512,3512,1801,51.3,1711,48.7,365,10.4
489,1400000US51013102500,35.5,4708,4708,2381,50.6,2327,49.4,809,17.2
490,1400000US51013102600,36.6,3357,3357,1434,42.7,1923,57.3,309,9.2
491,1400000US51013102701,32.9,3621,3621,1979,54.7,1642,45.3,965,26.7
492,1400000US51013102801,34.7,5697,5697,3058,53.7,2639,46.3,1035,18.2
493,1400000US51013102802,38.1,1208,1208,605,50.1,603,49.9,157,13.0
494,1400000US51013102901,34.1,2560,2560,1120,43.8,1440,56.3,70,2.7
495,1400000US51013103000,36.7,3319,3319,1411,42.5,1908,57.5,34,1.0
496,1400000US51013103100,32.7,4743,4743,2231,47.0,2512,53.0,2152,45.4
497,1400000US51013103200,33.2,5072,5072,2559,50.5,2513,49.5,805,15.9
498,1400000US51013103300,29.5,2312,2312,1192,51.6,1120,48.4,702,30.4
499,1400000US51013103401,23.6,1666,1666,1332,80.0,334,20.0,214,12.8
500,1400000US51013103501,33.5,3151,3151,1270,40.3,1881,59.7,77,2.4
501,1400000US51013103502,38.9,2828,2828,1279,45.2,1549,54.8,345,12.2
502,1400000US51013103503,32.8,3585,3585,1930,53.8,1655,46.2,299,8.3
503,1400000US51013103601,37.8,2295,2295,1118,48.7,1177,51.3,77,3.4
504,1400000US51013103700,46.8,2300,2300,1191,51.8,1109,48.2,43,1.9
505,1400000US51013103800,30.0,4308,4308,2274,52.8,2034,47.2,1215,28.2
506,1400000US51013980100,-,0,0,0,-,0,-,0,-
507,1400000US51013980200,37.5,28,28,28,100.0,0,0.0,0,0.0
508,1400000US51059491103,32.4,6797,6797,3639,53.5,3158,46.5,422,6.2
509,1400000US51510201300,35.1,3265,3265,1652,50.6,1613,49.4,427,13.1
510,1400000US51510201400,36.3,4195,4195,2025,48.3,2170,51.7,189,4.5
511,1400000US51510201500,44.4,3835,3835,1692,44.1,2143,55.9,480,12.5
512,1400000US51510201801,41.9,4868,4868,2427,49.9,2441,50.1,547,11.2
513,1400000US51510201802,43.7,1898,1898,821,43.3,1077,56.7,321,16.9
514,1400000US51510201900,35.6,1586,1586,796,50.2,790,49.8,38,2.4
515,1400000US51510202002,43.9,2350,2350,1050,44.7,1300,55.3,174,7.4
516,1400000US51510200102,31.1,4088,4088,2272,55.6,1816,44.4,898,22.0
517,1400000US51510200104,28.2,3565,3565,1716,48.1,1849,51.9,1050,29.5
518,1400000US51510200105,37.7,3918,3918,2234,57.0,1684,43.0,2373,60.6
519,1400000US51510200106,50.5,2920,2920,1194,40.9,1726,59.1,599,20.5
520,1400000US51510200201,36.8,3126,3126,1553,49.7,1573,50.3,643,20.6
521,1400000US51510200202,50.2,1485,1485,622,41.9,863,58.1,100,6.7
522,1400000US51510200302,36.2,4098,4098,1777,43.4,2321,56.6,1115,27.2
523,1400000US51510200303,36.8,4489,4489,2050,45.7,2439,54.3,1237,27.6
524,1400000US51510200403,35.2,1331,1331,730,54.8,601,45.2,263,19.8
525,1400000US51510200404,39.2,3390,3390,1512,44.6,1878,55.4,151,4.5
526,1400000US51510200406,30.4,4392,4392,2159,49.2,2233,50.8,1902,43.3
527,1400000US51510200407,44.6,3932,3932,1706,43.4,2226,56.6,486,12.4
528,1400000US51510200703,34.7,2521,2521,1343,53.3,1178,46.7,898,35.6
529,1400000US51510200801,40.4,2704,2704,1362,50.4,1342,49.6,402,14.9
530,1400000US51510200802,33.9,2876,2876,1510,52.5,1366,47.5,296,10.3
531,1400000US51510201000,39.5,2597,2597,1084,41.7,1513,58.3,119,4.6
532,1400000US51510201100,38.7,2911,2911,1327,45.6,1584,54.4,118,4.1
533,1400000US51510201202,31.1,3263,3263,1797,55.1,1466,44.9,592,18.1
534,1400000US51510201203,29.5,5402,5402,2893,53.6,2509,46.4,742,13.7
535,,,,,,,,,,
536,,,,,,,,,,
537,,,,,,,,,,
538,,,,,,,,,,
539,1400000US51610500100,44.6,2516,2516,1327,52.7,1189,47.3,48,1.9
540,1400000US51610500200,35.9,5459,5459,2404,44.0,3055,56.0,470,8.6
541,1400000US51059420400,33.5,2160,2160,1109,51.3,1051,48.7,242,11.2
542,1400000US51059482002,42.4,3322,3322,1689,50.8,1633,49.2,186,5.6
543,1400000US24031700105,33.5,6885,6885,3329,48.4,3556,51.6,1724,25.0
544,1400000US24031700304,35.1,7105,7105,3571,50.3,3534,49.7,1042,14.7
545,1400000US24031700607,39.8,8459,8459,4131,48.8,4328,51.2,392,4.6
546,1400000US24031700611,34.6,5936,5936,2812,47.4,3124,52.6,1004,16.9
547,1400000US24031700710,37.3,6502,6502,3440,52.9,3062,47.1,915,14.1
548,1400000US24031700718,39.2,3933,3933,1924,48.9,2009,51.1,414,10.5
549,1400000US24031700723,76.2,3023,3023,1196,39.6,1827,60.4,480,15.9
550,1400000US24031700815,31.0,7974,7974,3972,49.8,4002,50.2,2370,29.7
551,1400000US24031700820,31.9,2749,2749,1441,52.4,1308,47.6,680,24.7
552,1400000US24031700824,42.9,2695,2695,1346,49.9,1349,50.1,142,5.3
553,1400000US24033803001,35.6,2898,2898,1326,45.8,1572,54.2,2430,83.9
554,1400000US24033803002,37.1,2792,2792,1274,45.6,1518,54.4,2743,98.2
555,1400000US24033803100,39.4,2349,2349,1089,46.4,1260,53.6,2159,91.9
556,1400000US24033803200,31.8,2920,2920,1497,51.3,1423,48.7,2852,97.7
557,1400000US24033803512,35.6,6311,6311,2757,43.7,3554,56.3,5665,89.8
558,1400000US24033803519,30.7,3426,3426,1391,40.6,2035,59.4,2993,87.4
559,1400000US24033803525,29.2,2819,2819,1320,46.8,1499,53.2,2185,77.5
560,1400000US24033803613,35.8,4372,4372,2203,50.4,2169,49.6,3010,68.8
561,1400000US24033804001,29.6,4828,4828,2304,47.7,2524,52.3,4203,87.1
562,1400000US24033804400,33.2,2489,2489,1154,46.4,1335,53.6,992,39.9
563,1400000US24033804900,49.5,4747,4747,1741,36.7,3006,63.3,3866,81.4
564,1400000US24033805601,28.7,6052,6052,4318,71.3,1734,28.7,406,6.7
565,1400000US24033805904,35.5,3383,3383,1758,52.0,1625,48.0,1237,36.6
566,1400000US24033806200,37.2,4167,4167,2065,49.6,2102,50.4,1408,33.8
567,1400000US24033806602,29.5,4482,4482,2150,48.0,2332,52.0,2177,48.6
568,1400000US24033806712,35.2,2876,2876,1393,48.4,1483,51.6,1780,61.9
569,1400000US24033807304,36.1,2052,2052,1190,58.0,862,42.0,395,19.2
570,1400000US24031700826,39.5,5873,5873,2493,42.4,3380,57.6,348,5.9
571,1400000US24031700828,41.4,2638,2638,1102,41.8,1536,58.2,37,1.4
572,1400000US24031700829,38.3,2787,2787,1265,45.4,1522,54.6,196,7.0
573,1400000US24031700830,30.1,1787,1787,763,42.7,1024,57.3,271,15.2
574,1400000US24031700901,46.3,3420,3420,1443,42.2,1977,57.8,318,9.3
575,1400000US24031701002,44.9,3557,3557,1672,47.0,1885,53.0,58,1.6
576,1400000US24031701102,37.8,5623,5623,2902,51.6,2721,48.4,385,6.8
577,1400000US24031701210,47.5,4023,4023,1936,48.1,2087,51.9,34,0.8
578,1400000US24031701215,38.5,4036,4036,1716,42.5,2320,57.5,332,8.2
579,1400000US24031701304,43.8,6374,6374,2978,46.7,3396,53.3,281,4.4
580,1400000US24031701313,39.3,3873,3873,2025,52.3,1848,47.7,340,8.8
581,1400000US24031701409,42.3,4623,4623,2103,45.5,2520,54.5,972,21.0
582,1400000US24031701422,29.7,1968,1968,922,46.8,1046,53.2,1632,82.9
583,1400000US24031701508,32.1,3781,3781,1453,38.4,2328,61.6,2736,72.4
584,1400000US24031701601,29.5,2346,2346,1092,46.5,1254,53.5,497,21.2
585,1400000US24031701900,30.2,3096,3096,1762,56.9,1334,43.1,390,12.6
586,1400000US24031702102,40.6,2826,2826,1335,47.2,1491,52.8,82,2.9
587,1400000US24031702500,33.0,4157,4157,1986,47.8,2171,52.2,2040,49.1
588,1400000US24031703201,42.2,7359,7359,3640,49.5,3719,50.5,644,8.8
589,1400000US24031703209,31.9,5425,5425,2312,42.6,3113,57.4,1066,19.6
590,1400000US24031703218,81.8,1786,1786,609,34.1,1177,65.9,32,1.8
591,1400000US24031703301,36.6,4365,4365,2212,50.7,2153,49.3,326,7.5
592,1400000US24031703402,35.8,3437,3437,1779,51.8,1658,48.2,458,13.3
593,1400000US24031703602,41.6,3007,3007,1412,47.0,1595,53.0,268,8.9
594,1400000US24031703902,33.8,6853,6853,3493,51.0,3360,49.0,1467,21.4
595,1400000US24031704403,52.2,1460,1460,592,40.5,868,59.5,58,4.0
596,1400000US24031704804,34.0,1128,1128,468,41.5,660,58.5,83,7.4
597,1400000US24031705300,49.2,1935,1935,933,48.2,1002,51.8,0,0.0
598,1400000US24031705601,41.3,2751,2751,1230,44.7,1521,55.3,76,2.8
599,1400000US24031705602,42.9,4370,4370,1863,42.6,2507,57.4,123,2.8
600,1400000US24031705701,38.8,4273,4273,1900,44.5,2373,55.5,70,1.6
601,1400000US24031705901,46.5,4092,4092,1867,45.6,2225,54.4,64,1.6
602,1400000US24031706011,45.2,5167,5167,2530,49.0,2637,51.0,131,2.5
603,1400000US24033800106,36.7,2696,2696,1270,47.1,1426,52.9,1205,44.7
604,1400000US24033800209,30.0,3861,3861,1967,50.9,1894,49.1,2539,65.8
605,1400000US24033800214,29.6,2662,2662,1269,47.7,1393,52.3,1656,62.2
606,1400000US24033800408,38.9,6538,6538,3358,51.4,3180,48.6,4342,66.4
607,1400000US24033800413,34.8,3683,3683,1773,48.1,1910,51.9,2746,74.6
608,1400000US24033800514,33.7,4206,4206,2142,50.9,2064,49.1,3047,72.4
609,1400000US24033800519,36.9,4291,4291,2117,49.3,2174,50.7,2320,54.1
610,1400000US24033800704,32.2,4832,4832,1926,39.9,2906,60.1,3719,77.0
611,1400000US24033801005,39.5,4268,4268,1911,44.8,2357,55.2,3468,81.3
612,1400000US24033801006,36.5,3922,3922,1876,47.8,2046,52.2,3211,81.9
613,1400000US24033801209,35.8,4517,4517,1878,41.6,2639,58.4,3812,84.4
614,1400000US24033801216,45.1,3418,3418,1818,53.2,1600,46.8,2437,71.3
615,1400000US24033801308,38.3,4140,4140,2067,49.9,2073,50.1,3356,81.1
616,1400000US24033801313,40.6,3175,3175,1528,48.1,1647,51.9,2870,90.4
617,1400000US24033801409,41.7,2620,2620,1267,48.4,1353,51.6,1778,67.9
618,1400000US24033801702,29.7,3709,3709,1662,44.8,2047,55.2,3363,90.7
619,1400000US24033801801,28.9,2079,2079,796,38.3,1283,61.7,1901,91.4
620,1400000US24033801805,39.5,2272,2272,1204,53.0,1068,47.0,2128,93.7
621,1400000US24033802104,36.7,2000,2000,898,44.9,1102,55.1,1774,88.7
622,1400000US24033802203,36.5,4792,4792,2246,46.9,2546,53.1,4166,86.9
623,1400000US24033802406,37.3,2090,2090,965,46.2,1125,53.8,1836,87.8
624,1400000US24033802600,31.4,2976,2976,1527,51.3,1449,48.7,2685,90.2
625,1400000US24031700308,32.2,6333,6333,3041,48.0,3292,52.0,1157,18.3
626,1400000US24031700309,30.6,5169,5169,2532,49.0,2637,51.0,1391,26.9
627,1400000US24031700310,31.9,4781,4781,2307,48.3,2474,51.7,913,19.1
628,1400000US24031700311,36.0,5407,5407,2817,52.1,2590,47.9,633,11.7
629,1400000US24031700312,32.8,5136,5136,2779,54.1,2357,45.9,757,14.7
630,1400000US24031700400,46.3,2234,2234,1188,53.2,1046,46.8,41,1.8
631,1400000US24031700500,42.0,6229,6229,3060,49.1,3169,50.9,484,7.8
632,1400000US24031700604,43.9,6502,6502,3271,50.3,3231,49.7,418,6.4
633,1400000US24031700606,42.6,4520,4520,2229,49.3,2291,50.7,46,1.0
634,1400000US24031700608,42.0,5984,5984,2983,49.8,3001,50.2,388,6.5
635,1400000US24031700610,39.5,1952,1952,918,47.0,1034,53.0,191,9.8
636,1400000US24031700613,37.2,6307,6307,3231,51.2,3076,48.8,697,11.1
637,1400000US24031700614,36.5,4798,4798,2384,49.7,2414,50.3,921,19.2
638,1400000US24031700615,40.4,3156,3156,1556,49.3,1600,50.7,405,12.8
639,1400000US24031700616,43.1,4320,4320,1997,46.2,2323,53.8,184,4.3
640,1400000US24031700704,35.3,2880,2880,1434,49.8,1446,50.2,103,3.6
641,1400000US24031700706,30.5,3258,3258,1488,45.7,1770,54.3,785,24.1
642,1400000US24031700711,34.7,5642,5642,2595,46.0,3047,54.0,722,12.8
643,1400000US24031700713,29.7,5375,5375,2741,51.0,2634,49.0,1510,28.1
644,1400000US24031700715,37.1,5939,5939,2926,49.3,3013,50.7,1158,19.5
645,1400000US24031700716,33.5,7933,7933,3932,49.6,4001,50.4,1271,16.0
646,1400000US24031700717,34.0,5879,5879,3045,51.8,2834,48.2,766,13.0
647,1400000US24031700719,30.9,6582,6582,3362,51.1,3220,48.9,1072,16.3
648,1400000US24031700720,32.5,3296,3296,1636,49.6,1660,50.4,601,18.2
649,1400000US24031700721,32.6,2308,2308,1027,44.5,1281,55.5,620,26.9
650,1400000US24031700722,31.3,4631,4631,2403,51.9,2228,48.1,1306,28.2
651,1400000US24031700724,32.7,2839,2839,1417,49.9,1422,50.1,323,11.4
652,1400000US24031700810,36.1,5081,5081,2419,47.6,2662,52.4,1375,27.1
653,1400000US24031700811,31.2,4578,4578,2011,43.9,2567,56.1,1591,34.8
654,1400000US24031700812,40.3,4294,4294,2108,49.1,2186,50.9,481,11.2
655,1400000US24031700101,44.4,4095,4095,2119,51.7,1976,48.3,294,7.2
656,1400000US24031700103,43.6,5799,5799,2824,48.7,2975,51.3,604,10.4
657,1400000US24031700104,39.8,4774,4774,2229,46.7,2545,53.3,798,16.7
658,1400000US24031700204,45.8,1973,1973,950,48.2,1023,51.8,0,0.0
659,1400000US24031700205,39.6,5792,5792,2804,48.4,2988,51.6,161,2.8
660,1400000US24031700206,37.8,5919,5919,2765,46.7,3154,53.3,384,6.5
661,1400000US24031700207,32.2,5723,5723,2728,47.7,2995,52.3,1100,19.2
662,1400000US24031700208,39.3,1977,1977,933,47.2,1044,52.8,76,3.8
663,1400000US24031700306,35.4,7002,7002,3340,47.7,3662,52.3,1400,20.0
664,1400000US24031700813,33.6,5707,5707,2907,50.9,2800,49.1,1510,26.5
665,1400000US24031700816,31.8,8044,8044,3902,48.5,4142,51.5,1052,13.1
666,1400000US24031700817,34.8,5445,5445,2416,44.4,3029,55.6,680,12.5
667,1400000US24031700818,28.8,6123,6123,3241,52.9,2882,47.1,1759,28.7
668,1400000US24031700819,32.8,6362,6362,3144,49.4,3218,50.6,1486,23.4
669,1400000US24031700822,37.3,1621,1621,599,37.0,1022,63.0,134,8.3
670,1400000US24031700823,40.8,3130,3130,1535,49.0,1595,51.0,167,5.3
671,1400000US24033803300,33.8,4174,4174,1896,45.4,2278,54.6,3733,89.4
672,1400000US24033803401,30.9,1402,1402,651,46.4,751,53.6,1217,86.8
673,1400000US24033803402,30.4,4796,4796,2016,42.0,2780,58.0,4321,90.1
674,1400000US24033803508,27.4,4753,4753,2053,43.2,2700,56.8,4201,88.4
675,1400000US24033803509,26.0,2644,2644,1263,47.8,1381,52.2,2515,95.1
676,1400000US24033803513,32.0,4701,4701,2074,44.1,2627,55.9,4225,89.9
677,1400000US24033803514,35.3,4110,4110,1630,39.7,2480,60.3,3896,94.8
678,1400000US24033803516,33.7,4645,4645,2048,44.1,2597,55.9,3872,83.4
679,1400000US24033806711,36.2,3764,3764,1737,46.1,2027,53.9,2629,69.8
680,1400000US24033806713,28.7,3533,3533,1502,42.5,2031,57.5,2372,67.1
681,1400000US24033806714,31.7,3108,3108,1739,56.0,1369,44.0,2071,66.6
682,1400000US24033806800,34.7,3926,3926,2030,51.7,1896,48.3,515,13.1
683,1400000US24033806900,35.4,4377,4377,1957,44.7,2420,55.3,557,12.7
684,1400000US24033807000,25.6,5238,5238,2842,54.3,2396,45.7,757,14.5
685,1400000US24033807102,31.2,2666,2666,1513,56.8,1153,43.2,662,24.8
686,1400000US24033807200,19.6,15160,15160,7524,49.6,7636,50.4,1808,11.9
687,1400000US24033807301,28.1,3397,3397,1749,51.5,1648,48.5,962,28.3
688,1400000US24033807305,31.6,3538,3538,1830,51.7,1708,48.3,1409,39.8
689,1400000US24033807404,34.7,4500,4500,2334,51.9,2166,48.1,1093,24.3
690,1400000US24033807407,33.2,5827,5827,2820,48.4,3007,51.6,2366,40.6
691,1400000US24033807408,42.1,5290,5290,2617,49.5,2673,50.5,1309,24.7
692,1400000US24033807409,30.3,3494,3494,1841,52.7,1653,47.3,1707,48.9
693,1400000US24033807410,33.1,3609,3609,1851,51.3,1758,48.7,1991,55.2
694,1400000US24033803520,40.7,4493,4493,1954,43.5,2539,56.5,4015,89.4
695,1400000US24033803521,38.1,4552,4552,1686,37.0,2866,63.0,3851,84.6
696,1400000US24033803522,37.9,3823,3823,1664,43.5,2159,56.5,3518,92.0
697,1400000US24033803523,46.5,3873,3873,1642,42.4,2231,57.6,2951,76.2
698,1400000US24033803524,35.0,3281,3281,1494,45.5,1787,54.5,2986,91.0
699,1400000US24033803526,40.6,3403,3403,1652,48.5,1751,51.5,3060,89.9
700,1400000US24033803527,38.5,3236,3236,1464,45.2,1772,54.8,3008,93.0
701,1400000US24033803601,43.7,3566,3566,1601,44.9,1965,55.1,3190,89.5
702,1400000US24033803602,32.5,1725,1725,679,39.4,1046,60.6,1618,93.8
703,1400000US24033803605,31.1,6948,6948,3370,48.5,3578,51.5,3820,55.0
704,1400000US24033803606,35.2,5280,5280,2683,50.8,2597,49.2,2170,41.1
705,1400000US24033803608,38.7,5133,5133,2394,46.6,2739,53.4,3463,67.5
706,1400000US24033803610,31.0,3050,3050,1496,49.0,1554,51.0,1578,51.7
707,1400000US24033803612,30.0,2942,2942,1269,43.1,1673,56.9,2413,82.0
708,1400000US24033803700,30.3,2382,2382,1221,51.3,1161,48.7,960,40.3
709,1400000US24033803801,32.7,2102,2102,1052,50.0,1050,50.0,1134,53.9
710,1400000US24033803803,29.6,5708,5708,3014,52.8,2694,47.2,3366,59.0
711,1400000US24033803900,24.9,4156,4156,2273,54.7,1883,45.3,1245,30.0
712,1400000US24033804002,31.1,4057,4057,2111,52.0,1946,48.0,1425,35.1
713,1400000US24033804101,33.1,2981,2981,1581,53.0,1400,47.0,2121,71.2
714,1400000US24033804102,30.2,6673,6673,2882,43.2,3791,56.8,4206,63.0
715,1400000US24033804200,41.6,3136,3136,1490,47.5,1646,52.5,1168,37.2
716,1400000US24033804300,29.3,3753,3753,1768,47.1,1985,52.9,2296,61.2
717,1400000US24033804600,30.4,2951,2951,1431,48.5,1520,51.5,1075,36.4
718,1400000US24033804700,39.4,3633,3633,1923,52.9,1710,47.1,1466,40.4
719,1400000US24033804801,35.8,2413,2413,1258,52.1,1155,47.9,1929,79.9
720,1400000US24033804802,30.5,2744,2744,1378,50.2,1366,49.8,1737,63.3
721,1400000US24033805000,33.5,5250,5250,2021,38.5,3229,61.5,3115,59.3
722,1400000US24033805101,30.7,3780,3780,2090,55.3,1690,44.7,1434,37.9
723,1400000US24033805201,30.6,4072,4072,1952,47.9,2120,52.1,2089,51.3
724,1400000US24033805202,30.5,4010,4010,2158,53.8,1852,46.2,2777,69.3
725,1400000US24033805500,35.3,3252,3252,1712,52.6,1540,47.4,1183,36.4
726,1400000US24033805602,27.4,4958,4958,3436,69.3,1522,30.7,419,8.5
727,1400000US24033805700,33.2,5449,5449,3018,55.4,2431,44.6,1618,29.7
728,1400000US24033805801,29.5,4888,4888,2516,51.5,2372,48.5,1580,32.3
729,1400000US24033805802,26.7,3722,3722,2061,55.4,1661,44.6,1241,33.3
730,1400000US24033805906,26.6,3008,3008,1568,52.1,1440,47.9,1028,34.2
731,1400000US24033805907,28.7,3864,3864,1828,47.3,2036,52.7,2042,52.8
732,1400000US24033805908,33.6,2324,2324,1221,52.5,1103,47.5,1511,65.0
733,1400000US24033805909,27.6,4245,4245,2265,53.4,1980,46.6,2077,48.9
734,1400000US24033806000,33.6,4789,4789,2344,48.9,2445,51.1,1544,32.2
735,1400000US24033806100,39.4,4734,4734,2286,48.3,2448,51.7,1749,36.9
736,1400000US24033806300,31.2,1978,1978,1002,50.7,976,49.3,637,32.2
737,1400000US24033806400,43.3,3285,3285,1664,50.7,1621,49.3,254,7.7
738,1400000US24033806501,28.5,5188,5188,2893,55.8,2295,44.2,1671,32.2
739,1400000US24033806601,30.4,4223,4223,2274,53.8,1949,46.2,1228,29.1
740,1400000US24033806706,34.3,3545,3545,1608,45.4,1937,54.6,1663,46.9
741,1400000US24033806708,37.4,4876,4876,2115,43.4,2761,56.6,1498,30.7
742,1400000US24033806710,35.7,6230,6230,2724,43.7,3506,56.3,3965,63.6
743,1400000US24033803607,38.8,3287,3287,1653,50.3,1634,49.7,2147,65.3
744,1400000US24031701417,30.3,5582,5582,2547,45.6,3035,54.4,3296,59.0
745,1400000US24033801908,32.8,3726,3726,1702,45.7,2024,54.3,3615,97.0
746,1400000US24033807405,39.8,5016,5016,2459,49.0,2557,51.0,862,17.2
747,1400000US24031704502,45.2,2637,2637,1184,44.9,1453,55.1,6,0.2
748,1400000US24031700832,35.9,2680,2680,1398,52.2,1282,47.8,1004,37.5
749,1400000US24031700833,33.8,4299,4299,2009,46.7,2290,53.3,694,16.1
750,1400000US24031700834,30.3,5033,5033,2620,52.1,2413,47.9,1559,31.0
751,1400000US24031700835,36.4,4567,4567,2342,51.3,2225,48.7,716,15.7
752,1400000US24031700902,39.5,3241,3241,1632,50.4,1609,49.6,782,24.1
753,1400000US24031700903,32.1,1606,1606,685,42.7,921,57.3,342,21.3
754,1400000US24031700904,36.3,2617,2617,1298,49.6,1319,50.4,61,2.3
755,1400000US24031700905,34.3,4056,4056,1936,47.7,2120,52.3,66,1.6
756,1400000US24031701001,44.1,5426,5426,2552,47.0,2874,53.0,829,15.3
757,1400000US24031701004,40.6,5106,5106,2492,48.8,2614,51.2,409,8.0
758,1400000US24031701005,41.5,3095,3095,1430,46.2,1665,53.8,101,3.3
759,1400000US24031701006,46.4,5844,5844,2566,43.9,3278,56.1,152,2.6
760,1400000US24031701007,34.2,3143,3143,1308,41.6,1835,58.4,191,6.1
761,1400000US24031701101,41.0,4299,4299,1987,46.2,2312,53.8,418,9.7
762,1400000US24031701201,32.7,5332,5332,2590,48.6,2742,51.4,333,6.2
763,1400000US24031701202,48.7,2615,2615,1262,48.3,1353,51.7,26,1.0
764,1400000US24031701205,47.3,6448,6448,3062,47.5,3386,52.5,147,2.3
765,1400000US24031701206,42.6,6339,6339,3167,50.0,3172,50.0,261,4.1
766,1400000US24031701211,37.2,5589,5589,2575,46.1,3014,53.9,535,9.6
767,1400000US24031701212,45.6,2752,2752,1390,50.5,1362,49.5,352,12.8
768,1400000US24031701213,41.8,5039,5039,2235,44.4,2804,55.6,126,2.5
769,1400000US24031701214,32.1,2454,2454,1007,41.0,1447,59.0,157,6.4
770,1400000US24031701216,42.5,3529,3529,1746,49.5,1783,50.5,350,9.9
771,1400000US24031701218,51.9,2483,2483,958,38.6,1525,61.4,198,8.0
772,1400000US24031701219,35.6,3081,3081,1525,49.5,1556,50.5,665,21.6
773,1400000US24031701220,42.1,4155,4155,1975,47.5,2180,52.5,187,4.5
774,1400000US24031701221,40.6,4570,4570,2142,46.9,2428,53.1,363,7.9
775,1400000US24031701303,45.4,3790,3790,1897,50.1,1893,49.9,367,9.7
776,1400000US24031701306,42.4,3237,3237,1483,45.8,1754,54.2,219,6.8
777,1400000US24031701307,38.8,3623,3623,1816,50.1,1807,49.9,241,6.7
778,1400000US24031701308,44.3,3042,3042,1649,54.2,1393,45.8,426,14.0
779,1400000US24031701312,39.7,5944,5944,2752,46.3,3192,53.7,509,8.6
780,1400000US24031701314,38.0,2831,2831,1335,47.2,1496,52.8,362,12.8
781,1400000US24031701315,37.8,4192,4192,1980,47.2,2212,52.8,586,14.0
782,1400000US24031701316,45.4,6011,6011,2674,44.5,3337,55.5,858,14.3
783,1400000US24031701317,42.9,4030,4030,2006,49.8,2024,50.2,295,7.3
784,1400000US24031701408,45.1,6521,6521,3340,51.2,3181,48.8,1184,18.2
785,1400000US24031701410,33.5,7428,7428,3296,44.4,4132,55.6,3807,51.3
786,1400000US24031701414,41.5,7579,7579,3337,44.0,4242,56.0,2914,38.4
787,1400000US24031701415,43.0,7505,7505,3303,44.0,4202,56.0,2669,35.6
788,1400000US24031701418,36.2,3263,3263,1656,50.8,1607,49.2,1250,38.3
789,1400000US24031701420,59.1,7079,7079,3375,47.7,3704,52.3,2016,28.5
790,1400000US24031701421,28.1,1696,1696,691,40.7,1005,59.3,1312,77.4
791,1400000US24031701423,32.4,4997,4997,2188,43.8,2809,56.2,2323,46.5
792,1400000US24031701503,42.9,6920,6920,3515,50.8,3405,49.2,2442,35.3
793,1400000US24031701505,34.1,6807,6807,3227,47.4,3580,52.6,2336,34.3
794,1400000US24031701506,45.3,4731,4731,2260,47.8,2471,52.2,1230,26.0
795,1400000US24031701507,45.5,5090,5090,2545,50.0,2545,50.0,1263,24.8
796,1400000US24031701509,34.3,5578,5578,2611,46.8,2967,53.2,2312,41.4
797,1400000US24031701602,30.3,6080,6080,3153,51.9,2927,48.1,1391,22.9
798,1400000US24031701701,39.4,3234,3234,1561,48.3,1673,51.7,756,23.4
799,1400000US24031701702,27.4,2770,2770,1236,44.6,1534,55.4,1353,48.8
800,1400000US24031701703,39.4,3846,3846,1717,44.6,2129,55.4,1613,41.9
801,1400000US24031701704,38.4,2559,2559,1227,47.9,1332,52.1,699,27.3
802,1400000US24031701800,41.7,4327,4327,2187,50.5,2140,49.5,1644,38.0
803,1400000US24031702000,31.6,4886,4886,2593,53.1,2293,46.9,1115,22.8
804,1400000US24031702101,33.3,5899,5899,3046,51.6,2853,48.4,2380,40.3
805,1400000US24031701407,45.3,5652,5652,2856,50.5,2796,49.5,1366,24.2
806,1400000US24031702200,39.5,4103,4103,2000,48.7,2103,51.3,480,11.7
807,1400000US24031702301,32.1,4241,4241,2118,49.9,2123,50.1,1144,27.0
808,1400000US24031702302,36.0,4200,4200,1994,47.5,2206,52.5,1180,28.1
809,1400000US24031702401,41.3,2414,2414,1053,43.6,1361,56.4,506,21.0
810,1400000US24031702402,35.5,4026,4026,1983,49.3,2043,50.7,1527,37.9
811,1400000US24031702601,30.5,4380,4380,2094,47.8,2286,52.2,1844,42.1
812,1400000US24031702602,29.5,4395,4395,1989,45.3,2406,54.7,1363,31.0
813,1400000US24031702700,40.1,6207,6207,3034,48.9,3173,51.1,1512,24.4
814,1400000US24031702800,40.3,4576,4576,2306,50.4,2270,49.6,1209,26.4
815,1400000US24031702900,43.6,5160,5160,2419,46.9,2741,53.1,827,16.0
816,1400000US24031703000,36.4,1833,1833,898,49.0,935,51.0,300,16.4
817,1400000US24031703100,38.6,4221,4221,2115,50.1,2106,49.9,572,13.6
818,1400000US24031703202,44.1,5757,5757,2876,50.0,2881,50.0,487,8.5
819,1400000US24031703206,38.4,3771,3771,1964,52.1,1807,47.9,1023,27.1
820,1400000US24031703207,29.5,5058,5058,2491,49.2,2567,50.8,1566,31.0
821,1400000US24031703208,44.1,5336,5336,2522,47.3,2814,52.7,933,17.5
822,1400000US24031703210,39.2,3411,3411,1691,49.6,1720,50.4,680,19.9
823,1400000US24031703212,38.7,7907,7907,3668,46.4,4239,53.6,2772,35.1
824,1400000US24031703213,29.6,5569,5569,2596,46.6,2973,53.4,2754,49.5
825,1400000US24031703214,33.0,6487,6487,3249,50.1,3238,49.9,3405,52.5
826,1400000US24031703215,38.9,2817,2817,1366,48.5,1451,51.5,858,30.5
827,1400000US24031703216,68.2,3501,3501,1464,41.8,2037,58.2,764,21.8
828,1400000US24031703219,79.0,3379,3379,1146,33.9,2233,66.1,304,9.0
829,1400000US24031703220,41.8,4614,4614,1970,42.7,2644,57.3,1557,33.7
830,1400000US24031703221,38.8,4977,4977,2405,48.3,2572,51.7,1297,26.1
831,1400000US24031703302,32.8,4251,4251,2063,48.5,2188,51.5,412,9.7
832,1400000US24031703401,35.5,5447,5447,2686,49.3,2761,50.7,647,11.9
833,1400000US24031703403,35.7,3366,3366,1805,53.6,1561,46.4,426,12.7
834,1400000US24031703404,33.0,2930,2930,1521,51.9,1409,48.1,448,15.3
835,1400000US24031703501,35.7,6191,6191,3150,50.9,3041,49.1,1428,23.1
836,1400000US24031703502,37.1,3208,3208,1542,48.1,1666,51.9,321,10.0
837,1400000US24031703601,38.5,4265,4265,1712,40.1,2553,59.9,434,10.2
838,1400000US24031703701,35.4,3570,3570,1910,53.5,1660,46.5,152,4.3
839,1400000US24031703702,37.9,3702,3702,1889,51.0,1813,49.0,469,12.7
840,1400000US24031703800,32.4,3141,3141,1475,47.0,1666,53.0,972,30.9
841,1400000US24031703901,37.9,2908,2908,1377,47.4,1531,52.6,375,12.9
842,1400000US24031704000,37.3,6107,6107,2755,45.1,3352,54.9,1445,23.7
843,1400000US24031704100,44.6,4491,4491,2071,46.1,2420,53.9,169,3.8
844,1400000US24031704200,44.2,1858,1858,934,50.3,924,49.7,122,6.6
845,1400000US24031704300,38.9,3849,3849,1720,44.7,2129,55.3,245,6.4
846,1400000US24031704401,47.8,3314,3314,1626,49.1,1688,50.9,368,11.1
847,1400000US24031704404,43.4,5312,5312,2616,49.2,2696,50.8,237,4.5
848,1400000US24031704501,42.8,3115,3115,1462,46.9,1653,53.1,115,3.7
849,1400000US24031704503,38.0,3747,3747,2016,53.8,1731,46.2,8,0.2
850,1400000US24031704600,39.7,5155,5155,2502,48.5,2653,51.5,233,4.5
851,1400000US24031704700,44.1,3746,3746,1810,48.3,1936,51.7,52,1.4
852,1400000US24031704803,35.7,3211,3211,1246,38.8,1965,61.2,242,7.5
853,1400000US24031704805,45.2,1329,1329,557,41.9,772,58.1,240,18.1
854,1400000US24031704806,31.5,2810,2810,1490,53.0,1320,47.0,62,2.2
855,1400000US24031705000,37.2,4779,4779,2544,53.2,2235,46.8,183,3.8
856,1400000US24031705100,45.9,5402,5402,2469,45.7,2933,54.3,216,4.0
857,1400000US24031705200,45.9,3202,3202,1534,47.9,1668,52.1,142,4.4
858,1400000US24031705400,44.4,2795,2795,1349,48.3,1446,51.7,32,1.1
859,1400000US24031705501,57.4,2569,2569,950,37.0,1619,63.0,98,3.8
860,1400000US24031705502,46.7,4056,4056,2085,51.4,1971,48.6,68,1.7
861,1400000US24031705702,46.6,4289,4289,2095,48.8,2194,51.2,0,0.0
862,1400000US24031705800,45.6,5838,5838,2795,47.9,3043,52.1,70,1.2
863,1400000US24031705902,45.2,4311,4311,2030,47.1,2281,52.9,265,6.1
864,1400000US24031705903,43.6,4416,4416,2143,48.5,2273,51.5,11,0.2
865,1400000US24031706005,48.1,4367,4367,2151,49.3,2216,50.7,285,6.5
866,1400000US24031706007,48.3,6842,6842,3162,46.2,3680,53.8,151,2.2
867,1400000US24031706008,46.1,5372,5372,2586,48.1,2786,51.9,340,6.3
868,1400000US24031706009,46.2,5475,5475,2746,50.2,2729,49.8,347,6.3
869,1400000US24031706010,43.0,2881,2881,1321,45.9,1560,54.1,495,17.2
870,1400000US24031706012,45.9,3507,3507,1416,40.4,2091,59.6,474,13.5
871,1400000US24031706013,44.7,2716,2716,1335,49.2,1381,50.8,242,8.9
872,1400000US24033800102,38.9,3030,3030,1453,48.0,1577,52.0,1281,42.3
873,1400000US24033800103,33.5,2132,2132,1161,54.5,971,45.5,706,33.1
874,1400000US24033800105,34.9,3496,3496,1637,46.8,1859,53.2,1773,50.7
875,1400000US24033800108,31.1,3375,3375,1370,40.6,2005,59.4,1855,55.0
876,1400000US24033800109,29.0,4380,4380,2005,45.8,2375,54.2,1906,43.5
877,1400000US24033800203,39.5,4741,4741,2345,49.5,2396,50.5,695,14.7
878,1400000US24033800206,32.7,4288,4288,2062,48.1,2226,51.9,2715,63.3
879,1400000US24033800208,31.9,7290,7290,3539,48.5,3751,51.5,3312,45.4
880,1400000US24033800210,28.4,2973,2973,1642,55.2,1331,44.8,1754,59.0
881,1400000US24033800211,36.3,2823,2823,1414,50.1,1409,49.9,1933,68.5
882,1400000US24033800212,41.8,2767,2767,1032,37.3,1735,62.7,1462,52.8
883,1400000US24033800213,34.0,3948,3948,1824,46.2,2124,53.8,2037,51.6
884,1400000US24033800215,32.2,2719,2719,1137,41.8,1582,58.2,1769,65.1
885,1400000US24033800401,42.7,2670,2670,1278,47.9,1392,52.1,498,18.7
886,1400000US24033800402,42.8,4953,4953,2401,48.5,2552,51.5,915,18.5
887,1400000US24033800403,40.0,4000,4000,1976,49.4,2024,50.6,1447,36.2
888,1400000US24033800409,39.6,6426,6426,3226,50.2,3200,49.8,3447,53.6
889,1400000US24033800410,26.0,6903,6903,3146,45.6,3757,54.4,4121,59.7
890,1400000US24033800411,39.6,4222,4222,2161,51.2,2061,48.8,2713,64.3
891,1400000US24033800412,35.1,3339,3339,1500,44.9,1839,55.1,2152,64.5
892,1400000US24033800504,38.5,4884,4884,2269,46.5,2615,53.5,939,19.2
893,1400000US24033800505,38.7,2561,2561,1272,49.7,1289,50.3,442,17.3
894,1400000US24033800507,37.9,2655,2655,1344,50.6,1311,49.4,1500,56.5
895,1400000US24033800509,44.1,8383,8383,3602,43.0,4781,57.0,7813,93.2
896,1400000US24033800511,36.7,5021,5021,2279,45.4,2742,54.6,2844,56.6
897,1400000US24033800513,38.8,5334,5334,2748,51.5,2586,48.5,2048,38.4
898,1400000US24033800515,37.8,3988,3988,1704,42.7,2284,57.3,2238,56.1
899,1400000US24033800516,38.9,3227,3227,1645,51.0,1582,49.0,1554,48.2
900,1400000US24033800517,41.4,4963,4963,2295,46.2,2668,53.8,4457,89.8
901,1400000US24033800518,40.2,2962,2962,1468,49.6,1494,50.4,2509,84.7
902,1400000US24033800520,33.9,2089,2089,867,41.5,1222,58.5,1650,79.0
903,1400000US24033800601,41.4,1926,1926,994,51.6,932,48.4,1668,86.6
904,1400000US24033800604,28.3,1705,1705,721,42.3,984,57.7,1568,92.0
905,1400000US24033800605,34.3,5578,5578,3124,56.0,2454,44.0,4632,83.0
906,1400000US24033800606,37.6,4473,4473,2083,46.6,2390,53.4,3796,84.9
907,1400000US24033800607,41.6,5697,5697,2496,43.8,3201,56.2,4653,81.7
908,1400000US24033800608,36.8,3086,3086,1433,46.4,1653,53.6,2864,92.8
909,1400000US24033800701,39.9,4362,4362,2258,51.8,2104,48.2,3736,85.6
910,1400000US24033800705,39.9,4099,4099,2055,50.1,2044,49.9,3381,82.5
911,1400000US24033800706,41.1,3620,3620,1725,47.7,1895,52.3,3141,86.8
912,1400000US24033800707,50.0,2685,2685,1208,45.0,1477,55.0,2066,76.9
913,1400000US24033800800,46.2,3475,3475,1904,54.8,1571,45.2,1046,30.1
914,1400000US24033800900,43.9,1568,1568,788,50.3,780,49.7,768,49.0
915,1400000US24033801003,39.0,3491,3491,1685,48.3,1806,51.7,2268,65.0
916,1400000US24033801004,38.6,3697,3697,1861,50.3,1836,49.7,2690,72.8
917,1400000US24033801104,25.0,2719,2719,1518,55.8,1201,44.2,517,19.0
918,1400000US24033801207,40.4,4209,4209,1877,44.6,2332,55.4,3242,77.0
919,1400000US24033801208,40.2,3616,3616,1749,48.4,1867,51.6,2881,79.7
920,1400000US24033801210,38.6,4635,4635,1960,42.3,2675,57.7,3856,83.2
921,1400000US24033801211,39.6,3068,3068,1453,47.4,1615,52.6,2363,77.0
922,1400000US24033801212,42.7,3388,3388,1670,49.3,1718,50.7,2729,80.5
923,1400000US24033801213,41.5,3562,3562,1673,47.0,1889,53.0,2795,78.5
924,1400000US24033801214,44.5,3813,3813,1730,45.4,2083,54.6,2633,69.1
925,1400000US24033801215,33.8,2504,2504,1163,46.4,1341,53.6,1986,79.3
926,1400000US24033801217,42.9,3479,3479,1558,44.8,1921,55.2,2893,83.2
927,1400000US24033801302,44.9,2835,2835,1524,53.8,1311,46.2,1339,47.2
928,1400000US24033801305,36.6,5916,5916,2777,46.9,3139,53.1,4197,70.9
929,1400000US24033801307,48.6,3587,3587,1591,44.4,1996,55.6,2808,78.3
930,1400000US24033801309,44.9,3238,3238,1575,48.6,1663,51.4,1850,57.1
931,1400000US24033801310,39.9,6183,6183,3205,51.8,2978,48.2,4735,76.6
932,1400000US24033801311,37.5,5470,5470,2560,46.8,2910,53.2,4184,76.5
933,1400000US24033801312,44.7,3897,3897,1874,48.1,2023,51.9,2815,72.2
934,1400000US24033801404,40.6,4673,4673,2425,51.9,2248,48.1,3162,67.7
935,1400000US24033801405,35.1,4964,4964,2205,44.4,2759,55.6,2122,42.7
936,1400000US24033801406,37.0,3149,3149,1255,39.9,1894,60.1,2580,81.9
937,1400000US24033801407,40.4,5940,5940,2764,46.5,3176,53.5,5349,90.1
938,1400000US24033801408,39.9,3307,3307,1219,36.9,2088,63.1,2894,87.5
939,1400000US24033801410,42.0,3825,3825,1964,51.3,1861,48.7,2573,67.3
940,1400000US24033801411,40.6,3547,3547,1709,48.2,1838,51.8,1911,53.9
941,1400000US24033801500,41.9,2189,2189,1037,47.4,1152,52.6,1579,72.1
942,1400000US24033801600,34.7,2715,2715,1345,49.5,1370,50.5,2524,93.0
943,1400000US24033801701,34.1,3807,3807,1746,45.9,2061,54.1,3446,90.5
944,1400000US24033801704,31.0,5781,5781,2756,47.7,3025,52.3,5052,87.4
945,1400000US24033801706,34.7,1634,1634,692,42.4,942,57.6,1340,82.0
946,1400000US24033801707,33.0,6252,6252,2777,44.4,3475,55.6,5678,90.8
947,1400000US24033801708,34.4,3503,3503,1591,45.4,1912,54.6,3116,89.0
948,1400000US24033801802,32.5,3828,3828,1842,48.1,1986,51.9,3743,97.8
949,1400000US24033801804,45.7,1980,1980,1029,52.0,951,48.0,1686,85.2
950,1400000US24033801807,34.2,4827,4827,2318,48.0,2509,52.0,4496,93.1
951,1400000US24033801808,36.6,3594,3594,1786,49.7,1808,50.3,3145,87.5
952,1400000US24033801901,42.6,4778,4778,2322,48.6,2456,51.4,3735,78.2
953,1400000US24033801904,35.3,3480,3480,1816,52.2,1664,47.8,2201,63.2
954,1400000US24033801905,36.7,4799,4799,2255,47.0,2544,53.0,3851,80.2
955,1400000US24033801906,36.0,2208,2208,1140,51.6,1068,48.4,1626,73.6
956,1400000US24033801907,40.0,3666,3666,1696,46.3,1970,53.7,3375,92.1
957,1400000US24033802001,30.1,5581,5581,2518,45.1,3063,54.9,4762,85.3
958,1400000US24033802002,36.3,3517,3517,1513,43.0,2004,57.0,3292,93.6
959,1400000US24033802103,39.1,2674,2674,1178,44.1,1496,55.9,2255,84.3
960,1400000US24033802106,28.5,4343,4343,2039,46.9,2304,53.1,4163,95.9
961,1400000US24033802107,26.0,4339,4339,2043,47.1,2296,52.9,4271,98.4
962,1400000US24033802201,38.4,1733,1733,724,41.8,1009,58.2,1205,69.5
963,1400000US24033802204,42.2,5722,5722,2368,41.4,3354,58.6,5182,90.6
964,1400000US24033802301,39.6,3996,3996,1893,47.4,2103,52.6,3449,86.3
965,1400000US24033802404,26.5,4563,4563,1797,39.4,2766,60.6,4180,91.6
966,1400000US24033802405,38.0,3642,3642,1634,44.9,2008,55.1,3312,90.9
967,1400000US24033802407,34.9,4358,4358,1857,42.6,2501,57.4,3966,91.0
968,1400000US24033802408,34.7,1658,1658,857,51.7,801,48.3,1349,81.4
969,1400000US24033802501,35.0,3388,3388,1699,50.1,1689,49.9,3083,91.0
970,1400000US24033802502,36.1,2703,2703,1492,55.2,1211,44.8,2183,80.8
971,1400000US24033802700,37.9,2417,2417,1110,45.9,1307,54.1,2121,87.8
972,1400000US24033802803,33.5,5003,5003,2213,44.2,2790,55.8,4542,90.8
973,1400000US24033802804,36.1,5574,5574,2513,45.1,3061,54.9,5453,97.8
974,1400000US24033802805,35.1,4842,4842,2234,46.1,2608,53.9,4631,95.6
975,1400000US24033802901,35.3,4045,4045,1957,48.4,2088,51.6,3627,89.7
