GEO_ID_2,ACSDE1,ACSde23,VD06,DEC1
1400000US11001007407,3177,0,12,12
1400000US11001007409,3641,0,48,69
1400000US11001007502,4874,86,37,98
1400000US11001007503,2787,0,29,37
1400000US11001007504,3075,23,68,105
1400000US11001007603,4685,267,46,95
1400000US11001007604,3563,266,38,90
1400000US11001007605,3439,120,82,131
1400000US11001007707,3876,44,22,55
1400000US11001007708,2913,19,73,97
1400000US11001007709,2111,64,40,74
1400000US11001007803,3002,44,17,60
1400000US11001007804,3242,0,54,73
1400000US11001007807,2343,26,7,27
1400000US11001007808,3710,21,34,39
1400000US11001007809,3037,30,55,67
1400000US11001007903,1662,33,0,40
1400000US11001008001,2519,963,22,70
1400000US11001008002,3303,1652,0,52
1400000US11001008200,2695,2348,14,64
1400000US11001008301,2249,1745,46,171
1400000US11001008402,2543,1128,13,33
1400000US11001008410,1490,240,6,33
1400000US11001008701,2074,88,0,27
1400000US11001008802,4573,405,25,86
1400000US11001008803,1526,439,16,29
1400000US11001008804,2785,34,63,104
1400000US11001008903,2575,44,39,91
1400000US11001009000,2412,8,0,0
1400000US11001009102,4603,227,19,39
1400000US11001009201,1326,268,10,33
1400000US11001009204,2636,200,9,19
1400000US11001000100,4701,4279,35,135
1400000US11001000201,3598,3100,0,0
1400000US11001000400,1379,1328,6,22
1400000US11001000702,2899,2045,29,46
1400000US11001001002,3109,2129,47,114
1400000US11001001401,3401,3029,10,63
1400000US11001001702,2360,783,15,66
1400000US11001002201,3305,444,19,49
1400000US11001002501,2272,487,7,21
1400000US11001002801,3555,905,53,123
1400000US11001002900,4077,1250,19,110
1400000US11001003301,3052,700,24,84
1400000US11001003600,4487,1436,49,97
1400000US11001004002,2406,2026,43,178
1400000US11001004202,2447,2015,39,140
1400000US11001004702,,,,
1400000US11001004901,1658,614,13,44
1400000US11001005600,4538,3400,56,145
1400000US11001006400,2051,40,10,45
1400000US11001006801,1688,732,10,22
1400000US11001007100,3088,548,44,88
1400000US11001007403,3413,45,48,82
1400000US11001007408,2678,24,63,77
1400000US11001007601,4521,159,78,134
1400000US11001007703,6518,27,52,69
1400000US11001007806,2105,191,28,39
1400000US11001007901,3926,303,30,37
1400000US11001008302,1825,1543,20,93
1400000US11001008702,1983,355,17,17
1400000US11001008904,3349,71,34,115
1400000US11001009203,3048,358,47,54
1400000US11001009302,1281,195,11,35
1400000US11001009504,3497,714,38,117
1400000US11001009509,3197,299,7,38
1400000US11001009602,3577,14,71,111
1400000US11001009603,3627,40,71,100
1400000US11001009604,2151,57,29,46
1400000US11001009700,3051,7,38,61
1400000US11001009802,1262,20,22,32
1400000US11001009807,3211,28,40,74
1400000US11001009904,1572,47,27,79
1400000US11001009906,1897,0,19,34
1400000US11001010500,,,,
1400000US11001010800,,,,
1400000US11001000202,4080,3787,29,85
1400000US11001000300,5168,4648,80,111
1400000US11001000501,3126,2783,70,161
1400000US11001000502,3129,2538,50,135
1400000US11001000600,5420,4423,61,139
1400000US11001000701,4284,3683,44,94
1400000US11001000802,2786,2516,24,99
1400000US11001000901,7651,7021,6,23
1400000US11001000902,2278,2139,12,33
1400000US11001001001,7977,7032,42,118
1400000US11001001100,4315,3869,6,79
1400000US11001001200,4886,4129,7,148
1400000US11001001301,4369,3207,15,100
1400000US11001001302,6264,5414,130,262
1400000US11001001402,3091,2296,14,51
1400000US11001001500,6169,5127,8,93
1400000US11001001600,4293,981,11,17
1400000US11001001803,2991,331,52,111
1400000US11001001804,4344,378,59,174
1400000US11001001901,5128,468,15,37
1400000US11001002001,2720,861,24,53
1400000US11001002002,3967,1381,35,54
1400000US11001002101,5084,865,29,113
1400000US11001002102,4482,164,37,104
1400000US11001002202,3222,309,32,60
1400000US11001002301,2907,468,10,45
1400000US11001002302,2013,482,10,30
1400000US11001002400,3724,415,19,64
1400000US11001002502,5124,1095,33,142
1400000US11001002600,2348,1124,0,46
1400000US11001002701,5416,3338,43,182
1400000US11001002702,5834,3636,57,173
1400000US11001002802,4163,1653,10,135
1400000US11001003000,2779,1088,17,62
1400000US11001003100,2680,1059,14,58
1400000US11001003200,4509,1197,31,84
1400000US11001003302,2055,601,11,37
1400000US11001003400,4794,540,4,32
1400000US11001003500,2338,354,20,24
1400000US11001003700,4554,1150,82,152
1400000US11001003800,3975,2467,45,191
1400000US11001003900,4028,2857,48,233
1400000US11001004001,3477,3222,63,214
1400000US11001004100,2821,2502,0,93
1400000US11001004201,3400,2486,51,267
1400000US11001004300,2790,1709,39,217
1400000US11001004400,4005,2325,27,103
1400000US11001004600,2389,464,33,64
1400000US11001004701,,,,
1400000US11001004801,1596,560,17,49
1400000US11001004802,3202,933,25,68
1400000US11001004902,2594,1535,29,84
1400000US11001005001,,,,
1400000US11001005002,,,,
1400000US11001005201,4941,3352,78,251
1400000US11001005301,5633,3998,88,325
1400000US11001005500,5273,4064,86,186
1400000US11001005800,2168,1528,7,23
1400000US11001005900,3543,1426,22,34
1400000US11001006202,0,0,0,0
1400000US11001006500,2597,2455,31,87
1400000US11001006600,1836,1675,42,87
1400000US11001006700,4226,3328,58,162
1400000US11001006802,2219,746,39,82
1400000US11001006804,2178,123,0,0
1400000US11001006900,2083,1231,7,80
1400000US11001007000,2356,1837,39,102
1400000US11001007200,625,138,36,43
1400000US11001007301,2958,1957,0,5
1400000US11001007304,3556,42,56,78
1400000US11001007401,2729,361,30,38
1400000US11001007404,3587,29,73,84
1400000US11001007406,3489,0,41,65
1400000US11001009301,3363,1075,4,63
1400000US11001009400,4043,254,26,69
1400000US11001009501,5925,1908,29,80
1400000US11001009503,3076,418,10,22
1400000US11001009505,2659,32,23,40
1400000US11001009507,2012,59,0,21
1400000US11001009508,3186,196,0,9
1400000US11001009601,2747,32,20,33
1400000US11001009801,1598,29,23,31
1400000US11001009803,2369,37,36,69
1400000US11001009804,3012,81,73,95
1400000US11001009810,,,,
1400000US11001009811,,,,
1400000US11001009901,2122,41,17,27
1400000US11001009902,2753,173,6,18
1400000US11001009903,1350,0,12,18
1400000US11001009905,2491,0,36,70
1400000US11001009907,2703,12,10,50
1400000US11001010100,,,,
1400000US11001010200,,,,
1400000US11001010300,,,,
1400000US11001010400,,,,
1400000US11001010600,,,,
1400000US11001010700,,,,
1400000US11001010900,,,,
1400000US11001011000,,,,
1400000US11001011100,,,,
1400000US11001001902,2383,338,4,22
1400000US11001008100,3337,2591,13,99
1400000US11001000801,6605,5911,32,90
1400000US51059415100,3348,2610,10,47
1400000US51059415401,,,,
1400000US51059416000,4926,3320,18,66
1400000US51059420100,3817,1721,11,17
1400000US51059420800,3719,2585,7,27
1400000US51059421200,1895,1523,8,26
1400000US51059421600,6058,2316,43,102
1400000US51059421800,5038,2398,50,100
1400000US51059422301,,,,
1400000US51059422401,,,,
1400000US51059430203,,,,
1400000US51059430500,1834,1243,6,12
1400000US51059430901,,,,
1400000US51059431801,,,,
1400000US51059431900,3451,2540,7,7
1400000US51059432300,5168,3932,12,18
1400000US51059432702,,,,
1400000US51059440600,2882,2032,0,27
1400000US51059450200,3646,1851,24,60
1400000US51059450500,2517,1763,7,32
1400000US51059450702,,,,
1400000US51059451300,2253,1748,32,45
1400000US51059451900,5455,2682,41,101
1400000US51059452102,,,,
1400000US51059452502,,,,
1400000US51059452802,,,,
1400000US51059460200,3994,3680,5,5
1400000US51059460300,2748,2488,6,9
1400000US51059460600,3994,2938,0,14
1400000US51059461000,2197,1900,28,60
1400000US51059461601,,,,
1400000US51059461901,,,,
1400000US51059470600,2951,2483,0,6
1400000US51059471000,1897,1609,10,17
1400000US51059471303,,,,
1400000US51059480202,,,,
1400000US51059480501,,,,
1400000US51059480802,,,,
1400000US51059481000,3644,2253,10,61
1400000US51059481104,,,,
1400000US51059481701,,,,
1400000US51059482301,,,,
1400000US51059482502,,,,
1400000US51059490501,,,,
1400000US51059491202,,,,
1400000US51059491401,,,,
1400000US51059491501,,,,
1400000US51059491703,,,,
1400000US51059491801,,,,
1400000US51059492202,,,,
1400000US51059980100,,,,
1400000US51013100100,4830,4088,17,38
1400000US51013100400,3491,3355,0,30
1400000US51013100800,1569,829,0,0
1400000US51013101401,,,,
1400000US51013101602,,,,
1400000US51013101703,,,,
1400000US51013101900,2467,2370,17,38
1400000US51013102301,,,,
1400000US51013102702,,,,
1400000US51013102902,,,,
1400000US51013103402,3575,2834,21,70
1400000US51013103602,,,,
1400000US51510200103,7959,3381,22,157
1400000US51510200107,,,,
1400000US51510200301,3089,1517,19,77
1400000US51510200405,,,,
1400000US51510200500,4187,2222,49,102
1400000US51510200600,5573,2746,32,86
1400000US51510200701,,,,
1400000US51510200702,,,,
1400000US51510200900,5226,4995,27,65
1400000US51510201204,2760,1396,14,64
1400000US51510201600,5002,2819,55,149
1400000US51510202001,2113,2086,12,41
1400000US51600300300,,,,
1400000US51610500300,3484,3023,14,70
1400000US51059415200,3020,2822,53,104
1400000US51059415300,3890,2401,45,87
1400000US51059415402,,,,
1400000US51059415500,5726,4098,9,46
1400000US51059415600,2660,2575,0,34
1400000US51059415700,3876,3761,5,5
1400000US51059415800,4572,4339,24,30
1400000US51059415900,2870,2650,6,6
1400000US51059416100,3618,3306,15,37
1400000US51059416200,4211,2987,8,31
1400000US51059416300,1966,1703,22,39
1400000US51059420201,,,,
1400000US51059420202,,,,
1400000US51059420203,,,,
1400000US51059420300,5731,4465,14,99
1400000US51059420501,,,,
1400000US51059420502,,,,
1400000US51059420503,,,,
1400000US51059420600,3992,2693,36,98
1400000US51059420700,3770,2908,0,54
1400000US51059421001,,,,
1400000US51059421002,,,,
1400000US51059421101,,,,
1400000US51059421102,,,,
1400000US51059421103,,,,
1400000US51059421300,3727,2716,32,39
1400000US51059421400,5631,3024,40,72
1400000US51059421500,7059,3393,27,114
1400000US51059421701,,,,
1400000US51059421702,,,,
1400000US51059421900,2033,1585,0,0
1400000US51059422000,3688,2207,6,18
1400000US51059422101,,,,
1400000US51059422102,,,,
1400000US51059422201,,,,
1400000US51059422202,,,,
1400000US51059422302,,,,
1400000US51059422402,,,,
1400000US51059422403,,,,
1400000US51059430101,,,,
1400000US51059430102,,,,
1400000US51059430201,,,,
1400000US51059430202,,,,
1400000US51059430400,6570,4881,10,34
1400000US51059430600,6873,3307,18,45
1400000US51059430700,2750,1745,12,44
1400000US51059430801,,,,
1400000US51059430802,,,,
1400000US51059430902,,,,
1400000US51059431001,,,,
1400000US51059431002,,,,
1400000US51059431300,4062,3167,9,31
1400000US51059431400,4602,3158,5,54
1400000US51059431500,5130,3898,21,27
1400000US51059431600,8227,3975,5,30
1400000US51059431802,,,,
1400000US51059432000,3282,2444,3,19
1400000US51059432100,3729,2944,9,25
1400000US51059432201,,,,
1400000US51059432202,,,,
1400000US51059432401,,,,
1400000US51059432402,,,,
1400000US51059432500,5772,4350,16,42
1400000US51059432600,4806,3386,19,46
1400000US51059432701,,,,
1400000US51059432800,2285,1249,0,10
1400000US51059440100,7303,5384,0,44
1400000US51059440201,,,,
1400000US51059440202,,,,
1400000US51059440300,2709,2275,0,11
1400000US51059440501,,,,
1400000US51059440502,,,,
1400000US51059440701,,,,
1400000US51059440702,,,,
1400000US51059440800,6060,4793,9,44
1400000US51059450100,4628,2895,38,139
1400000US51059450300,4638,2404,43,77
1400000US51059450400,2276,1386,16,28
1400000US51059450601,,,,
1400000US51059450602,,,,
1400000US51059450701,,,,
1400000US51059450800,3042,1887,0,30
1400000US51059450900,1671,1212,0,22
1400000US51059451000,2672,2065,0,25
1400000US51059451100,2278,1627,34,46
1400000US51059451200,1617,1378,0,6
1400000US51059451400,2436,1032,14,57
1400000US51059451501,,,,
1400000US51059451502,,,,
1400000US51059451601,,,,
1400000US51059451602,,,,
1400000US51059451800,3388,2489,8,13
1400000US51059452000,2734,1846,6,16
1400000US51059452101,,,,
1400000US51059452200,5547,3674,44,118
1400000US51059452301,,,,
1400000US51059452302,,,,
1400000US51059452400,6515,4231,31,93
1400000US51059452501,,,,
1400000US51059452600,4438,2174,30,126
1400000US51059452700,5061,1625,59,94
1400000US51059452801,,,,
1400000US51059460100,4382,3624,0,13
1400000US51059460400,4902,3798,19,58
1400000US51059460501,,,,
1400000US51059460502,,,,
1400000US51059460701,,,,
1400000US51059460702,,,,
1400000US51059460800,3284,2607,0,33
1400000US51059460900,2412,1986,11,21
1400000US51059461100,7198,5761,27,52
1400000US51059461201,,,,
1400000US51059461202,,,,
1400000US51059461500,6012,4443,51,80
1400000US51059461602,,,,
1400000US51059461700,5779,3362,40,93
1400000US51059461801,,,,
1400000US51059461802,,,,
1400000US51059461902,,,,
1400000US51059470100,2690,1824,3,3
1400000US51059470300,3223,2931,0,19
1400000US51059470400,4125,3587,7,41
1400000US51059470500,4942,3703,14,25
1400000US51059470700,4938,3732,8,51
1400000US51059470800,2928,2450,8,25
1400000US51059470900,7079,6083,44,92
1400000US51059471100,5940,4677,36,98
1400000US51059471201,,,,
1400000US51059471202,,,,
1400000US51059471301,,,,
1400000US51059471304,,,,
1400000US51059471401,,,,
1400000US51059471402,,,,
1400000US51059480100,3921,3651,8,28
1400000US51059480201,,,,
1400000US51059480203,,,,
1400000US51059480300,6857,5559,9,28
1400000US51059480401,,,,
1400000US51059480402,,,,
1400000US51059480502,,,,
1400000US51059480503,,,,
1400000US51059480504,,,,
1400000US51059480505,,,,
1400000US51059480801,,,,
1400000US51059480901,,,,
1400000US51059480902,,,,
1400000US51059480903,,,,
1400000US51059481101,,,,
1400000US51059481102,,,,
1400000US51059481103,,,,
1400000US51059481105,,,,
1400000US51059481106,,,,
1400000US51059481201,,,,
1400000US51059481202,,,,
1400000US51059481400,6027,5097,41,81
1400000US51059481500,2146,2017,0,7
1400000US51059481600,3652,3368,16,33
1400000US51059481702,,,,
1400000US51059481900,4802,3821,42,96
1400000US51059482001,,,,
1400000US51059482100,2550,1931,38,107
1400000US51059482201,,,,
1400000US51059482202,,,,
1400000US51059482203,,,,
1400000US51059482302,,,,
1400000US51059482303,,,,
1400000US51059482400,2104,1768,7,22
1400000US51059482501,,,,
1400000US51059482503,,,,
1400000US51059482504,,,,
1400000US51059482601,,,,
1400000US51059482602,,,,
1400000US51059490101,,,,
1400000US51059490103,,,,
1400000US51059490502,,,,
1400000US51059491000,2106,1998,0,0
1400000US51059491101,,,,
1400000US51059491102,,,,
1400000US51059491201,,,,
1400000US51059491301,,,,
1400000US51059491302,,,,
1400000US51059491303,,,,
1400000US51059491402,,,,
1400000US51059491403,,,,
1400000US51059491404,,,,
1400000US51059491405,,,,
1400000US51059491502,,,,
1400000US51059491601,,,,
1400000US51059491602,,,,
1400000US51059491701,,,,
1400000US51059491702,,,,
1400000US51059491704,,,,
1400000US51059491705,,,,
1400000US51059491802,,,,
1400000US51059491803,,,,
1400000US51059492000,6674,5594,22,41
1400000US51059492100,7059,6367,17,39
1400000US51059492201,,,,
1400000US51059492203,,,,
1400000US51059492300,3595,2500,5,12
1400000US51059492400,4472,3310,54,105
1400000US51059492500,,,,
1400000US51059980200,,,,
1400000US51059980300,,,,
1400000US51013100200,6325,6006,7,40
1400000US51013100300,6359,5958,17,58
1400000US51013100500,4558,4338,41,76
1400000US51013100600,3174,2653,20,54
1400000US51013100700,5145,4458,60,176
1400000US51013100900,4298,3381,10,84
1400000US51013101000,3688,3124,9,82
1400000US51013101100,5412,4754,55,123
1400000US51013101200,3752,3221,8,50
1400000US51013101300,6795,5934,52,164
1400000US51013101402,,,,
1400000US51013101403,,,,
1400000US51013101404,,,,
1400000US51013101500,7593,6639,57,158
1400000US51013101601,,,,
1400000US51013101603,,,,
1400000US51013101701,,,,
1400000US51013101702,,,,
1400000US51013101801,,,,
1400000US51013101802,,,,
1400000US51013101803,,,,
1400000US51013102001,,,,
1400000US51013102002,,,,
1400000US51013102003,,,,
1400000US51013102100,2909,2110,0,27
1400000US51013102200,8258,4420,42,134
1400000US51013102302,,,,
1400000US51013102400,3803,2600,25,109
1400000US51013102500,4536,2660,44,166
1400000US51013102600,3575,2503,30,71
1400000US51013102701,,,,
1400000US51013102801,,,,
1400000US51013102802,,,,
1400000US51013102901,,,,
1400000US51013103000,3436,3257,41,89
1400000US51013103100,3929,1022,50,96
1400000US51013103200,7238,3965,75,221
1400000US51013103300,1133,360,0,6
1400000US51013103401,2145,1794,0,7
1400000US51013103501,,,,
1400000US51013103502,,,,
1400000US51013103503,,,,
1400000US51013103601,,,,
1400000US51013103700,2653,2376,6,29
1400000US51013103800,4659,2300,24,65
1400000US51013980100,,,,
1400000US51013980200,,,,
1400000US51059491103,,,,
1400000US51510201300,3734,3020,36,128
1400000US51510201400,4370,3199,39,102
1400000US51510201500,3631,3271,34,108
1400000US51510201801,4924,4127,71,194
1400000US51510201802,2017,1727,18,46
1400000US51510201900,1782,1599,36,68
1400000US51510202002,2434,2175,26,98
1400000US51510200102,4535,2211,14,40
1400000US51510200104,4151,1429,27,95
1400000US51510200105,4337,1608,33,81
1400000US51510200106,,,,
1400000US51510200201,2984,2276,33,82
1400000US51510200202,1812,1648,0,18
1400000US51510200302,4391,2576,18,71
1400000US51510200303,5174,3251,17,132
1400000US51510200403,,,,
1400000US51510200404,,,,
1400000US51510200406,,,,
1400000US51510200407,,,,
1400000US51510200703,,,,
1400000US51510200801,2749,2254,13,38
1400000US51510200802,2935,2090,21,110
1400000US51510201000,2870,2645,47,122
1400000US51510201100,3120,2680,16,36
1400000US51510201202,3434,2625,23,87
1400000US51510201203,5918,3283,44,185
1400000US51600300100,,,,
1400000US51600300200,,,,
1400000US51600300400,,,,
1400000US51600300500,,,,
1400000US51610500100,2569,2429,7,27
1400000US51610500200,5180,3721,49,98
1400000US51059420400,1889,1394,31,90
1400000US51059482002,,,,
1400000US24031700105,,,,
1400000US24031700304,6950,3324,48,99
1400000US24031700607,8364,3626,6,40
1400000US24031700611,,,,
1400000US24031700710,6714,3518,24,56
1400000US24031700718,,,,
1400000US24031700723,,,,
1400000US24031700815,7808,4676,100,195
1400000US24031700820,,,,
1400000US24031700824,,,,
1400000US24033803001,3056,215,27,52
1400000US24033803002,2879,50,13,52
1400000US24033803100,2517,199,45,81
1400000US24033803200,3139,83,56,106
1400000US24033803512,5447,160,50,131
1400000US24033803519,3168,240,11,44
1400000US24033803525,,,,
1400000US24033803613,4614,1077,52,129
1400000US24033804001,4087,284,16,113
1400000US24033804400,2680,1033,15,30
1400000US24033804900,4687,535,32,94
1400000US24033805601,5338,1251,59,199
1400000US24033805904,2857,1065,5,9
1400000US24033806200,3943,2253,14,54
1400000US24033806602,4804,1439,14,116
1400000US24033806712,2850,1037,77,112
1400000US24033807304,2119,709,6,11
1400000US24031700826,,,,
1400000US24031700828,,,,
1400000US24031700829,,,,
1400000US24031700830,,,,
1400000US24031700901,3171,1866,6,42
1400000US24031701002,3474,3055,4,15
1400000US24031701102,5574,3899,28,93
1400000US24031701210,4128,3457,12,27
1400000US24031701215,3908,3085,0,57
1400000US24031701304,6591,5557,2,28
1400000US24031701313,4029,3059,19,33
1400000US24031701409,4681,2508,4,11
1400000US24031701422,,,,
1400000US24031701508,,,,
1400000US24031701601,,,,
1400000US24031701900,3350,1328,50,125
1400000US24031702102,2941,2544,0,44
1400000US24031702500,3533,1265,64,90
1400000US24031703201,7572,4688,11,104
1400000US24031703209,5046,2218,16,56
1400000US24031703218,,,,
1400000US24031703301,4276,2622,0,18
1400000US24031703402,3521,1913,2,17
1400000US24031703602,3068,2571,4,43
1400000US24031703902,7260,3139,26,142
1400000US24031704403,,,,
1400000US24031704804,,,,
1400000US24031705300,1968,1900,0,4
1400000US24031705601,2717,2541,15,31
1400000US24031705602,4197,3698,38,71
1400000US24031705701,4366,4110,15,24
1400000US24031705901,4144,3507,7,15
1400000US24031706011,,,,
1400000US24033800106,2641,830,18,39
1400000US24033800209,3858,856,89,217
1400000US24033800214,,,,
1400000US24033800408,6379,1857,30,59
1400000US24033800413,,,,
1400000US24033800514,,,,
1400000US24033800519,,,,
1400000US24033800704,,,,
1400000US24033801005,,,,
1400000US24033801006,,,,
1400000US24033801209,,,,
1400000US24033801216,,,,
1400000US24033801308,3918,276,37,59
1400000US24033801313,,,,
1400000US24033801409,,,,
1400000US24033801702,3963,319,83,89
1400000US24033801801,2124,167,24,70
1400000US24033801805,2236,185,47,76
1400000US24033802104,2040,218,23,46
1400000US24033802203,5078,329,11,66
1400000US24033802406,2253,219,35,69
1400000US24033802600,3342,7,41,82
1400000US24031700308,5501,4286,83,208
1400000US24031700309,5331,2595,56,79
1400000US24031700310,4867,3030,80,115
1400000US24031700311,,,,
1400000US24031700312,,,,
1400000US24031700400,2170,2134,3,23
1400000US24031700500,6575,6174,35,88
1400000US24031700604,6726,5321,13,29
1400000US24031700606,4581,3104,6,26
1400000US24031700608,6148,3968,0,11
1400000US24031700610,2041,1648,11,11
1400000US24031700613,,,,
1400000US24031700614,,,,
1400000US24031700615,,,,
1400000US24031700616,,,,
1400000US24031700704,3117,1753,22,78
1400000US24031700706,2936,1462,43,61
1400000US24031700711,5899,3495,31,96
1400000US24031700713,5399,1484,76,157
1400000US24031700715,5478,3089,72,89
1400000US24031700716,8018,3667,68,135
1400000US24031700717,,,,
1400000US24031700719,,,,
1400000US24031700720,,,,
1400000US24031700721,,,,
1400000US24031700722,,,,
1400000US24031700724,,,,
1400000US24031700810,5113,2845,21,95
1400000US24031700811,4217,2047,30,53
1400000US24031700812,4025,2470,20,48
1400000US24031700101,4284,3675,17,42
1400000US24031700103,5830,4567,12,70
1400000US24031700104,,,,
1400000US24031700204,1872,1748,5,33
1400000US24031700205,5733,5074,13,39
1400000US24031700206,6174,5326,15,71
1400000US24031700207,,,,
1400000US24031700208,,,,
1400000US24031700306,7290,4023,29,102
1400000US24031700813,5083,2730,57,98
1400000US24031700816,8442,3951,70,171
1400000US24031700817,5722,3299,51,121
1400000US24031700818,6052,2971,89,131
1400000US24031700819,6274,3960,52,136
1400000US24031700822,,,,
1400000US24031700823,,,,
1400000US24033803300,4196,218,62,119
1400000US24033803401,1376,73,20,25
1400000US24033803402,4777,305,64,102
1400000US24033803508,4650,564,110,160
1400000US24033803509,2283,24,37,123
1400000US24033803513,4684,297,53,80
1400000US24033803514,3974,126,31,49
1400000US24033803516,4327,532,0,34
1400000US24033806711,3746,862,9,98
1400000US24033806713,,,,
1400000US24033806714,,,,
1400000US24033806800,3702,2573,9,37
1400000US24033806900,4101,2589,23,94
1400000US24033807000,5223,3303,60,121
1400000US24033807102,2270,1514,28,78
1400000US24033807200,13854,10043,24,55
1400000US24033807301,3151,1441,30,48
1400000US24033807305,3668,1150,15,40
1400000US24033807404,4917,2207,34,98
1400000US24033807407,5763,1988,21,82
1400000US24033807408,5361,3620,40,112
1400000US24033807409,,,,
1400000US24033807410,,,,
1400000US24033803520,,,,
1400000US24033803521,,,,
1400000US24033803522,,,,
1400000US24033803523,,,,
1400000US24033803524,,,,
1400000US24033803526,,,,
1400000US24033803527,,,,
1400000US24033803601,3456,281,20,46
1400000US24033803602,1774,9,0,36
1400000US24033803605,6650,2475,20,72
1400000US24033803606,5616,1849,39,77
1400000US24033803608,4908,951,46,75
1400000US24033803610,3677,1682,24,33
1400000US24033803612,3158,340,86,148
1400000US24033803700,2396,1053,15,31
1400000US24033803801,1900,630,6,36
1400000US24033803803,5538,1289,75,128
1400000US24033803900,4083,1172,7,60
1400000US24033804002,3387,1419,26,89
1400000US24033804101,3206,805,75,109
1400000US24033804102,6099,1856,68,127
1400000US24033804200,3534,2001,18,63
1400000US24033804300,3474,734,64,90
1400000US24033804600,2966,975,47,72
1400000US24033804700,3949,1751,35,74
1400000US24033804801,,,,
1400000US24033804802,,,,
1400000US24033805000,4943,653,46,110
1400000US24033805101,3553,1142,44,86
1400000US24033805201,3873,758,47,117
1400000US24033805202,3930,597,30,70
1400000US24033805500,4128,910,44,112
1400000US24033805602,4271,1254,14,116
1400000US24033805700,5078,987,13,76
1400000US24033805801,4181,610,0,16
1400000US24033805802,3364,708,9,56
1400000US24033805906,,,,
1400000US24033805907,,,,
1400000US24033805908,,,,
1400000US24033805909,,,,
1400000US24033806000,4163,754,69,94
1400000US24033806100,4687,2368,27,81
1400000US24033806300,2031,1035,16,36
1400000US24033806400,3226,2606,4,31
1400000US24033806501,4523,2067,81,117
1400000US24033806601,4471,1778,11,36
1400000US24033806706,3640,1584,6,60
1400000US24033806708,4111,2457,42,103
1400000US24033806710,4945,1434,33,79
1400000US24033803607,3362,900,0,21
1400000US24031701417,5224,1612,89,212
1400000US24033801908,,,,
1400000US24033807405,5038,3215,58,101
1400000US24031704502,2798,2508,12,12
1400000US24031700832,,,,
1400000US24031700833,,,,
1400000US24031700834,,,,
1400000US24031700835,,,,
1400000US24031700902,3165,1698,24,50
1400000US24031700903,1798,1006,5,32
1400000US24031700904,2495,1300,0,7
1400000US24031700905,4223,2213,0,0
1400000US24031701001,5613,3950,36,91
1400000US24031701004,5411,4141,34,72
1400000US24031701005,3193,2763,0,19
1400000US24031701006,,,,
1400000US24031701007,,,,
1400000US24031701101,4581,3244,42,59
1400000US24031701201,5502,3701,60,87
1400000US24031701202,2583,2379,7,23
1400000US24031701205,6515,6007,9,25
1400000US24031701206,6343,4798,13,24
1400000US24031701211,6225,3689,7,33
1400000US24031701212,2668,1972,6,16
1400000US24031701213,4911,4124,18,123
1400000US24031701214,2471,1918,23,64
1400000US24031701216,,,,
1400000US24031701218,,,,
1400000US24031701219,,,,
1400000US24031701220,,,,
1400000US24031701221,,,,
1400000US24031701303,3682,3186,0,37
1400000US24031701306,3385,3062,4,25
1400000US24031701307,3158,2204,14,23
1400000US24031701308,2947,2126,9,18
1400000US24031701312,6531,5093,28,39
1400000US24031701314,,,,
1400000US24031701315,,,,
1400000US24031701316,,,,
1400000US24031701317,,,,
1400000US24031701408,6834,3934,13,43
1400000US24031701410,7732,1986,49,134
1400000US24031701414,7162,2481,54,89
1400000US24031701415,7483,3271,62,75
1400000US24031701418,,,,
1400000US24031701420,,,,
1400000US24031701421,,,,
1400000US24031701423,,,,
1400000US24031701503,6678,3261,22,46
1400000US24031701505,6460,3173,91,198
1400000US24031701506,4665,2716,28,63
1400000US24031701507,5431,2960,22,35
1400000US24031701509,,,,
1400000US24031701602,,,,
1400000US24031701701,3618,2688,23,80
1400000US24031701702,2750,1118,29,63
1400000US24031701703,3625,1853,22,68
1400000US24031701704,2860,1560,16,126
1400000US24031701800,4819,2935,23,77
1400000US24031702000,4927,1253,22,93
1400000US24031702101,5918,991,30,76
1400000US24031701407,5766,2918,7,30
1400000US24031702200,3988,3169,41,86
1400000US24031702301,4115,1252,49,70
1400000US24031702302,3940,2112,61,121
1400000US24031702401,2479,1723,6,61
1400000US24031702402,3760,1899,84,128
1400000US24031702601,4016,2203,48,127
1400000US24031702602,4640,2466,102,186
1400000US24031702700,6099,3044,32,88
1400000US24031702800,4741,3148,108,155
1400000US24031702900,5034,4046,39,99
1400000US24031703000,1736,1238,19,54
1400000US24031703100,4710,3162,25,66
1400000US24031703202,5560,4412,21,43
1400000US24031703206,3771,1966,13,20
1400000US24031703207,4574,1696,49,95
1400000US24031703208,5216,3888,21,38
1400000US24031703210,3213,1629,6,26
1400000US24031703212,7800,4126,28,112
1400000US24031703213,5634,1680,51,154
1400000US24031703214,6574,1938,99,155
1400000US24031703215,2896,1284,20,28
1400000US24031703216,,,,
1400000US24031703219,,,,
1400000US24031703220,,,,
1400000US24031703221,,,,
1400000US24031703302,4155,2466,4,35
1400000US24031703401,5334,2183,22,79
1400000US24031703403,3532,1769,0,8
1400000US24031703404,2861,1181,4,51
1400000US24031703501,5933,2287,35,61
1400000US24031703502,2834,1820,21,55
1400000US24031703601,4273,2463,37,54
1400000US24031703701,3152,1681,3,25
1400000US24031703702,3688,1579,16,30
1400000US24031703800,2947,1110,4,54
1400000US24031703901,2688,1772,13,31
1400000US24031704000,6229,3516,44,96
1400000US24031704100,4564,4227,9,35
1400000US24031704200,1950,1791,6,22
1400000US24031704300,3699,3267,36,76
1400000US24031704401,3186,2470,12,22
1400000US24031704404,,,,
1400000US24031704501,3242,2611,13,28
1400000US24031704503,3634,3247,24,33
1400000US24031704600,5036,4284,6,26
1400000US24031704700,3875,3584,15,22
1400000US24031704803,,,,
1400000US24031704805,,,,
1400000US24031704806,,,,
1400000US24031705000,5242,4623,11,39
1400000US24031705100,5281,4904,20,58
1400000US24031705200,3170,2948,4,10
1400000US24031705400,2816,2751,0,41
1400000US24031705501,,,,
1400000US24031705502,,,,
1400000US24031705702,4482,4150,19,46
1400000US24031705800,6060,5650,7,66
1400000US24031705902,4360,3631,0,15
1400000US24031705903,4535,3701,17,24
1400000US24031706005,4517,3724,0,22
1400000US24031706007,7081,5419,0,45
1400000US24031706008,5729,4791,13,26
1400000US24031706009,5698,4348,11,27
1400000US24031706010,,,,
1400000US24031706012,,,,
1400000US24031706013,,,,
1400000US24033800102,2640,1429,14,59
1400000US24033800103,2034,998,60,78
1400000US24033800105,3143,1102,41,85
1400000US24033800108,,,,
1400000US24033800109,,,,
1400000US24033800203,4942,3493,6,64
1400000US24033800206,4142,1138,55,101
1400000US24033800208,7683,2855,25,92
1400000US24033800210,2876,685,91,133
1400000US24033800211,2800,819,20,93
1400000US24033800212,,,,
1400000US24033800213,,,,
1400000US24033800215,,,,
1400000US24033800401,2633,1855,7,42
1400000US24033800402,4658,3471,14,83
1400000US24033800403,3874,2242,5,11
1400000US24033800409,5943,2798,38,62
1400000US24033800410,,,,
1400000US24033800411,,,,
1400000US24033800412,,,,
1400000US24033800504,4887,3765,0,35
1400000US24033800505,2789,2164,18,49
1400000US24033800507,3073,1295,44,62
1400000US24033800509,7228,225,35,61
1400000US24033800511,5005,2061,24,73
1400000US24033800513,,,,
1400000US24033800515,,,,
1400000US24033800516,,,,
1400000US24033800517,,,,
1400000US24033800518,,,,
1400000US24033800520,,,,
1400000US24033800601,1763,164,27,44
1400000US24033800604,1711,119,48,61
1400000US24033800605,5706,831,28,68
1400000US24033800606,4398,540,57,166
1400000US24033800607,,,,
1400000US24033800608,,,,
1400000US24033800701,5309,574,24,75
1400000US24033800705,,,,
1400000US24033800706,,,,
1400000US24033800707,,,,
1400000US24033800800,4001,2960,19,44
1400000US24033800900,1721,931,11,30
1400000US24033801003,,,,
1400000US24033801004,,,,
1400000US24033801104,2994,2105,0,15
1400000US24033801207,4354,927,42,57
1400000US24033801208,,,,
1400000US24033801210,,,,
1400000US24033801211,,,,
1400000US24033801212,,,,
1400000US24033801213,,,,
1400000US24033801214,,,,
1400000US24033801215,,,,
1400000US24033801217,,,,
1400000US24033801302,2790,1712,6,34
1400000US24033801305,5659,353,29,45
1400000US24033801307,3713,703,6,27
1400000US24033801309,3242,1198,22,80
1400000US24033801310,,,,
1400000US24033801311,,,,
1400000US24033801312,,,,
1400000US24033801404,4602,802,76,139
1400000US24033801405,4334,1080,21,71
1400000US24033801406,2932,175,25,94
1400000US24033801407,6179,392,69,93
1400000US24033801408,,,,
1400000US24033801410,,,,
1400000US24033801411,,,,
1400000US24033801500,2653,429,13,32
1400000US24033801600,2829,84,29,51
1400000US24033801701,3907,304,57,112
1400000US24033801704,5462,246,45,159
1400000US24033801706,1441,66,0,22
1400000US24033801707,5588,153,159,279
1400000US24033801708,3424,431,53,98
1400000US24033801802,3961,96,73,109
1400000US24033801804,1998,267,8,19
1400000US24033801807,4994,366,109,178
1400000US24033801808,3576,211,47,148
1400000US24033801901,4699,887,37,73
1400000US24033801904,3351,957,25,94
1400000US24033801905,4803,787,42,77
1400000US24033801906,2373,461,36,70
1400000US24033801907,,,,
1400000US24033802001,5845,616,75,156
1400000US24033802002,3695,213,70,117
1400000US24033802103,2788,272,38,57
1400000US24033802106,,,,
1400000US24033802107,,,,
1400000US24033802201,1962,340,15,79
1400000US24033802204,5958,390,40,98
1400000US24033802301,3785,528,35,60
1400000US24033802404,4652,314,91,198
1400000US24033802405,3512,140,41,84
1400000US24033802407,,,,
1400000US24033802408,,,,
1400000US24033802501,3366,206,53,106
1400000US24033802502,2413,222,28,46
1400000US24033802700,2334,281,0,10
1400000US24033802803,4760,190,63,133
1400000US24033802804,5549,109,60,111
1400000US24033802805,4721,144,26,66
1400000US24033802901,4339,230,16,81
