,GEO.id,HC01_VC32,HC01_VC23,HC02_VC23,sdsdsds89
0,1400000US11001000100,83.4,5.8,3.8,288
1,1400000US11001000201,60.8,12.5,0.0,4284
2,1400000US11001000202,85.3,2.8,1.5,1101
3,1400000US11001000300,83.5,5.3,3.7,1248
4,1400000US11001000400,81.5,6.8,8.1,74
5,1400000US11001000501,83.3,4.7,4.4,391
6,1400000US11001000502,82.2,3.8,5.1,175
7,1400000US11001000600,72.5,6.1,4.2,306
8,1400000US11001000701,72.4,7.6,4.3,398
9,1400000US11001000702,77.1,5.7,6.1,576
10,1400000US11001000801,80.3,6.3,2.3,1305
11,1400000US11001000802,86.3,3.3,0.8,325
12,1400000US11001000901,84.0,5.1,1.7,3336
13,1400000US11001000902,81.4,5.6,5.7,84
14,1400000US11001001001,82.1,6.5,1.4,343
15,1400000US11001001002,86.6,4.3,4.7,693
16,1400000US11001001100,78.3,8.9,8.1,230
17,1400000US11001001200,80.8,6.5,6.1,476
18,1400000US11001001301,84.5,6.0,3.3,300
19,1400000US11001001302,81.3,6.2,3.5,359
20,1400000US11001001401,79.4,7.8,2.5,175
21,1400000US11001001402,46.4,16.7,18.3,168
22,1400000US11001001500,75.1,6.4,3.0,131
23,1400000US11001001600,74.0,8.5,6.8,166
24,1400000US11001001701,40.9,19.8,23.1,214
25,1400000US11001001702,37.5,18.9,24.0,142
26,1400000US11001001801,42.3,3.5,3.9,331
27,1400000US11001001803,26.7,26.3,26.1,245
28,1400000US11001001804,26.0,23.7,22.4,392
29,1400000US11001001901,21.7,26.6,24.2,309
30,1400000US11001001902,37.6,20.3,19.7,138
31,1400000US11001002001,28.9,18.1,13.1,145
32,1400000US11001002002,30.7,23.1,21.2,340
33,1400000US11001002101,15.2,33.6,30.4,466
34,1400000US11001002102,20.2,28.7,32.1,539
35,1400000US11001002201,14.9,29.7,25.8,323
36,1400000US11001002202,14.6,27.2,27.2,234
37,1400000US11001002301,17.9,28.8,28.2,228
38,1400000US11001002302,43.6,15.7,21.4,344
39,1400000US11001002400,11.8,33.1,36.0,299
40,1400000US11001002501,23.3,20.0,19.1,196
41,1400000US11001002502,13.5,23.2,20.5,565
42,1400000US11001002600,69.9,8.7,7.8,122
43,1400000US11001002701,42.6,16.0,16.6,693
44,1400000US11001002702,45.5,11.3,9.4,772
45,1400000US11001002801,18.1,18.5,13.0,417
46,1400000US11001002802,11.0,13.9,15.4,694
47,1400000US11001002900,12.2,21.3,20.5,478
48,1400000US11001003000,19.1,22.4,22.0,228
49,1400000US11001003100,10.3,25.9,28.9,315
50,1400000US11001003200,15.8,22.0,25.8,416
51,1400000US11001003301,28.2,19.5,22.2,254
52,1400000US11001003302,24.3,25.4,24.9,146
53,1400000US11001003400,18.5,27.9,26.1,2059
54,1400000US11001003500,22.2,23.2,21.7,1543
55,1400000US11001003600,20.3,19.9,18.0,475
56,1400000US11001003700,16.2,20.3,21.1,1122
57,1400000US11001003800,44.9,11.7,11.5,476
58,1400000US11001003900,69.8,7.1,6.6,522
59,1400000US11001004001,83.8,5.3,5.7,191
60,1400000US11001004002,75.2,5.1,5.0,208
61,1400000US11001004100,81.8,3.9,3.8,127
62,1400000US11001004201,77.2,6.0,6.4,367
63,1400000US11001004202,80.3,4.9,6.1,290
64,1400000US11001004300,47.9,10.0,10.1,297
65,1400000US11001004400,42.0,16.1,16.3,290
66,1400000US11001004600,18.9,30.5,32.0,297
67,1400000US11001004700,10.4,27.8,22.6,390
68,1400000US11001004801,15.5,22.4,24.9,134
69,1400000US11001004802,12.4,31.2,22.3,322
70,1400000US11001004901,27.0,19.8,21.6,151
71,1400000US11001004902,23.1,22.2,17.5,411
72,1400000US11001005000,36.5,16.0,13.7,1060
73,1400000US11001005100,51.3,10.1,6.2,32
74,1400000US11001005201,62.1,10.5,7.9,484
75,1400000US11001005202,57.4,15.3,15.8,178
76,1400000US11001005301,79.4,5.0,6.2,648
77,1400000US11001005302,85.5,0.0,0.0,33
78,1400000US11001005401,84.7,4.2,5.2,540
79,1400000US11001005402,(X),(X),(X),0
80,1400000US11001005500,81.5,4.5,2.7,660
81,1400000US11001005600,70.0,7.1,3.6,2367
82,1400000US11001005701,73.8,7.0,6.4,3548
83,1400000US11001005702,(X),(X),(X),0
84,1400000US11001005800,44.7,11.6,7.8,111
85,1400000US11001005900,17.9,28.1,30.6,306
86,1400000US11001006001,52.5,15.2,17.6,211
87,1400000US11001006002,3.2,29.0,43.0,89
88,1400000US11001006100,65.9,9.4,10.1,195
89,1400000US11001006201,69.6,11.3,19.7,34
90,1400000US11001006202,(X),(X),(X),0
91,1400000US11001006301,58.9,9.9,9.4,208
92,1400000US11001006302,76.4,0.0,0.0,0
93,1400000US11001006400,8.7,24.0,19.1,176
94,1400000US11001006500,81.4,5.9,3.4,247
95,1400000US11001006600,91.2,1.4,1.3,155
96,1400000US11001006700,76.2,6.4,7.5,225
97,1400000US11001006801,20.3,32.9,31.2,171
98,1400000US11001006802,18.8,29.7,33.0,204
99,1400000US11001006804,14.8,37.3,37.5,641
100,1400000US11001006900,48.4,22.3,19.2,78
101,1400000US11001007000,70.4,10.6,11.4,354
102,1400000US11001007100,23.8,23.7,25.6,253
103,1400000US11001007200,5.8,29.1,29.1,181
104,1400000US11001007301,36.0,14.2,12.2,862
105,1400000US11001007302,11.0,29.9,30.8,309
106,1400000US11001007304,5.3,44.9,43.8,390
107,1400000US11001007308,(X),(X),(X),286
108,1400000US11001007401,1.8,43.1,46.3,348
109,1400000US11001007403,3.3,40.3,37.6,316
110,1400000US11001007404,0.0,31.4,30.6,313
111,1400000US11001007406,2.4,43.9,55.8,331
112,1400000US11001007407,6.2,36.5,39.8,274
113,1400000US11001007408,6.5,38.3,46.3,170
114,1400000US11001007409,3.2,39.1,39.9,424
115,1400000US11001007502,6.3,36.5,36.4,452
116,1400000US11001007503,3.8,42.3,45.4,269
117,1400000US11001007504,9.2,40.4,36.7,214
118,1400000US11001007601,8.3,36.1,36.3,446
119,1400000US11001007603,28.5,26.1,27.4,246
120,1400000US11001007604,21.4,34.5,35.0,284
121,1400000US11001007605,12.2,37.2,41.1,348
122,1400000US11001007703,8.5,35.7,29.9,444
123,1400000US11001007707,13.5,36.2,36.3,304
124,1400000US11001007708,2.4,44.9,39.5,211
125,1400000US11001007709,10.2,33.0,35.1,222
126,1400000US11001007803,10.6,33.0,35.0,243
127,1400000US11001007804,11.0,29.6,38.3,291
128,1400000US11001007806,9.0,39.1,38.9,145
129,1400000US11001007807,7.0,41.6,35.9,197
130,1400000US11001007808,7.3,38.4,38.0,370
131,1400000US11001007809,9.8,33.1,34.8,199
132,1400000US11001007901,6.3,36.5,33.9,288
133,1400000US11001007903,12.5,36.0,35.8,174
134,1400000US11001008001,22.7,24.6,23.4,132
135,1400000US11001008002,41.0,20.7,21.5,225
136,1400000US11001008100,68.8,7.8,9.1,270
137,1400000US11001008200,86.4,3.2,4.2,318
138,1400000US11001008301,67.0,11.7,9.5,255
139,1400000US11001008302,63.2,8.1,7.5,129
140,1400000US11001008402,33.7,16.7,10.6,127
141,1400000US11001008410,16.7,26.6,25.8,144
142,1400000US11001008500,15.8,31.0,31.3,372
143,1400000US11001008600,22.4,26.5,17.9,0
144,1400000US11001008701,20.6,27.3,27.2,188
145,1400000US11001008702,9.2,27.8,22.9,177
146,1400000US11001008802,8.7,28.4,27.8,309
147,1400000US11001008803,15.4,35.6,32.6,693
148,1400000US11001008804,3.3,38.2,37.6,238
149,1400000US11001008903,9.0,30.1,32.4,147
150,1400000US11001008904,3.5,38.9,37.4,294
151,1400000US11001008905,(X),(X),(X),0
152,1400000US11001009000,19.3,30.6,33.6,142
153,1400000US11001009101,21.4,31.0,29.3,323
154,1400000US11001009102,11.1,36.3,43.2,391
155,1400000US11001009201,15.4,23.2,15.3,276
156,1400000US11001009203,13.2,29.5,22.3,244
157,1400000US11001009204,6.8,35.8,42.4,212
158,1400000US11001009301,35.0,25.3,28.4,332
159,1400000US11001009302,16.7,30.3,36.3,94
160,1400000US11001009400,33.3,17.1,16.4,296
161,1400000US11001009501,27.0,25.9,25.5,2001
162,1400000US11001009503,42.0,21.4,15.0,158
163,1400000US11001009504,29.9,21.2,21.9,311
164,1400000US11001009505,25.6,31.2,37.0,115
165,1400000US11001009507,23.0,21.9,19.9,63
166,1400000US11001009508,21.4,27.5,29.5,199
167,1400000US11001009509,20.6,26.0,27.1,176
168,1400000US11001009601,14.9,32.1,36.5,180
169,1400000US11001009602,9.3,40.3,34.6,329
170,1400000US11001009603,15.1,34.4,38.2,233
171,1400000US11001009604,9.5,35.6,37.7,148
172,1400000US11001009700,4.9,37.4,39.7,205
173,1400000US11001009801,3.1,38.3,38.1,248
174,1400000US11001009802,2.7,37.6,38.5,161
175,1400000US11001009803,11.2,39.6,37.4,235
176,1400000US11001009804,7.4,34.7,36.8,279
177,1400000US11001009806,6.3,34.2,28.6,578
178,1400000US11001009807,9.7,41.2,40.8,277
179,1400000US11001009808,5.5,38.8,41.7,283
180,1400000US11001009809,7.3,27.9,19.3,33
181,1400000US11001009901,32.0,27.2,30.9,114
182,1400000US11001009902,13.8,32.5,36.5,204
183,1400000US11001009903,9.1,27.3,29.3,123
184,1400000US11001009904,3.9,41.6,40.6,176
185,1400000US11001009905,3.8,36.6,45.6,271
186,1400000US11001009906,6.6,34.3,27.7,136
187,1400000US11001009907,5.6,40.5,37.0,280
188,1400000US24031700101,58.9,17.1,18.4,177
189,1400000US24031700102,53.2,14.6,13.1,625
190,1400000US24031700103,53.0,16.1,16.1,243
191,1400000US24031700202,34.9,21.5,19.6,473
192,1400000US24031700204,28.6,32.5,26.0,142
193,1400000US24031700205,58.4,16.1,14.7,277
194,1400000US24031700206,42.3,19.2,17.4,316
195,1400000US24031700302,44.1,23.0,18.0,162
196,1400000US24031700304,57.9,18.2,14.0,425
197,1400000US24031700306,49.1,16.4,15.5,355
198,1400000US24031700308,48.4,14.9,11.2,261
199,1400000US24031700309,43.5,16.3,14.0,223
200,1400000US24031700310,49.6,16.2,14.6,481
201,1400000US24031700400,46.1,14.8,13.2,86
202,1400000US24031700500,41.2,25.1,22.1,303
203,1400000US24031700604,72.0,8.7,5.8,244
204,1400000US24031700605,74.5,5.5,2.9,474
205,1400000US24031700606,76.5,4.7,4.7,274
206,1400000US24031700607,74.7,7.3,8.2,449
207,1400000US24031700608,74.2,5.7,3.1,186
208,1400000US24031700609,53.9,12.7,11.3,430
209,1400000US24031700610,54.4,12.4,13.1,201
210,1400000US24031700704,42.8,14.6,11.3,195
211,1400000US24031700705,31.4,17.6,16.1,725
212,1400000US24031700706,45.5,15.5,12.9,405
213,1400000US24031700708,30.2,17.5,15.2,991
214,1400000US24031700710,45.2,19.3,15.0,476
215,1400000US24031700711,55.3,14.4,10.1,436
216,1400000US24031700712,44.9,18.8,19.7,651
217,1400000US24031700713,51.5,12.4,12.6,447
218,1400000US24031700714,43.9,20.4,20.4,481
219,1400000US24031700715,36.9,16.8,17.1,384
220,1400000US24031700716,44.6,17.3,16.3,557
221,1400000US24031700805,50.9,13.2,11.2,673
222,1400000US24031700806,70.7,7.7,6.7,352
223,1400000US24031700808,36.2,21.6,20.6,617
224,1400000US24031700809,46.5,15.2,12.4,614
225,1400000US24031700810,57.0,15.9,11.8,445
226,1400000US24031700811,40.1,19.8,18.0,262
227,1400000US24031700812,41.9,20.2,16.2,242
228,1400000US24031700813,50.4,16.3,13.4,469
229,1400000US24031700815,42.9,20.3,16.4,537
230,1400000US24031700816,43.8,17.6,15.5,840
231,1400000US24031700817,60.9,13.0,11.5,309
232,1400000US24031700818,39.7,21.3,23.2,648
233,1400000US24031700819,42.2,16.2,15.1,404
234,1400000US24031700901,45.1,19.6,13.7,176
235,1400000US24031700902,20.8,30.0,28.9,213
236,1400000US24031700903,36.1,26.1,23.9,173
237,1400000US24031700904,59.3,15.5,10.8,61
238,1400000US24031700905,68.5,11.6,9.5,206
239,1400000US24031701001,59.2,14.6,10.4,325
240,1400000US24031701002,64.1,8.4,6.6,279
241,1400000US24031701003,69.8,12.0,6.3,258
242,1400000US24031701004,60.4,10.4,10.6,299
243,1400000US24031701005,58.1,10.5,8.9,101
244,1400000US24031701101,40.5,18.6,16.0,310
245,1400000US24031701102,30.0,27.2,24.6,504
246,1400000US24031701201,38.7,23.5,20.5,467
247,1400000US24031701202,71.1,8.4,7.1,98
248,1400000US24031701204,55.4,15.3,10.1,675
249,1400000US24031701205,78.8,5.4,3.6,253
250,1400000US24031701206,69.6,8.5,5.3,233
251,1400000US24031701209,75.9,7.6,5.0,306
252,1400000US24031701210,80.0,3.6,1.1,238
253,1400000US24031701211,61.5,10.9,10.3,260
254,1400000US24031701212,56.1,16.1,16.3,141
255,1400000US24031701213,71.5,7.9,4.5,279
256,1400000US24031701214,79.9,4.9,5.5,118
257,1400000US24031701215,74.2,8.3,4.9,184
258,1400000US24031701303,66.8,10.3,4.3,194
259,1400000US24031701304,52.4,17.1,17.3,365
260,1400000US24031701306,60.7,9.6,8.2,72
261,1400000US24031701307,59.8,15.8,12.6,131
262,1400000US24031701308,63.4,11.8,11.1,150
263,1400000US24031701309,56.7,16.6,14.0,379
264,1400000US24031701310,57.1,12.7,10.8,359
265,1400000US24031701312,50.1,15.2,11.8,370
266,1400000US24031701313,53.9,18.1,14.3,291
267,1400000US24031701407,60.7,12.5,11.6,430
268,1400000US24031701408,49.1,19.7,17.3,317
269,1400000US24031701409,53.9,17.8,13.6,235
270,1400000US24031701410,49.8,16.9,20.6,417
271,1400000US24031701412,47.5,17.3,18.2,551
272,1400000US24031701414,51.2,18.3,17.0,531
273,1400000US24031701415,54.4,17.1,15.5,534
274,1400000US24031701416,49.8,17.7,13.3,519
275,1400000US24031701417,57.7,12.2,13.6,549
276,1400000US24031701503,49.3,15.7,13.8,455
277,1400000US24031701504,38.2,20.5,17.7,1162
278,1400000US24031701505,50.9,19.2,17.3,823
279,1400000US24031701506,67.0,10.7,7.0,284
280,1400000US24031701507,59.3,12.9,10.0,287
281,1400000US24031701600,23.6,15.9,15.0,1033
282,1400000US24031701701,62.4,12.6,12.1,196
283,1400000US24031701702,40.7,16.5,16.6,575
284,1400000US24031701703,39.7,20.4,17.2,220
285,1400000US24031701704,52.8,13.3,12.5,134
286,1400000US24031701800,49.0,15.3,15.5,329
287,1400000US24031701900,40.6,13.1,12.3,406
288,1400000US24031702000,21.3,19.5,17.2,627
289,1400000US24031702101,28.4,16.0,15.8,531
290,1400000US24031702102,70.5,9.9,8.8,79
291,1400000US24031702200,65.3,8.7,7.0,160
292,1400000US24031702301,33.3,22.9,17.7,433
293,1400000US24031702302,50.9,14.3,12.0,315
294,1400000US24031702401,58.5,9.7,6.7,143
295,1400000US24031702402,43.7,17.8,19.9,453
296,1400000US24031702500,42.7,15.8,13.7,295
297,1400000US24031702601,60.7,9.8,8.6,448
298,1400000US24031702602,60.1,12.1,13.1,681
299,1400000US24031702700,48.0,14.1,11.9,568
300,1400000US24031702800,59.9,10.4,7.7,329
301,1400000US24031702900,73.5,7.9,3.1,208
302,1400000US24031703000,54.7,13.7,14.2,69
303,1400000US24031703100,41.4,22.0,22.1,253
304,1400000US24031703201,46.0,21.0,17.4,400
305,1400000US24031703202,62.4,11.4,9.0,312
306,1400000US24031703203,35.3,28.6,21.3,141
307,1400000US24031703206,50.5,17.4,12.8,289
308,1400000US24031703207,38.0,14.3,13.8,478
309,1400000US24031703208,60.7,12.8,10.1,239
310,1400000US24031703209,39.5,18.3,17.7,385
311,1400000US24031703210,56.3,15.7,16.4,205
312,1400000US24031703211,45.8,18.4,13.6,582
313,1400000US24031703212,52.2,15.7,16.4,607
314,1400000US24031703213,27.7,27.4,24.9,594
315,1400000US24031703214,35.4,17.0,17.5,841
316,1400000US24031703215,42.6,17.5,16.7,299
317,1400000US24031703301,25.8,30.6,28.7,361
318,1400000US24031703302,27.9,24.3,21.3,369
319,1400000US24031703401,26.8,25.7,27.3,394
320,1400000US24031703402,26.6,26.1,26.9,218
321,1400000US24031703403,18.2,24.8,22.0,255
322,1400000US24031703404,13.5,22.2,27.9,272
323,1400000US24031703501,23.5,25.7,24.9,533
324,1400000US24031703502,50.6,13.9,14.4,177
325,1400000US24031703601,41.3,17.0,16.3,251
326,1400000US24031703602,56.5,15.9,12.5,113
327,1400000US24031703701,29.2,25.6,24.9,280
328,1400000US24031703702,30.9,26.6,28.8,215
329,1400000US24031703800,29.0,18.4,16.2,194
330,1400000US24031703901,58.4,13.8,10.7,147
331,1400000US24031703902,39.0,17.4,13.1,540
332,1400000US24031704000,44.2,17.4,19.8,352
333,1400000US24031704100,68.7,9.7,7.2,170
334,1400000US24031704200,58.8,14.7,6.3,50
335,1400000US24031704300,72.9,7.1,5.5,85
336,1400000US24031704401,67.8,11.9,3.9,164
337,1400000US24031704402,72.5,9.5,5.5,269
338,1400000US24031704501,66.1,11.8,10.1,164
339,1400000US24031704502,81.8,4.3,1.6,74
340,1400000US24031704503,75.2,5.4,2.6,144
341,1400000US24031704600,79.2,8.1,4.4,135
342,1400000US24031704700,84.4,3.0,1.0,131
343,1400000US24031704801,77.5,6.3,4.0,206
344,1400000US24031704802,77.2,8.1,8.9,296
345,1400000US24031705000,68.8,9.1,5.9,389
346,1400000US24031705100,78.6,6.0,5.1,164
347,1400000US24031705200,85.0,3.5,1.3,101
348,1400000US24031705300,86.8,3.8,1.9,70
349,1400000US24031705400,88.4,1.8,1.0,91
350,1400000US24031705500,80.2,5.0,2.4,234
351,1400000US24031705601,84.9,4.3,1.5,105
352,1400000US24031705602,72.4,8.6,5.0,156
353,1400000US24031705701,77.5,5.9,2.7,194
354,1400000US24031705702,80.7,5.4,3.6,110
355,1400000US24031705800,79.4,5.2,4.2,261
356,1400000US24031705901,81.8,4.6,2.9,148
357,1400000US24031705902,83.0,4.9,1.5,153
358,1400000US24031705903,81.5,4.9,1.9,136
359,1400000US24031706003,79.7,6.2,4.1,317
360,1400000US24031706004,66.4,9.4,4.5,208
361,1400000US24031706005,80.7,5.9,3.2,180
362,1400000US24031706007,78.5,5.7,2.1,298
363,1400000US24031706008,80.8,4.3,2.5,237
364,1400000US24031706009,79.5,4.4,1.8,230
365,1400000US24033800102,28.4,27.7,30.4,128
366,1400000US24033800103,25.9,26.6,23.8,322
367,1400000US24033800105,30.4,24.5,28.3,143
368,1400000US24033800106,38.0,16.9,19.7,134
369,1400000US24033800107,32.9,21.3,22.2,725
370,1400000US24033800202,45.4,16.8,18.0,250
371,1400000US24033800203,36.4,25.6,21.5,193
372,1400000US24033800206,47.0,21.3,22.0,288
373,1400000US24033800207,31.0,28.4,26.6,472
374,1400000US24033800208,46.7,16.0,14.2,516
375,1400000US24033800209,19.9,27.4,29.6,498
376,1400000US24033800210,35.5,20.4,23.1,393
377,1400000US24033800211,36.5,23.6,21.5,291
378,1400000US24033800401,38.7,23.4,23.6,115
379,1400000US24033800402,38.3,24.2,17.7,321
380,1400000US24033800403,38.0,20.3,18.1,110
381,1400000US24033800406,48.0,17.1,13.9,1154
382,1400000US24033800407,37.7,22.0,20.5,647
383,1400000US24033800408,35.8,24.3,26.4,253
384,1400000US24033800409,46.9,15.5,17.0,360
385,1400000US24033800503,41.5,23.2,18.9,326
386,1400000US24033800504,44.1,21.5,17.9,251
387,1400000US24033800505,34.8,27.3,19.5,185
388,1400000US24033800507,39.0,16.9,16.6,183
389,1400000US24033800508,59.8,10.0,9.6,455
390,1400000US24033800509,41.9,19.3,24.5,450
391,1400000US24033800510,43.6,18.7,17.4,406
392,1400000US24033800511,35.2,22.8,23.8,305
393,1400000US24033800512,47.2,18.8,14.8,335
394,1400000US24033800601,18.4,21.1,19.0,208
395,1400000US24033800603,36.7,25.9,25.6,335
396,1400000US24033800604,15.1,25.7,24.4,74
397,1400000US24033800605,28.6,24.8,30.7,631
398,1400000US24033800606,45.2,15.3,18.9,228
399,1400000US24033800701,29.4,27.6,30.0,282
400,1400000US24033800702,30.9,31.3,31.1,230
401,1400000US24033800703,34.9,24.3,25.7,523
402,1400000US24033800800,25.3,37.1,37.3,213
403,1400000US24033800900,15.6,29.4,26.4,147
404,1400000US24033801001,16.1,38.6,37.3,305
405,1400000US24033801002,28.3,26.2,27.4,471
406,1400000US24033801104,32.2,15.2,15.7,1259
407,1400000US24033801202,20.6,30.4,32.0,456
408,1400000US24033801203,25.1,24.7,23.3,486
409,1400000US24033801204,23.6,31.0,34.4,523
410,1400000US24033801205,19.5,29.9,28.6,360
411,1400000US24033801206,22.8,30.8,29.4,525
412,1400000US24033801207,21.7,33.2,35.7,275
413,1400000US24033801301,26.0,26.2,27.7,627
414,1400000US24033801302,35.6,23.2,23.3,99
415,1400000US24033801305,27.4,30.1,32.7,351
416,1400000US24033801306,34.8,24.8,24.4,400
417,1400000US24033801307,38.0,14.5,15.2,422
418,1400000US24033801308,31.2,14.5,13.9,288
419,1400000US24033801309,60.8,15.3,17.6,129
420,1400000US24033801402,19.2,35.6,40.5,478
421,1400000US24033801403,31.7,19.6,20.1,479
422,1400000US24033801404,27.6,27.4,27.3,345
423,1400000US24033801405,18.1,30.3,29.3,332
424,1400000US24033801406,29.1,27.0,28.3,286
425,1400000US24033801407,24.8,29.7,35.2,486
426,1400000US24033801500,14.8,37.4,44.6,166
427,1400000US24033801600,10.5,42.1,45.5,301
428,1400000US24033801701,19.2,26.7,30.0,456
429,1400000US24033801702,13.7,35.5,35.8,387
430,1400000US24033801704,16.8,35.6,37.4,547
431,1400000US24033801706,10.8,33.6,32.6,130
432,1400000US24033801707,8.7,38.2,46.2,681
433,1400000US24033801708,16.7,41.1,45.6,377
434,1400000US24033801801,11.4,40.2,39.1,219
435,1400000US24033801802,13.8,33.9,33.6,370
436,1400000US24033801804,24.1,32.6,39.1,200
437,1400000US24033801805,13.3,40.4,45.6,168
438,1400000US24033801807,16.5,35.3,41.4,424
439,1400000US24033801808,17.5,37.8,36.0,300
440,1400000US24033801901,28.3,23.6,22.2,298
441,1400000US24033801902,17.9,32.5,40.9,656
442,1400000US24033801904,14.5,33.7,33.3,265
443,1400000US24033801905,19.5,32.2,31.9,235
444,1400000US24033801906,10.2,41.8,38.9,203
445,1400000US24033802001,13.8,41.1,42.3,594
446,1400000US24033802002,15.7,33.2,35.8,365
447,1400000US24033802103,14.7,34.8,37.6,215
448,1400000US24033802104,17.6,33.0,40.1,204
449,1400000US24033802105,12.3,36.4,36.7,913
450,1400000US24033802201,12.7,42.9,46.1,205
451,1400000US24033802203,14.5,35.5,38.4,378
452,1400000US24033802204,20.9,31.0,32.9,350
453,1400000US24033802301,11.5,36.7,38.9,326
454,1400000US24033802403,15.2,38.9,41.7,567
455,1400000US24033802404,7.4,40.8,38.4,495
456,1400000US24033802405,11.3,42.5,51.6,353
457,1400000US24033802406,11.1,43.9,54.9,313
458,1400000US24033802501,9.2,31.9,27.3,359
459,1400000US24033802502,9.1,37.6,40.8,251
460,1400000US24033802600,7.8,40.3,40.5,263
461,1400000US24033802700,8.3,42.8,40.9,237
462,1400000US24033802803,16.8,33.4,31.7,441
463,1400000US24033802804,14.6,36.1,43.2,502
464,1400000US24033802805,12.1,37.4,38.3,375
465,1400000US24033802901,9.2,35.3,42.0,340
466,1400000US24033803001,9.7,37.5,45.3,228
467,1400000US24033803002,11.5,39.4,44.3,184
468,1400000US24033803100,8.6,32.4,37.6,284
469,1400000US24033803200,10.1,37.8,30.1,319
470,1400000US24033803300,7.2,36.7,38.9,424
471,1400000US24033803401,5.5,34.4,34.3,89
472,1400000US24033803402,6.1,48.6,45.5,413
473,1400000US24033803505,32.6,16.7,16.3,481
474,1400000US24033803508,11.8,34.0,37.2,443
475,1400000US24033803509,3.9,40.6,42.9,414
476,1400000US24033803512,35.2,25.1,29.5,290
477,1400000US24033803513,31.1,22.4,25.6,368
478,1400000US24033803514,49.2,24.8,28.7,137
479,1400000US24033803515,48.2,16.7,17.5,533
480,1400000US24033803516,43.1,20.7,21.6,214
481,1400000US24033803517,41.6,18.5,17.5,547
482,1400000US24033803518,17.6,28.2,30.7,723
483,1400000US24033803519,13.5,33.3,36.7,432
484,1400000US24033803601,33.2,22.4,18.0,264
485,1400000US24033803602,16.1,31.9,23.7,128
486,1400000US24033803605,27.5,24.8,21.3,612
487,1400000US24033803606,30.5,25.4,25.7,438
488,1400000US24033803607,32.7,23.6,23.2,234
489,1400000US24033803608,23.7,32.8,31.7,495
490,1400000US24033803610,36.3,23.2,23.8,238
491,1400000US24033803612,21.0,36.1,39.1,387
492,1400000US24033803613,22.4,29.3,33.4,472
493,1400000US24033803700,13.9,37.6,34.8,135
494,1400000US24033803801,11.4,33.9,29.9,133
495,1400000US24033803803,16.0,33.3,31.5,499
496,1400000US24033803900,11.8,23.5,23.2,486
497,1400000US24033804001,15.4,33.7,31.1,425
498,1400000US24033804002,10.3,32.2,34.1,353
499,1400000US24033804101,30.0,24.4,27.1,304
500,1400000US24033804102,15.1,31.0,32.6,514
501,1400000US24033804200,47.4,16.6,19.1,187
502,1400000US24033804300,10.3,30.1,28.8,387
503,1400000US24033804400,9.7,30.7,32.2,203
504,1400000US24033804600,13.0,26.5,26.8,241
505,1400000US24033804700,20.6,26.7,30.2,420
506,1400000US24033804800,18.2,29.1,25.9,721
507,1400000US24033804900,18.2,32.9,34.1,332
508,1400000US24033805000,25.9,25.2,24.1,575
509,1400000US24033805101,13.9,28.5,28.1,337
510,1400000US24033805201,17.0,25.4,25.2,350
511,1400000US24033805202,21.8,28.2,25.9,422
512,1400000US24033805500,19.7,29.6,28.5,522
513,1400000US24033805601,8.8,10.7,9.5,998
514,1400000US24033805602,12.6,21.9,16.9,940
515,1400000US24033805700,16.8,25.5,23.5,733
516,1400000US24033805801,20.6,29.3,35.7,507
517,1400000US24033805802,19.8,25.4,25.3,436
518,1400000US24033805901,31.6,28.4,22.6,961
519,1400000US24033805904,28.7,27.0,27.5,325
520,1400000US24033805905,27.9,18.6,21.5,882
521,1400000US24033806000,19.4,36.2,32.6,424
522,1400000US24033806100,30.4,25.3,24.2,464
523,1400000US24033806200,33.0,27.8,30.9,336
524,1400000US24033806300,17.8,32.8,30.1,230
525,1400000US24033806400,72.4,10.3,8.8,241
526,1400000US24033806501,16.9,26.9,26.1,671
527,1400000US24033806601,13.4,28.6,27.5,547
528,1400000US24033806602,17.6,29.6,26.3,503
529,1400000US24033806703,33.2,21.8,20.2,1214
530,1400000US24033806706,37.8,23.8,24.3,317
531,1400000US24033806708,51.8,19.3,15.4,597
532,1400000US24033806710,53.3,18.0,19.4,478
533,1400000US24033806711,33.5,24.9,19.4,436
534,1400000US24033806712,36.9,23.6,25.4,255
535,1400000US24033806800,39.4,24.9,24.3,351
536,1400000US24033806900,25.8,32.1,32.6,368
537,1400000US24033807000,33.7,27.8,27.0,1212
538,1400000US24033807102,51.5,14.5,13.7,325
539,1400000US24033807200,52.6,15.9,12.8,10342
540,1400000US24033807301,56.1,16.8,16.2,830
541,1400000US24033807304,30.1,27.7,26.7,156
542,1400000US24033807305,41.4,18.5,20.1,390
543,1400000US24033807404,29.5,28.6,25.1,492
544,1400000US24033807405,38.6,23.2,23.7,367
545,1400000US24033807406,33.2,22.4,22.7,995
546,1400000US24033807407,46.5,23.0,18.9,429
547,1400000US24033807408,43.4,19.1,14.9,315
548,1400000US51013100100,70.4,12.1,8.5,198
549,1400000US51013100200,75.4,6.6,4.4,153
550,1400000US51013100300,79.9,6.6,4.1,701
551,1400000US51013100400,79.4,5.2,2.1,107
552,1400000US51013100500,78.2,6.0,5.2,153
553,1400000US51013100600,66.8,10.5,6.1,158
554,1400000US51013100700,60.5,11.9,10.8,451
555,1400000US51013100800,24.3,28.5,34.0,101
556,1400000US51013100900,60.8,10.2,7.5,198
557,1400000US51013101000,63.3,10.8,12.7,102
558,1400000US51013101100,71.7,9.6,6.9,264
559,1400000US51013101200,55.9,14.1,10.1,208
560,1400000US51013101300,63.0,12.3,10.3,404
561,1400000US51013101400,81.4,5.9,3.3,1086
562,1400000US51013101500,69.0,10.1,6.0,567
563,1400000US51013101600,76.9,6.9,5.2,783
564,1400000US51013101700,65.3,11.1,9.5,1537
565,1400000US51013101800,76.9,7.3,7.2,1090
566,1400000US51013101900,75.7,8.5,7.0,141
567,1400000US51013102000,42.3,13.0,12.4,1236
568,1400000US51013102100,53.5,12.0,11.6,174
569,1400000US51013102200,27.3,16.1,12.3,930
570,1400000US51013102300,45.0,18.2,15.9,485
571,1400000US51013102400,50.0,17.0,14.3,251
572,1400000US51013102500,47.6,17.5,16.5,441
573,1400000US51013102600,36.2,16.0,18.2,267
574,1400000US51013102700,18.3,23.9,21.8,901
575,1400000US51013102800,41.1,18.8,18.1,811
576,1400000US51013102900,73.5,7.9,7.6,639
577,1400000US51013103000,85.5,4.3,2.8,69
578,1400000US51013103100,22.6,23.9,24.6,424
579,1400000US51013103200,51.7,13.9,12.1,785
580,1400000US51013103300,25.6,25.8,39.1,125
581,1400000US51013103401,24.1,19.4,19.4,1296
582,1400000US51013103402,76.5,7.4,3.4,229
583,1400000US51013103500,68.9,6.9,4.7,938
584,1400000US51013103600,67.9,9.4,7.1,516
585,1400000US51013103700,78.0,6.8,6.5,83
586,1400000US51013103800,27.5,19.0,16.4,663
587,1400000US51059415100,53.7,15.4,14.9,155
588,1400000US51059415200,66.9,6.2,4.9,125
589,1400000US51059415300,35.6,24.8,21.2,243
590,1400000US51059415400,41.3,18.7,19.0,735
591,1400000US51059415500,47.1,14.5,13.7,273
592,1400000US51059415600,74.5,6.6,4.5,35
593,1400000US51059415700,67.6,11.1,3.1,129
594,1400000US51059415800,69.9,6.9,4.2,154
595,1400000US51059415900,62.1,12.9,10.6,104
596,1400000US51059416000,39.9,18.7,20.3,251
597,1400000US51059416100,66.1,10.1,6.7,115
598,1400000US51059416200,28.2,14.1,12.5,219
599,1400000US51059416300,48.7,17.7,13.5,100
600,1400000US51059420100,37.8,18.7,16.1,261
601,1400000US51059420200,59.7,15.5,12.1,438
602,1400000US51059420300,43.1,21.6,18.5,285
603,1400000US51059420400,55.6,11.8,10.3,410
604,1400000US51059420500,53.5,12.6,12.1,452
605,1400000US51059420600,38.7,18.6,17.3,467
606,1400000US51059420700,39.5,20.9,16.0,282
607,1400000US51059420800,38.0,27.6,29.5,194
608,1400000US51059421000,44.3,17.6,12.5,506
609,1400000US51059421100,59.2,12.1,10.5,662
610,1400000US51059421200,54.6,16.9,12.0,37
611,1400000US51059421300,56.0,14.0,10.0,212
612,1400000US51059421400,28.4,21.0,20.2,630
613,1400000US51059421500,12.4,29.3,25.6,647
614,1400000US51059421600,18.4,29.4,27.0,518
615,1400000US51059421700,25.3,28.2,28.4,682
616,1400000US51059421800,28.3,25.2,21.9,465
617,1400000US51059421900,12.7,25.3,25.2,476
618,1400000US51059422000,33.0,22.0,16.9,111
619,1400000US51059422100,30.0,23.4,25.0,841
620,1400000US51059422200,3.4,21.8,21.8,263
621,1400000US51059422300,53.8,15.5,13.4,412
622,1400000US51059422400,63.5,10.1,5.9,605
623,1400000US51059430100,62.9,11.3,7.6,453
624,1400000US51059430200,60.0,11.9,8.9,973
625,1400000US51059430400,49.3,20.2,19.5,390
626,1400000US51059430500,50.6,14.7,10.8,81
627,1400000US51059430600,24.2,21.1,18.8,690
628,1400000US51059430700,39.2,21.7,13.4,155
629,1400000US51059430800,53.7,15.0,12.9,550
630,1400000US51059430900,52.8,15.7,15.2,578
631,1400000US51059431000,51.6,15.9,12.8,582
632,1400000US51059431300,60.7,15.4,9.6,311
633,1400000US51059431400,56.5,10.5,6.7,284
634,1400000US51059431500,66.0,7.8,3.8,215
635,1400000US51059431600,36.6,21.5,18.5,476
636,1400000US51059431800,50.7,18.1,15.1,547
637,1400000US51059431900,70.7,10.4,8.6,230
638,1400000US51059432000,55.2,11.8,11.4,215
639,1400000US51059432100,60.4,10.5,7.8,232
640,1400000US51059432200,53.7,14.3,12.7,608
641,1400000US51059432300,63.3,9.7,5.3,343
642,1400000US51059432400,63.6,8.0,6.3,560
643,1400000US51059432500,68.1,7.1,5.0,424
644,1400000US51059432600,60.6,11.1,9.0,228
645,1400000US51059432700,50.4,12.6,12.9,543
646,1400000US51059432800,53.7,12.0,8.4,191
647,1400000US51059440100,59.3,17.1,14.0,447
648,1400000US51059440200,44.2,17.3,15.8,744
649,1400000US51059440300,66.9,9.8,10.3,85
650,1400000US51059440500,55.4,15.6,16.7,3166
651,1400000US51059440600,36.7,27.1,23.0,141
652,1400000US51059440700,68.2,9.3,6.1,347
653,1400000US51059440800,59.4,11.9,8.9,157
654,1400000US51059450100,53.8,15.3,14.1,403
655,1400000US51059450200,29.3,21.8,18.8,486
656,1400000US51059450300,36.2,19.9,20.1,310
657,1400000US51059450400,55.9,15.3,12.4,111
658,1400000US51059450500,23.7,25.9,26.3,259
659,1400000US51059450600,40.4,19.7,16.0,499
660,1400000US51059450700,42.5,17.4,12.1,767
661,1400000US51059450800,45.8,14.7,7.0,220
662,1400000US51059450900,50.7,18.4,14.2,76
663,1400000US51059451000,51.9,19.5,14.9,187
664,1400000US51059451100,66.7,12.3,8.3,137
665,1400000US51059451200,76.9,4.5,6.6,26
666,1400000US51059451300,64.5,10.1,4.0,51
667,1400000US51059451400,23.2,14.5,17.2,347
668,1400000US51059451500,34.2,17.0,15.5,1151
669,1400000US51059451600,26.9,15.7,12.3,1202
670,1400000US51059451800,41.9,21.2,21.4,176
671,1400000US51059451900,43.9,15.6,12.8,644
672,1400000US51059452000,56.3,12.3,8.3,183
673,1400000US51059452100,42.4,20.5,19.2,435
674,1400000US51059452200,36.6,22.2,18.8,571
675,1400000US51059452300,43.2,23.6,22.4,588
676,1400000US51059452400,44.7,15.5,8.5,456
677,1400000US51059452500,35.7,22.7,21.7,883
678,1400000US51059452600,44.2,18.9,18.4,323
679,1400000US51059452700,33.9,19.5,22.0,430
680,1400000US51059452800,54.3,14.5,11.1,562
681,1400000US51059460100,76.3,5.9,1.7,194
682,1400000US51059460200,78.1,5.7,2.9,166
683,1400000US51059460300,76.9,6.9,3.0,121
684,1400000US51059460400,69.8,10.0,5.2,202
685,1400000US51059460500,67.4,10.3,6.0,498
686,1400000US51059460600,53.6,15.3,10.5,348
687,1400000US51059460700,54.3,15.4,13.0,272
688,1400000US51059460800,50.9,14.6,12.7,149
689,1400000US51059460900,66.9,6.9,2.9,113
690,1400000US51059461000,59.5,11.9,6.5,114
691,1400000US51059461100,63.3,11.7,10.8,429
692,1400000US51059461200,72.6,9.1,6.4,268
693,1400000US51059461500,71.2,11.2,7.5,286
694,1400000US51059461600,60.9,10.3,9.5,694
695,1400000US51059461700,59.3,14.0,11.8,624
696,1400000US51059461800,70.1,9.1,6.5,464
697,1400000US51059461900,37.1,22.7,19.3,644
698,1400000US51059470100,83.6,2.1,0.6,122
699,1400000US51059470200,(X),(X),(X),0
700,1400000US51059470300,79.7,5.8,3.1,82
701,1400000US51059470400,79.8,4.9,3.3,168
702,1400000US51059470500,73.4,7.3,3.0,144
703,1400000US51059470600,69.9,7.9,2.8,110
704,1400000US51059470700,73.1,6.0,3.1,199
705,1400000US51059470800,72.7,9.5,4.6,125
706,1400000US51059470900,72.9,8.7,5.5,241
707,1400000US51059471000,72.5,8.2,5.3,88
708,1400000US51059471100,39.1,25.3,22.9,485
709,1400000US51059471200,67.9,8.6,7.5,523
710,1400000US51059471300,63.2,10.6,8.5,996
711,1400000US51059471400,41.4,18.6,19.6,503
712,1400000US51059480100,78.5,4.2,2.5,162
713,1400000US51059480200,74.5,8.8,6.4,489
714,1400000US51059480300,78.6,5.2,2.3,322
715,1400000US51059480400,71.3,5.6,3.6,328
716,1400000US51059480500,65.4,8.5,6.6,1007
717,1400000US51059480800,43.1,16.4,15.3,715
718,1400000US51059480900,39.5,19.2,15.7,1391
719,1400000US51059481000,41.3,17.8,17.5,438
720,1400000US51059481100,66.8,9.8,6.3,905
721,1400000US51059481200,43.6,15.6,15.2,769
722,1400000US51059481400,61.1,9.5,8.9,372
723,1400000US51059481500,75.5,5.0,4.3,108
724,1400000US51059481600,74.3,7.5,3.5,155
725,1400000US51059481700,68.2,9.2,5.1,568
726,1400000US51059481900,63.1,14.2,10.5,335
727,1400000US51059482000,78.3,3.6,1.4,268
728,1400000US51059482100,64.1,7.6,6.3,247
729,1400000US51059482200,62.6,9.8,5.9,455
730,1400000US51059482300,59.5,9.7,8.6,1011
731,1400000US51059482400,74.6,6.2,2.0,79
732,1400000US51059482500,68.9,7.9,5.2,949
733,1400000US51059482600,68.5,7.4,4.7,602
734,1400000US51059490100,45.3,18.3,15.2,634
735,1400000US51059490500,60.5,13.6,10.8,671
736,1400000US51059490900,55.0,10.9,9.5,15
737,1400000US51059491000,65.4,12.8,7.4,137
738,1400000US51059491100,52.2,15.5,14.3,725
739,1400000US51059491200,52.4,13.4,11.3,749
740,1400000US51059491300,47.3,16.4,14.3,1077
741,1400000US51059491400,54.9,14.3,11.9,1177
742,1400000US51059491500,68.0,8.9,7.6,340
743,1400000US51059491600,43.5,21.5,20.6,743
744,1400000US51059491700,63.9,10.5,8.2,1679
745,1400000US51059491800,57.9,12.0,11.4,917
746,1400000US51059491900,65.9,9.7,8.0,198
747,1400000US51059492000,72.0,7.6,4.5,315
748,1400000US51059492100,67.8,7.0,3.9,404
749,1400000US51059492200,65.9,9.7,6.6,541
750,1400000US51059492300,48.7,16.5,14.3,251
751,1400000US51059492400,39.7,17.4,18.4,239
752,1400000US51510200101,61.3,10.4,8.8,699
753,1400000US51510200102,52.3,13.3,13.7,499
754,1400000US51510200103,35.8,22.2,21.1,716
755,1400000US51510200104,46.0,15.6,15.1,479
756,1400000US51510200105,42.3,15.3,12.6,430
757,1400000US51510200201,53.1,14.1,14.0,197
758,1400000US51510200202,74.0,4.7,0.0,97
759,1400000US51510200301,38.1,17.4,17.8,559
760,1400000US51510200302,49.2,17.4,13.4,404
761,1400000US51510200303,45.0,11.3,8.3,372
762,1400000US51510200401,54.5,11.2,10.3,960
763,1400000US51510200402,45.2,16.9,14.0,562
764,1400000US51510200500,60.6,11.9,7.1,692
765,1400000US51510200600,33.6,24.9,25.8,323
766,1400000US51510200700,60.9,12.7,13.8,361
767,1400000US51510200801,70.5,7.2,6.0,111
768,1400000US51510200802,59.7,11.9,8.6,209
769,1400000US51510200900,73.9,6.9,4.7,180
770,1400000US51510201000,75.8,5.8,3.2,61
771,1400000US51510201100,72.6,4.9,4.8,127
772,1400000US51510201202,52.4,14.4,14.4,226
773,1400000US51510201203,17.3,11.8,11.0,1085
774,1400000US51510201204,22.1,24.1,24.6,278
775,1400000US51510201300,49.6,13.1,13.0,178
776,1400000US51510201400,59.9,11.4,10.2,228
777,1400000US51510201500,70.6,8.9,7.3,98
778,1400000US51510201600,55.8,15.1,13.9,401
779,1400000US51510201801,70.0,8.1,5.1,132
780,1400000US51510201802,71.6,6.9,3.3,83
781,1400000US51510201900,79.6,5.4,3.7,150
782,1400000US51510202001,85.0,3.9,1.8,39
783,1400000US51510202002,75.3,4.9,3.4,85
784,1400000US51610500100,68.8,12.4,6.1,109
785,1400000US51610500200,55.3,14.3,11.7,189
786,1400000US51610500300,71.4,10.5,4.1,171
