GEO_ID,DEC_MA,DEC_AAP,DPB,DPL,D25PH,D25PB,DEC_16P,DC_NW16,DEC_100,DEC_MGR,DEC_MI,DEC_BPLP,DEC_BPLM,DEC_BPLF,DEC_POO,DEC_PRO,DEC_FOC,DEC_FRC
1400000US11001000100,40.7,4,0.5625,0.25,0.058467742,83.4,1.4,26.9,0.147716229,1284.129,121134.86,0.05198973,0.023962345,0.028027386,0.531204112,0.468795888,0.009544787,0.003671072
1400000US11001000201,19.9,5.4,0.005835668,0,0.125,60.8,2.1,45.9,0,0,115066.34,0.711442786,0,0.711442786,0.666666667,0.333333333,0.0,0.0
1400000US11001000202,32.9,1.6,0.524977293,0,0.027926078,85.3,0.3,31.9,0.099873578,1827.364,118664.78,0.244749806,0.090225564,0.154524242,0.561650993,0.438349007,0.00261233,0.003657262
1400000US11001000300,30.4,3.1,0.536057692,0.044070513,0.053093035,83.5,1.6,25.2,0.033206831,1294.601,96287.42,0.156173913,0.073913043,0.08226087,0.47300216,0.52699784,0.011519078,0.003599712
1400000US11001000400,45.2,4.4,0.716216216,0,0.067612688,81.5,0.2,35.9,0.256666667,1645.413,169035.1,0.029980013,0.003331113,0.026648901,0.673134328,0.326865672,0.0,0.0
1400000US11001000501,32.5,4.8,0.565217391,0.033248082,0.046770601,83.3,2.9,19.3,0,1277.584,85766.99,0.059587471,0.023300229,0.036287242,0.177765237,0.822234763,0.00282167,0.0
1400000US11001000502,38.0,2.7,0.634285714,0.182857143,0.038120909,82.2,1.1,19.3,0.056530214,1205.589,87460.84,0.043435663,0.025146963,0.0182887,0.493604651,0.506395349,0.014534884,0.0
1400000US11001000600,45.6,12.8,0.718954248,0.10130719,0.061403509,72.5,0.6,36.7,0.113983549,1144.066,117164.66,0.048018648,0.013053613,0.034965035,0.620673743,0.379326257,0.017535764,0.008306414
1400000US11001000701,44.5,3.6,0.585427136,0.113065327,0.075990299,72.4,2.6,33.7,0.024590164,990.913,69992.23,0.057565415,0.023435722,0.034129693,0.489536878,0.510463122,0.005831904,0.0
1400000US11001000702,31.2,6.6,0.586805556,0,0.056565657,77.1,2.2,23.6,0,1000.076,48752.4,0.189518586,0.08226691,0.107251676,0.206776716,0.793223284,0.009122502,0.020851434
1400000US11001000801,41.1,4.3,0.2,0.024521073,0.063024306,80.3,13.8,29.9,0.189734189,1599.598,105068.19,0.073974895,0.032301255,0.04167364,0.603963415,0.396036585,0.016463415,0.010060976
1400000US11001000802,34.3,3.3,0.713846154,0.061538462,0.032848428,86.3,1.1,28.9,0.0640625,1036.728,100686.97,0.134354954,0.05274412,0.081610834,0.556379822,0.443620178,0.007418398,0.011127596
1400000US11001000901,21.4,5.7,0.058153477,0.020983213,0.050875454,84,46.4,20.7,0.206349206,1610.07,210525.16,0.044342508,0.023955148,0.02038736,0.889268626,0.110731374,0.01367054,0.004101162
1400000US11001000902,41.8,4.9,0.380952381,0.297619048,0.055862069,81.4,0.6,25.1,0.058430718,1187.263,156990.99,0.031520081,0.020335536,0.011184545,0.816448153,0.183551847,0.017878427,0.0
1400000US11001001001,40.5,3.2,0.562682216,0.081632653,0.0646086,82.1,2,26.2,0.004731861,1532.839,143688.93,0.045859452,0.017321016,0.028538436,0.780612245,0.219387755,0.019623234,0.0
1400000US11001001002,31.5,6.3,0.437229437,0.063492063,0.042973287,86.6,1.8,27.2,0,1213.443,64987.92,0.181186686,0.070911722,0.110274964,0.301622096,0.698377904,0.009206488,0.015344147
1400000US11001001100,42.4,5.7,0.404347826,0.191304348,0.088778201,78.3,1,26.4,0.01384083,1305.073,135067.86,0.020369493,0.012316438,0.008053055,0.759978425,0.240021575,0.01618123,0.0
1400000US11001001200,37.4,5.8,0.649159664,0.06092437,0.065001343,80.8,1.3,19.2,0.009111617,1200.353,101778.68,0.071869852,0.030065898,0.041803954,0.494740943,0.505259057,0.01830931,0.012076354
1400000US11001001301,38.8,7.2,0.75,0.06,0.060304838,84.5,0.7,26.8,0.157480315,1394.085,89557.85,0.081499593,0.029339853,0.052159739,0.313476563,0.686523438,0.0,0.0
1400000US11001001302,38.3,5.9,0.749303621,0.038997214,0.062211162,81.3,1.6,23.6,0.295336788,1250.095,76956.11,0.042593469,0.009938476,0.032654993,0.325086059,0.674913941,0.0,0.004518072
1400000US11001001401,39.6,5,0.354285714,0.28,0.078372591,79.4,3,23.6,0,1051.127,114960.31,0.033968254,0.006031746,0.027936508,0.525342466,0.474657534,0.00890411,0.014383562
1400000US11001001402,54.5,14.1,0.625,0.047619048,0.166666667,46.4,0.8,56.4,0.008321775,717.332,110093.45,0.130033247,0.053934245,0.076099003,0.676948052,0.323051948,0.021103896,0.005681818
1400000US11001001500,44.8,11.2,0.458015267,0.160305344,0.063774301,75.1,1.2,35.7,0.007575758,0,141263.35,0.015824492,0.010789426,0.005035066,0.878937894,0.121062106,0.035553555,0.0
1400000US11001001600,48.2,72.4,0.487951807,0.120481928,0.08529599,74,2.5,34.9,0.006716418,744.821,123862.82,0.04942298,0.02734571,0.02207727,0.897121862,0.102878138,0.041641151,0.009185548
1400000US11001001701,40.5,77.4,0.275700935,0.154205607,0.19826087,40.9,4.6,29.6,0,806.344,62587.22,0.137611644,0.076414158,0.061197486,0.478084416,0.521915584,0.01461039,0.068181818
1400000US11001001702,41.8,73.1,0.204225352,0.35915493,0.189205955,37.5,3.5,38.8,0,929.39,68582.44,0.04345816,0.015718909,0.027739251,0.724313327,0.275686673,0.041709054,0.031536114
1400000US11001001801,26.0,34.3,0.057401813,0,0.035211268,42.3,0,8,0,1293.292,55224.09,0.065292096,0,0.065292096,0,1,0.0,0.0
1400000US11001001803,37.1,70,0.07755102,0.453061224,0.263464991,26.7,5.8,34,0,755.293,45245.59,0.117090672,0.051206784,0.065883888,0.203851262,0.796148738,0.005312085,0.073705179
1400000US11001001804,36.7,72.1,0.015306122,0.556122449,0.236750349,26,4.7,34.6,0,746.13,43877.68,0.172040423,0.064244466,0.107795958,0.326944758,0.673055242,0.030439684,0.064261556
1400000US11001001901,42.6,90.8,0.025889968,0.297734628,0.26619965,21.7,3,41.3,0.006034483,905.828,61966.75,0.114974619,0.048984772,0.065989848,0.794837856,0.205162144,0.029119788,0.040370615
1400000US11001001902,44.5,89.3,0.130434783,0.130434783,0.203026482,37.6,3.8,43.7,0,620.466,71908.61,0.087788131,0.043158411,0.04462972,0.835784314,0.164215686,0.06004902,0.008578431
1400000US11001002001,38.7,62,0.2,0.186206897,0.180901857,28.9,1.7,42.3,0,744.821,43004.58,0.173771823,0.082825822,0.090946001,0.306883365,0.693116635,0.010516252,0.045889101
1400000US11001002002,39.4,73.7,0.164705882,0.217647059,0.231334623,30.7,4.3,39.6,0,786.709,62333.27,0.096221799,0.045936396,0.050285404,0.7,0.3,0.038095238,0.026190476
1400000US11001002101,36.2,81,0.06223176,0.429184549,0.336424225,15.2,4.8,43.5,0,647.955,44996.88,0.195538312,0.098933075,0.096605238,0.433436533,0.566563467,0.03250774,0.062435501
1400000US11001002102,41.2,89.9,0.050092764,0.419294991,0.287287602,20.2,6.2,42.1,0,692.461,47764.1,0.090633788,0.040666234,0.049967554,0.5755,0.4245,0.051,0.0445
1400000US11001002201,39.9,85,0.027863777,0.328173375,0.296768707,14.9,3,43.2,0.005780347,806.344,58103.89,0.134934248,0.063750715,0.071183533,0.797356828,0.202643172,0.055506608,0.025550661
1400000US11001002202,39.0,89.7,0.094017094,0.200854701,0.272373541,14.6,4.9,41.6,0,731.731,48528.56,0.152666667,0.067333333,0.085333333,0.467037331,0.532962669,0.021445592,0.096902303
1400000US11001002301,40.4,88.1,0.048245614,0.23245614,0.287965616,17.9,5.3,42.9,0,675.444,57686.32,0.183523108,0.066979236,0.116543871,0.741496599,0.258503401,0.057337221,0.021379981
1400000US11001002302,31.8,63,0.168604651,0.029069767,0.157175399,43.6,2.2,48.6,0,1483.097,64820.37,0.238556338,0.125,0.113556338,0.274744027,0.725255973,0.0,0.056313993
1400000US11001002400,39.4,82.8,0.033444816,0.297658863,0.330744072,11.8,6.7,43.9,0,684.607,48830.94,0.150922303,0.063163779,0.087758524,0.632587859,0.367412141,0.023961661,0.051916933
1400000US11001002501,39.0,68.2,0.107142857,0.178571429,0.200239808,23.3,5.1,39.1,0,705.551,67426.59,0.130160067,0.058129739,0.072030329,0.60496614,0.39503386,0.028216704,0.014672686
1400000US11001002502,32.7,56.3,0.047787611,0.686725664,0.231659142,13.5,3.9,41.2,0,733.04,42788.59,0.191652938,0.08365367,0.107999268,0.383333333,0.616666667,0.040104167,0.077083333
1400000US11001002600,46.6,61.5,0.31147541,0.139344262,0.087260035,69.9,3.4,41.3,0.016369048,981.75,111500.62,0.084815321,0.035111719,0.049703602,0.727933541,0.272066459,0.011422638,0.0
1400000US11001002701,32.2,30.3,0.418470418,0.262626263,0.159961914,42.6,4.2,29.1,0,767.074,46007.42,0.167476165,0.076812376,0.090663788,0.221132075,0.778867925,0.006415094,0.034716981
1400000US11001002702,32.6,20.1,0.190414508,0.418393782,0.112585812,45.5,4.2,24.1,0.014880952,836.451,59465.25,0.185393258,0.100793126,0.084600132,0.322365844,0.677634156,0.018409714,0.026243635
1400000US11001002801,30.6,50.8,0.105515588,0.54676259,0.185119575,18.1,6.7,42,0,680.68,32774.74,0.298362476,0.121842909,0.176519567,0.182142857,0.817857143,0.013571429,0.123571429
1400000US11001002802,30.7,32.4,0.038904899,0.599423631,0.138956101,11,3.6,36.8,0.064814815,670.208,29761.42,0.330261137,0.134957209,0.195303928,0.086881473,0.913118527,0.007479862,0.092059839
1400000US11001002900,32.5,54.5,0.09832636,0.414225941,0.212773998,12.2,9.2,35.5,0,634.865,38749.02,0.195866378,0.095409757,0.100456621,0.402439024,0.597560976,0.043758967,0.069583931
1400000US11001003000,29.3,68.2,0.043859649,0.504385965,0.224246231,19.1,10.7,38.3,0,659.736,33430.55,0.377461707,0.183442743,0.194018964,0.24195122,0.75804878,0.013658537,0.210731707
1400000US11001003100,32.6,66.8,0.041269841,0.403174603,0.258741259,10.3,12.6,32.1,0,664.972,47353.08,0.141785714,0.059642857,0.082142857,0.514754098,0.485245902,0.028415301,0.064480874
1400000US11001003200,35.4,82.1,0.03125,0.507211538,0.220475192,15.8,8.6,42.9,0,604.758,41445.56,0.257436815,0.117199732,0.140237083,0.555341055,0.444658945,0.047619048,0.125482625
1400000US11001003301,38.6,89.2,0.173228346,0.338582677,0.195439739,28.2,8.9,38.2,0,836.451,51191.06,0.232752085,0.099317665,0.13343442,0.593203883,0.406796117,0.018446602,0.074757282
1400000US11001003302,37.7,91.5,0.054794521,0.431506849,0.253742515,24.3,9.1,36.2,0,805.035,60132.84,0.151013874,0.069370331,0.081643543,0.648522551,0.351477449,0.023328149,0.073094868
1400000US11001003400,21.2,91.9,0.050024284,0.071393881,0.278619019,18.5,7.5,53.3,0,468.622,24153.67,0.401907922,0.17959353,0.222314392,0.331758034,0.668241966,0.007561437,0.119092628
1400000US11001003500,22.8,83.9,0.114711601,0.066753078,0.232240437,22.2,4.7,47.9,0,557.634,24792.46,0.359013867,0.176168464,0.182845403,0.276978417,0.723021583,0.014388489,0.075539568
1400000US11001003600,32.9,62,0.124210526,0.389473684,0.199066874,20.3,6.7,37.3,0,644.028,29432.87,0.279355334,0.13174725,0.147608084,0.171553337,0.828446663,0.017467249,0.141609482
1400000US11001003700,26.5,56.9,0.112299465,0.27540107,0.203333333,16.2,3.9,37.8,0,657.118,34325.91,0.340878225,0.150746944,0.190131281,0.088169643,0.911830357,0.012834821,0.163504464
1400000US11001003800,32.5,32,0.357142857,0.283613445,0.11663758,44.9,3.8,25.7,0,908.446,49596.7,0.213778256,0.108719053,0.105059203,0.2200409,0.7799591,0.002862986,0.040490798
1400000US11001003900,32.6,19.7,0.568965517,0.218390805,0.071485306,69.8,2.6,17.4,0,969.969,55674.39,0.083981002,0.041666667,0.042314335,0.257883672,0.742116328,0.002803083,0.009460406
1400000US11001004001,35.5,5.2,0.90052356,0,0.053430079,83.8,0.5,12,0,1106.105,77241.47,0.052472859,0.018395657,0.034077201,0.447948164,0.552051836,0.002159827,0.00475162
1400000US11001004002,33.1,12.3,0.6875,0.144230769,0.0508,75.2,2.2,16,0.06741573,1077.307,71026.34,0.051455653,0.027420447,0.024035206,0.361547085,0.638452915,0.00896861,0.013452915
1400000US11001004100,42.8,3.8,0.811023622,0.062992126,0.039059032,81.8,0.9,22.6,0.615658363,1141.448,115414.53,0.036493455,0.027370091,0.009123364,0.460468058,0.539531942,0.004427577,0.0
1400000US11001004201,32.1,14.2,0.861035422,0,0.059722716,77.2,2.4,11,0.02745098,1102.178,70031.5,0.089610003,0.051801131,0.037808872,0.329026304,0.670973696,0.004614675,0.013382557
1400000US11001004202,33.6,7.4,0.762068966,0.151724138,0.049329124,80.3,2,15.8,0.040816327,979.132,62498.21,0.078686281,0.046185426,0.032500855,0.295502092,0.704497908,0.0,0.0
1400000US11001004300,33.0,39,0.292929293,0.202020202,0.100262861,47.9,3.4,30,0,858.704,52151.87,0.197725284,0.101778944,0.09594634,0.243943662,0.756056338,0.008450704,0.053521127
1400000US11001004400,33.6,58.8,0.313793103,0.234482759,0.160651921,42,3.1,30.8,0,971.278,55632.5,0.203150912,0.089552239,0.113598673,0.460854093,0.539145907,0.03202847,0.053380783
1400000US11001004600,33.1,90.5,0.111111111,0.252525253,0.305335446,18.9,12.5,43.5,0.021176471,723.877,43382.88,0.241610738,0.118456376,0.123154362,0.46253469,0.53746531,0.039777983,0.129509713
1400000US11001004700,32.1,92.1,0.043589744,0.443589744,0.277647059,10.4,10.8,56.8,0,325.941,18466.06,0.368319692,0.141068849,0.227250843,0.06954023,0.93045977,0.004022989,0.255747126
1400000US11001004801,38.2,77.2,0,0.358208955,0.224099927,15.5,6.4,43.5,0,726.495,31923.89,0.299387869,0.157484697,0.141903172,0.381578947,0.618421053,0.023923445,0.046650718
1400000US11001004802,33.6,76.1,0.145962733,0.406832298,0.312465678,12.4,7.8,40.6,0,692.461,36074.73,0.210290055,0.103936464,0.106353591,0.16057774,0.83942226,0.033135089,0.212404418
1400000US11001004901,34.4,78.5,0.185430464,0.437086093,0.198435277,27,8.9,42.4,0,454.223,24805.55,0.353184878,0.154324184,0.198860694,0.292654028,0.707345972,0.009478673,0.120853081
1400000US11001004902,28.8,60.1,0.109489051,0.433090024,0.222482436,23.1,4.3,27.6,0,763.147,40116.92,0.186265709,0.103231598,0.083034111,0.100798403,0.899201597,0.0,0.105788423
1400000US11001005000,33.1,37,0.260377358,0.395283019,0.159630607,36.5,5.4,28,0.030651341,797.181,43533.41,0.273417023,0.163194923,0.1102221,0.229385722,0.770614278,0.008577753,0.022966242
1400000US11001005100,40.4,24.9,0.75,0.25,0.101488498,51.3,2.6,39.2,0,979.132,47451.25,0.094133697,0.025920873,0.068212824,0.109734513,0.890265487,0.0,0.010619469
1400000US11001005201,33.7,23.2,0.628099174,0.022727273,0.104554029,62.1,4.1,22.2,0.059259259,901.901,46549.35,0.193832599,0.084801762,0.109030837,0.236261928,0.763738072,0.0,0.034221783
1400000US11001005202,30.1,21.4,0.426966292,0.084269663,0.153271028,57.4,2.9,30,0,831.215,37682.18,0.259590793,0.083120205,0.176470588,0.017892644,0.982107356,0.0,0.013916501
1400000US11001005301,32.9,7.1,0.856481481,0.052469136,0.050153049,79.4,2.6,10.5,0,1032.801,66117.59,0.087077535,0.036580517,0.050497018,0.333152763,0.666847237,0.003791983,0.01056338
1400000US11001005302,40.7,4,1,0,0,85.5,0,18.5,0,1336.489,83994.6,0.032608696,0.032608696,0,0.512195122,0.487804878,0.0,0.0
1400000US11001005401,26.3,5.4,0.37037037,0,0.04176611,84.7,1.9,24.9,0,1113.959,55171.73,0.149058149,0.064701065,0.084357084,0.190082645,0.809917355,0.0,0.0
1400000US11001005402,46.5,0,#DIV/0!,#DIV/0!,#DIV/0!,(X),(X),(X),0,0,0,0,0,0,#DIV/0!,#DIV/0!,0.0,0.0
1400000US11001005500,34.4,8.2,0.606060606,0,0.045081967,81.5,1,20.1,0,1195.117,78028.18,0.127791289,0.061021446,0.066769843,0.335166514,0.664833486,0.0,0.002749771
1400000US11001005600,29.0,6,0.173637516,0.003802281,0.070978821,70,2.6,42.2,0,1110.032,51425.37,0.246128433,0.079909147,0.166219286,0.347862767,0.652137233,0.0,0.003937008
1400000US11001005701,20.6,7.1,0.108229989,0.005636979,0.06957708,73.8,47.3,21.5,0,971.278,12552,0.535959975,0.257035647,0.278924328,0.085784314,0.914215686,0.0,0.0
1400000US11001005702,0.0,(X),#DIV/0!,#DIV/0!,#DIV/0!,(X),(X),(X),0,0,0,0,0,0,#DIV/0!,#DIV/0!,0.0,0.0
1400000US11001005800,42.7,13.8,0.252252252,0.369369369,0.11589404,44.7,2.7,34.7,0,1421.574,53203,0.313642757,0.157524613,0.156118143,0.189814815,0.810185185,0.010416667,0.009259259
1400000US11001005900,39.6,82,0.37254902,0.068627451,0.281081081,17.9,20.4,36.3,0,519.673,27515.18,0.369911504,0.22359882,0.146312684,0.01510574,0.98489426,0.0,0.036253776
1400000US11001006001,37.1,58.1,0.6492891,0.090047393,0.152311877,52.5,6.8,21.7,0,907.137,52196.38,0.129213483,0.064044944,0.065168539,0.174404762,0.825595238,0.0125,0.036309524
1400000US11001006002,17.5,96.4,0,0.617977528,0.28975265,3.2,25.5,47.4,0,213.367,18933.38,0.591755319,0.242021277,0.349734043,0,1,0.0,0.454545455
1400000US11001006100,41.5,59,0.502564103,0.174358974,0.094175286,65.9,2.8,26.9,0,954.261,57736.06,0.12742883,0.068233168,0.059195662,0.232236842,0.767763158,0.0,0.038157895
1400000US11001006201,51.6,4.9,1,0,0.113043478,69.6,10.7,8.7,0,0,83574.41,0.087248322,0.087248322,0,1,0,0.0,0.0
1400000US11001006202,47.0,41.7,#DIV/0!,#DIV/0!,#DIV/0!,(X),(X),(X),0,0,0,0,0,0,#DIV/0!,#DIV/0!,0.0,0.0
1400000US11001006301,48.5,55.3,0.490384615,0.230769231,0.098975016,58.9,4.5,38.6,0,862.631,58504.45,0.153516983,0.062048676,0.091468307,0.556270096,0.443729904,0.012861736,0.044614148
1400000US11001006302,39.3,45.6,#DIV/0!,#DIV/0!,0,76.4,0,18.2,0,0,88085.23,0,0,0,0,1,0.0,0.0
1400000US11001006400,36.9,90.8,0,0.3125,0.240391335,8.7,6.1,62,0,356.048,17362.58,0.4253141,0.135411819,0.28990228,0.143147208,0.856852792,0.010152284,0.226395939
1400000US11001006500,34.1,9.6,0.769230769,0.028340081,0.059367397,81.4,1.4,12.7,0,1026.256,81031.03,0.053216839,0.032962669,0.02025417,0.420714286,0.579285714,0.005714286,0.01
1400000US11001006600,35.0,4.7,0.8,0.032258065,0.014160486,91.2,1.5,13.7,0.012285012,1175.482,99171.15,0.052268811,0.039632395,0.012636416,0.457142857,0.542857143,0.006666667,0.005714286
1400000US11001006700,37.1,22.7,0.613333333,0.124444444,0.064439946,76.2,0.7,19.7,0,1044.582,100730.17,0.04854643,0.029635902,0.018910528,0.577517315,0.422482685,0.011720831,0.008524241
1400000US11001006801,39.4,92.5,0,0.432748538,0.328671329,20.3,10,41.6,0.016055046,744.821,40136.56,0.243746935,0.118195194,0.125551741,0.51187905,0.48812095,0.028077754,0.042116631
1400000US11001006802,39.5,84.9,0.215686275,0.426470588,0.296507937,18.8,5.8,40.3,0,663.663,51177.97,0.231148349,0.109906358,0.121241991,0.581775701,0.418224299,0.035046729,0.031542056
1400000US11001006804,31.9,86.8,0.037441498,0.708268331,0.373259053,14.8,0,90.1,0,0,40579,0.095890411,0.058219178,0.037671233,0.32,0.68,0.0,0.0
1400000US11001006900,41.1,53.5,0.320512821,0.115384615,0.22310231,48.4,6,32.1,0,873.103,67332.34,0.187811634,0.078116343,0.109695291,0.579234973,0.420765027,0.033879781,0.032786885
1400000US11001007000,33.3,23.3,0.115819209,0.028248588,0.106277191,70.4,3.3,16.1,0,1087.779,87845.68,0.135237069,0.061422414,0.073814655,0.545009785,0.454990215,0.014677104,0.028375734
1400000US11001007100,29.8,85.8,0.14229249,0.679841897,0.236651285,23.8,8.9,46.3,0,261.8,32753.8,0.425225225,0.181261261,0.243963964,0.302946593,0.697053407,0.02854512,0.262430939
1400000US11001007200,36.2,94.9,0.066298343,0.491712707,0.290811775,5.8,10.8,65.5,0,188.496,10588.5,0.620801733,0.243228602,0.377573131,0.01463964,0.98536036,0.0,0.22972973
1400000US11001007301,23.7,30,0.039443155,0.104408353,0.141809291,36,1.9,21.3,0,1349.579,64300.7,0.025480458,0.012740229,0.012740229,0.031594416,0.968405584,0.005143277,0.082292432
1400000US11001007302,35.1,95.8,0,0.368932039,0.29911155,11,6.7,46.4,0,692.461,42923.42,0.224923077,0.094461538,0.130461538,0.369701727,0.630298273,0.040031397,0.131868132
1400000US11001007304,25.4,97.8,0.030769231,0.330769231,0.449263158,5.3,10.6,52.4,0,612.612,29517.95,0.437696806,0.161718399,0.275978408,0.214430209,0.785569791,0.025623736,0.33513149
1400000US11001007308,19.1,85.1,0.055944056,0.576923077,#DIV/0!,(X),61,24.1,0,0,0,0.903141361,0.52617801,0.376963351,#DIV/0!,#DIV/0!,0.0,0.0
1400000US11001007401,20.8,98.2,0.040229885,0.566091954,0.430544896,1.8,11.6,57.9,0,376.992,18434.65,0.577102804,0.23164219,0.345460614,0.066069429,0.933930571,0.006718925,0.450167973
1400000US11001007403,26.0,98,0.034810127,0.389240506,0.402690583,3.3,10.6,34,0,696.388,38085.36,0.280755712,0.10456942,0.176186292,0.134414832,0.865585168,0.009269988,0.269988413
1400000US11001007404,18.9,98.6,0,0.552715655,0.313535912,0,20,59.6,0,369.138,12243.08,0.634220073,0.29050786,0.343712213,0.070824524,0.929175476,0.006342495,0.459830867
1400000US11001007406,19.0,99.4,0,0.580060423,0.439063761,2.4,19.1,44,0,674.135,20782.99,0.516757102,0.195659113,0.321097989,0.031982942,0.968017058,0.0,0.511727079
1400000US11001007407,29.8,97.1,0.083941606,0.580291971,0.365024289,6.2,9.3,41.5,0,782.782,43360.63,0.244195688,0.114842454,0.129353234,0.351203501,0.648796499,0.032822757,0.150984683
1400000US11001007408,24.0,99.1,0,0.517647059,0.383348582,6.5,11.5,47.3,0,591.668,25617.13,0.52027972,0.2004662,0.31981352,0.146944083,0.853055917,0.010403121,0.364109233
1400000US11001007409,25.2,98.4,0.047169811,0.488207547,0.391150442,3.2,12,48.1,0,613.921,22055.34,0.414868805,0.188046647,0.226822157,0.160778659,0.839221341,0.025234319,0.339581831
1400000US11001007502,28.6,97.2,0.026548673,0.360619469,0.36535163,6.3,11.2,48.6,0,633.556,26114.55,0.447561284,0.186252211,0.261309073,0.157794677,0.842205323,0.034854246,0.235107731
1400000US11001007503,27.5,97.2,0.033457249,0.382899628,0.423076923,3.8,13.4,42.4,0,636.174,28015.22,0.375694702,0.137828825,0.237865876,0.31701891,0.68298109,0.03003337,0.240266963
1400000US11001007504,28.3,97.4,0,0.602803738,0.403780069,9.2,11.3,42.9,0,611.303,29786.3,0.379358438,0.174802417,0.20455602,0.203143894,0.796856106,0.064087062,0.331318017
1400000US11001007601,37.0,95.8,0.107623318,0.352017937,0.360907272,8.3,10.6,44.1,0,676.753,43105.37,0.210352423,0.094933921,0.115418502,0.444089457,0.555910543,0.056443024,0.089456869
1400000US11001007603,39.5,90.7,0.073170732,0.162601626,0.261223162,28.5,5.6,37.9,0.010638298,747.439,42983.63,0.161987041,0.055915527,0.106071514,0.491104869,0.508895131,0.031367041,0.098782772
1400000US11001007604,39.2,94.4,0.179577465,0.193661972,0.345351044,21.4,4.1,36.6,0.009724473,692.461,46876.6,0.14620506,0.050865513,0.095339547,0.36863194,0.63136806,0.017172295,0.119061248
1400000US11001007605,36.2,96.5,0.129310345,0.252873563,0.371897518,12.2,6,34.2,0,788.018,42542.5,0.168926247,0.094360087,0.074566161,0.22995283,0.77004717,0.015330189,0.129127358
1400000US11001007703,29.4,96.2,0,0.439189189,0.357088123,8.5,9.6,42,0,693.77,33039.16,0.323183993,0.125706829,0.197477164,0.208833152,0.791166848,0.02780807,0.257906216
1400000US11001007707,37.0,97.7,0.032894737,0.296052632,0.362301102,13.5,6.2,45.6,0.006952491,730.422,43971.93,0.198774314,0.076205702,0.122568612,0.592692828,0.407307172,0.036535859,0.154262517
1400000US11001007708,32.7,98.3,0,0.298578199,0.449116392,2.4,4,43.7,0,743.512,33225.04,0.242240727,0.089704769,0.152535958,0.180555556,0.819444444,0.024305556,0.245659722
1400000US11001007709,37.9,95.9,0.058558559,0.346846847,0.330309902,10.2,7,35.1,0.055555556,702.933,38395.59,0.146839223,0.06172225,0.085116974,0.331578947,0.668421053,0.023157895,0.101052632
1400000US11001007803,39.0,97.5,0.024691358,0.242798354,0.330468004,10.6,6.7,49.2,0,619.157,35729.16,0.253329003,0.110100682,0.143228321,0.484267076,0.515732924,0.042210284,0.095932464
1400000US11001007804,35.8,98.1,0.027491409,0.16838488,0.296296296,11,7.3,60.4,0,397.936,27659.17,0.405745642,0.15784377,0.247901872,0.423509075,0.576490925,0.041486603,0.179775281
1400000US11001007806,38.1,98.1,0,0.2,0.39083558,9,7.5,51.4,0,663.663,41784.59,0.176919409,0.093943729,0.08297568,0.476190476,0.523809524,0.019274376,0.087301587
1400000US11001007807,36.3,97.5,0.106598985,0.375634518,0.416243655,7,2.9,52.2,0,693.77,44571.45,0.161257084,0.070582174,0.09067491,0.440745672,0.559254328,0.059920107,0.118508655
1400000US11001007808,31.1,98.2,0.018918919,0.294594595,0.384303112,7.3,10,54.2,0,510.51,31765.5,0.359980262,0.155687145,0.204293116,0.388017118,0.611982882,0.02853067,0.235378031
1400000US11001007809,37.9,97.2,0,0.472361809,0.331196581,9.8,7.5,53.7,0,688.534,37593.17,0.224776003,0.114141021,0.110634982,0.589511754,0.410488246,0.050632911,0.088607595
1400000US11001007901,34.7,97.1,0.045138889,0.409722222,0.364551422,6.3,9.2,47.1,0,575.96,31844.04,0.319371728,0.122072196,0.197299532,0.349488055,0.650511945,0.055290102,0.180204778
1400000US11001007903,40.4,96.5,0.206896552,0.471264368,0.360123648,12.5,7.9,47.4,0,623.084,47490.52,0.190294438,0.09651036,0.093784079,0.610831234,0.389168766,0.028967254,0.083123426
1400000US11001008001,38.2,84,0,0.393939394,0.24563261,22.7,6.9,37.8,0,886.193,54911.24,0.177099237,0.085114504,0.091984733,0.708516242,0.291483758,0.043898156,0.059701493
1400000US11001008002,37.1,71.4,0.257777778,0.102222222,0.20742268,41,5.6,24.9,0,1099.56,65482.73,0.131094608,0.064255731,0.066838876,0.456708526,0.543291474,0.015201586,0.041639128
1400000US11001008100,35.0,32.4,0.462962963,0.096296296,0.078093306,68.8,4.9,23.3,0,1030.183,82129.28,0.061932287,0.037572254,0.024360033,0.515518547,0.484481453,0.0,0.013626041
1400000US11001008200,33.3,7,0.783018868,0.009433962,0.031722792,86.4,0.5,16.2,0.039473684,988.295,76280.67,0.033031852,0.023200944,0.009830908,0.387264457,0.612735543,0.007797271,0.0
1400000US11001008301,34.6,34,0.576470588,0.066666667,0.117346939,67,3.4,14.6,0,1064.217,87113.95,0.094764171,0.035049762,0.059714409,0.531116795,0.468883205,0.037510656,0.0
1400000US11001008302,35.4,40.1,0.550387597,0.279069767,0.08068615,63.2,3.8,26.2,0,1157.156,88839.21,0.04720783,0.027058146,0.020149683,0.577906977,0.422093023,0.006976744,0.009302326
1400000US11001008402,37.4,71,0.330708661,0.149606299,0.167249417,33.7,6.9,41.5,0,662.354,41212.56,0.246231156,0.078574692,0.167656464,0.342857143,0.657142857,0.021198157,0.062672811
1400000US11001008410,36.3,91.6,0,0.409722222,0.26625387,16.7,11.2,46.7,0,900.592,56722.9,0.193215339,0.080383481,0.112831858,0.721590909,0.278409091,0.037878788,0.058712121
1400000US11001008500,36.3,92.1,0.14516129,0.298387097,0.310142087,15.8,9.7,42.3,0,904.519,46109.53,0.244910549,0.123997532,0.120913017,0.600177305,0.399822695,0.074468085,0.056737589
1400000US11001008600,40.8,78.7,#DIV/0!,#DIV/0!,0.265306122,22.4,32.7,26.5,0,818.125,76903.75,0.285714286,0.285714286,0,0.538461538,0.461538462,0.0,0.461538462
1400000US11001008701,37.8,95.2,0.031914894,0.35106383,0.273313783,20.6,8.5,42.7,0,740.894,52666.31,0.191002045,0.103067485,0.08793456,0.617333333,0.382666667,0.044,0.122666667
1400000US11001008702,37.0,91.2,0.028248588,0.435028249,0.277966102,9.2,7.6,48,0.023809524,565.488,39218.95,0.258639309,0.147408207,0.111231102,0.354138399,0.645861601,0.036635007,0.112618725
1400000US11001008802,38.9,96.4,0.051779935,0.394822006,0.284140969,8.7,9.6,51.8,0,586.432,37256.76,0.286887285,0.126150784,0.160736502,0.478396994,0.521603006,0.048841578,0.055103319
1400000US11001008803,24.4,59,0.098124098,0.075036075,0.356179775,15.4,19.8,44.4,0,649.264,23374.81,0.443548387,0.20609319,0.237455197,0.120930233,0.879069767,0.023255814,0.251162791
1400000US11001008804,36.2,97.5,0.176470588,0.487394958,0.382157124,3.3,6.5,41.7,0,658.427,32056.1,0.287307033,0.132504288,0.154802744,0.217228464,0.782771536,0.028089888,0.18258427
1400000US11001008903,36.8,96.9,0,0.306122449,0.301449275,9,7.4,46.1,0,627.011,38874.68,0.232314776,0.099204688,0.133110088,0.303846154,0.696153846,0.059615385,0.109615385
1400000US11001008904,34.2,97,0.017006803,0.496598639,0.389484979,3.5,7,49.1,0,600.831,28195.86,0.364732001,0.132889312,0.23184269,0.135533708,0.864466292,0.010533708,0.202247191
1400000US11001008905,38.0,0,#DIV/0!,#DIV/0!,#DIV/0!,(X),(X),(X),0,0,0,0,0,0,#DIV/0!,#DIV/0!,0.0,0.0
1400000US11001009000,53.1,97,0.084507042,0.394366197,0.305990286,19.3,4.1,59,0,290.598,29596.49,0.241613588,0.088322718,0.15329087,0.298772169,0.701227831,0.02319236,0.027967258
1400000US11001009101,44.0,94.3,0.105263158,0.26625387,0.309591373,21.4,7.7,48.4,0,891.429,50859.89,0.161575732,0.066989678,0.094586054,0.713952131,0.286047869,0.051955633,0.044366608
1400000US11001009102,34.0,96.8,0,0.404092072,0.363134658,11.1,6,50.1,0,511.819,36276.32,0.284519828,0.117773531,0.166746297,0.387392901,0.612607099,0.020807834,0.14749082
1400000US11001009201,36.0,72.7,0.130434783,0.061594203,0.231660232,15.4,7.1,40.4,0,753.984,39620.81,0.241604478,0.090485075,0.151119403,0.362549801,0.637450199,0.065737052,0.201195219
1400000US11001009203,37.8,93.5,0.06147541,0.307377049,0.295305401,13.2,6.9,38.8,0,676.753,41127.47,0.246000711,0.127266264,0.118734447,0.485494881,0.514505119,0.034129693,0.059726962
1400000US11001009204,34.1,94.3,0.070754717,0.235849057,0.357786358,6.8,7.1,49.3,0,661.045,28880.47,0.287546545,0.103847745,0.1836988,0.131459655,0.868540345,0.009972801,0.192203083
1400000US11001009301,41.0,71.8,0.340361446,0.222891566,0.253136201,35,7.1,40.2,0.007255139,933.317,66922.63,0.144455097,0.057206775,0.087248322,0.780444444,0.219555556,0.050666667,0.016
1400000US11001009302,41.0,93.9,0,0.563829787,0.303191489,16.7,8.6,36.6,0,649.264,54814.38,0.120676403,0.051498847,0.069177556,0.700610998,0.299389002,0.034623218,0.036659878
1400000US11001009400,45.1,92.5,0.118243243,0.287162162,0.170723791,33.3,5.7,43.7,0,888.811,70107.42,0.079238921,0.027697495,0.051541426,0.804270463,0.195729537,0.047449585,0.036180308
1400000US11001009501,25.4,59.5,0.083958021,0.043478261,0.25862069,27,22.2,30.9,0,780.164,37443.95,0.155796069,0.061236115,0.094559954,0.173740804,0.826259196,0.01188455,0.086021505
1400000US11001009503,46.3,86.9,0.037974684,0.278481013,0.213704497,42,3.7,45.5,0,1363.978,80722.1,0.07026307,0.051282051,0.018981019,0.922949461,0.077050539,0.034797017,0.006628003
1400000US11001009504,41.6,76.3,0.160771704,0.115755627,0.21189146,29.9,8.5,40.6,0,757.911,56563.2,0.131350682,0.069702602,0.061648079,0.541729894,0.458270106,0.050075873,0.062974203
1400000US11001009505,47.5,93.7,0.243478261,0.356521739,0.312195122,25.6,3.9,47,0,752.675,60244.11,0.06584537,0.016992353,0.048853016,0.822454308,0.177545692,0.039164491,0.006092254
1400000US11001009507,44.8,96.8,0,0,0.218671152,23,3.1,49.2,0,823.361,54138.93,0.133676093,0.042416452,0.09125964,0.781679389,0.218320611,0.018320611,0.0
1400000US11001009508,46.2,95.5,0.055276382,0.105527638,0.274555659,21.4,4.6,42,0,764.456,54941.35,0.057256032,0.024846957,0.032409075,0.594984802,0.405015198,0.034954407,0.034954407
1400000US11001009509,47.3,96.2,0.164772727,0.193181818,0.260099864,20.6,2.7,45.1,0,1087.779,70532.85,0.056752137,0.019487179,0.037264957,0.923763179,0.076236821,0.04298459,0.01703163
1400000US11001009601,28.1,97.7,0,0.305555556,0.321231255,14.9,11.6,44.4,0,539.308,42635.44,0.283846478,0.116828342,0.167018136,0.425207756,0.574792244,0.038781163,0.25900277
1400000US11001009602,27.9,98.1,0,0.300911854,0.402794654,9.3,8.1,41.7,0,738.276,28465.51,0.326058632,0.142345277,0.183713355,0.08952959,0.91047041,0.016691958,0.310318665
1400000US11001009603,42.3,97.8,0,0.35193133,0.343547691,15.1,7.6,46.8,0,778.855,41754.48,0.205144291,0.077478043,0.127666248,0.301921885,0.698078115,0.014879107,0.12399256
1400000US11001009604,45.2,97.9,0.060810811,0.317567568,0.356469003,9.5,5.6,50.8,0,691.152,42767.65,0.151454363,0.074724173,0.076730191,0.704225352,0.295774648,0.054171181,0.043336945
1400000US11001009700,28.5,98.8,0,0.404878049,0.373745174,4.9,10.1,36.8,0,672.826,43309.57,0.213321724,0.071397475,0.141924249,0.410404624,0.589595376,0.041618497,0.247398844
1400000US11001009801,21.4,98.1,0,0.552419355,0.382702703,3.1,15.5,43.6,0,421.498,21271.25,0.480288462,0.2,0.280288462,0.17080292,0.82919708,0.03649635,0.411678832
1400000US11001009802,24.3,98.3,0.118012422,0.50931677,0.376226827,2.7,13.4,53.2,0,439.824,33865.14,0.409422322,0.194615816,0.214806506,0.287456446,0.712543554,0.041811847,0.280487805
1400000US11001009803,32.8,96.8,0,0.30212766,0.395620438,11.2,13.4,38.4,0,739.585,30489.23,0.348795718,0.133809099,0.214986619,0.200205339,0.799794661,0.023613963,0.213552361
1400000US11001009804,26.8,97.8,0,0.272401434,0.347445255,7.4,11.6,42,0,655.809,29503.55,0.334117647,0.128235294,0.205882353,0.321902655,0.678097345,0.07079646,0.212389381
1400000US11001009806,27.3,97.8,0,0.384083045,0.341638119,6.3,11.8,45.8,0,620.466,26398.6,0.409175554,0.189605553,0.219570002,0.13170114,0.86829886,0.016884762,0.302237231
1400000US11001009807,34.9,96.8,0.108303249,0.429602888,0.41190253,9.7,6.9,43.7,0,650.573,39369.48,0.191058218,0.076873593,0.114184625,0.414614774,0.585385226,0.029388403,0.107227959
1400000US11001009808,29.3,97.5,0,0.431095406,0.387543253,5.5,14.1,35.8,0,767.074,33651.77,0.294426494,0.126817447,0.167609047,0.074789916,0.925210084,0.021848739,0.219327731
1400000US11001009809,46.7,82,0,0,0.279320988,7.3,24.8,56.8,0,0,0,0.777777778,0.777777778,0,#DIV/0!,#DIV/0!,0.0,0.0
1400000US11001009901,49.9,93.9,0.210526316,0.219298246,0.27189683,32,4.3,45,0,874.412,80076.77,0.065652174,0.028695652,0.036956522,0.859266601,0.140733399,0.041625372,0.019821606
1400000US11001009902,42.5,96.4,0.058823529,0.328431373,0.325306893,13.8,7.8,47.9,0.006944444,750.057,53860.11,0.127747253,0.048076923,0.07967033,0.754637437,0.245362563,0.05227656,0.032040472
1400000US11001009903,37.1,98.1,0.073170732,0.390243902,0.272867025,9.1,7.5,56.8,0,306.306,25058.19,0.426062847,0.212107209,0.213955638,0.408139535,0.591860465,0.023255814,0.173255814
1400000US11001009904,31.0,97.6,0.039772727,0.477272727,0.415841584,3.9,8.2,38.9,0,649.264,35009.21,0.304517568,0.110429448,0.19408812,0.102827763,0.897172237,0.01285347,0.168380463
1400000US11001009905,32.3,98.5,0.025830258,0.52398524,0.366336634,3.8,10.9,42.2,0,647.955,33743.4,0.341957255,0.152230971,0.189726284,0.361702128,0.638297872,0.054158607,0.13926499
1400000US11001009906,37.3,97.8,0.051470588,0.529411765,0.343126967,6.6,12.4,51,0,676.753,32014.21,0.317941953,0.145778364,0.172163588,0.268398268,0.731601732,0.027417027,0.233766234
1400000US11001009907,25.3,98.5,0,0.539285714,0.404528764,5.6,12.4,50.4,0,456.841,26410.38,0.424967658,0.17076326,0.254204398,0.318095238,0.681904762,0.07047619,0.252380952
