GEO_ID,DEC_MA,DEC_AAP,DPB,DPL,D25PH,D25PB,DEC_16P,DC_NW16,DEC_100,DEC_MGR,DEC_MI,DEC_BPLP,DEC_BPLM,DEC_BPLF,DEC_POO,DEC_PRO,DEC_FOC,DEC_FRC
1400000US11001000100,38.5857142857,9.47142857143,0.558928673,0.0583404148333,0.0518024936667,80.8833333333,1.38333333333,29.8,0.27997870925,1380.995,110240.271667,0.111488151333,0.0413497481667,0.0701384035,0.458680915833,0.541319084167,0.004851591,0.003755114
1400000US11001000201,28.2,3.93333333333,0.418579838,0.0352029916667,0.070313821,76.8666666667,1.6,33.3333333333,0.0486346655,1165.6645,104013.576667,0.333990551,0.0633285815,0.291771496667,0.565349549667,0.434650450333,0.009468738,0.007363654
1400000US11001000202,33.9,3.63333333333,0.509905503833,0.0592681625,0.0608246618333,80.1333333333,1.11666666667,32.45,0.120305161,1417.647,120145.911667,0.221448533667,0.048835237,0.180752503167,0.577006347,0.422993653,0.00777364825,0.0055139105
1400000US11001000300,36.44,4.34,0.5505851236,0.0260260096,0.0546288228,81.74,3.78,28.7,0.13591754675,1315.2832,103966.016,0.1168004722,0.0489112882,0.0678891842,0.5026512882,0.4973487118,0.01113084825,0.0114099295
1400000US11001000400,37.15,5.73333333333,0.626256136167,0.0602471546667,0.0539277331667,80.0166666667,1.43333333333,26.6666666667,0.11509681525,1261.2215,100744.568333,0.0877857156667,0.0368353118333,0.050950404,0.440826139167,0.559173860833,0.0111067796,0.0109191866667
1400000US11001000501,36.5333333333,9.6,0.570733827833,0.148647837667,0.066464413,73.9333333333,2.1,23.2666666667,0.15585365525,1197.51683333,89059.78,0.0741618126667,0.034029429,0.0401323838333,0.3749732985,0.6250267015,0.00964233775,0.013407371
1400000US11001000502,38.6,6.55,0.6669402435,0.08910240725,0.05212654525,79.825,1.55,24.725,0.155283517,1219.3335,91837.15,0.04840881275,0.01785982025,0.0305489925,0.4042824225,0.5957175775,0.0116307726667,0.006412243
1400000US11001000600,40.4333333333,8.16666666667,0.705805844333,0.067076258,0.0628720046667,78.2,1.16666666667,26.5,0.139477318,1198.17133333,98633.15,0.0541606563333,0.0176859956667,0.0364746606667,0.480166915,0.519833085,0.017922537,0.00830028
1400000US11001000701,39.85,6.33333333333,0.540772098833,0.0503976088333,0.0612616243333,78.4,3.53333333333,31.1666666667,0.14624364225,1265.58483333,95833.4166667,0.0967073738333,0.0375500558333,0.0591573181667,0.482617862667,0.517382137333,0.0116320146,0.01364074275
1400000US11001000702,37.825,4.425,0.60612665,0.03928396,0.06331541975,78.625,1.65,29.6,0.104821220667,1232.75075,96016.7875,0.10830948175,0.045736697,0.062572785,0.4606125205,0.5393874795,0.00882449466667,0.012225573
1400000US11001000801,34.525,4.725,0.437308979125,0.078161212375,0.053904066875,81.45,8.7625,26.7875,0.096062268,1241.5865,106661.41,0.10857962975,0.047482932,0.06109669775,0.54212473325,0.45787526675,0.011388844,0.0108475045
1400000US11001000802,35.2666666667,3.56666666667,0.483301282,0.0433766826667,0.0496552563333,83.3666666667,5.5,28.0,0.09566784,1310.309,100680.86,0.121501254,0.0529861393333,0.0685151146667,0.544448465667,0.455551534333,0.011800297,0.00826276133333
1400000US11001000901,35.26,4.88,0.3278035022,0.09764961,0.0554687432,82.88,12.92,25.82,0.1148114935,1428.6426,136252.238,0.0753767244,0.0329649354,0.042411789,0.678382907,0.321617093,0.0153684208,0.00983542833333
1400000US11001000902,34.7666666667,4.96666666667,0.213035286,0.114374444667,0.0565872763333,81.9,20.2666666667,25.2333333333,0.151504704333,1465.64366667,157528.113333,0.049945828,0.0255306463333,0.0244151816667,0.769893398,0.230106602,0.0160041273333,0.007081069
1400000US11001001001,34.64,5.34,0.422314524,0.0836673294,0.062447377,82.36,10.5,23.94,0.0585083785,1372.3556,131209.71,0.0727255982,0.0309140444,0.0418115538,0.645244467,0.354755533,0.0153981604,0.010507221
1400000US11001001002,37.4285714286,5.95714285714,0.458800882571,0.0665608412857,0.0605538282857,79.8142857143,9.78571428571,27.6571428571,0.0914167643333,1327.326,116172.252857,0.074688208,0.0301491962857,0.0445390117143,0.597202563714,0.402797436286,0.0143772364286,0.0099778106
1400000US11001001100,43.475,7.65,0.508198301,0.1449619415,0.0997047005,71.225,1.525,31.4,0.0104247406667,1068.47125,115475.075,0.0640602115,0.02558708175,0.03847313,0.6142524715,0.3857475285,0.0161246365,0.0107139113333
1400000US11001001200,42.28,7.74,0.6355622222,0.079768996,0.0885924422,74.26,1.08,30.48,0.096818265,1173.3876,102690.79,0.0692731308,0.027118982,0.0421541488,0.5140460084,0.4859539918,0.0185314786667,0.00742541466667
1400000US11001001301,42.6857142857,33.1285714286,0.453049331143,0.155076284143,0.126369121571,58.9714285714,2.17142857143,37.1571428571,0.0970167368,973.896,88231.65,0.0922326595714,0.0390209035714,0.053211756,0.490445248,0.509554752143,0.0167816852,0.0324485425
1400000US11001001302,39.05,19.85,0.5939991055,0.0678973895,0.064136659,79.75,2.15,27.75,0.156395383667,1225.8785,90945.3925,0.0671239635,0.02442256925,0.042701394,0.38606535,0.61393465025,0.007122154,0.004518072
1400000US11001001401,42.2,8.1,0.4061504905,0.220152672,0.071073446,77.25,2.1,29.65,0.007575758,1051.127,128111.83,0.024896373,0.008410586,0.016485787,0.70214018,0.29785982,0.0222288325,0.014383562
1400000US11001001402,44.425,9.375,0.54682524525,0.136981098,0.09227959925,71.35,1.425,35.625,0.057792616,1054.18133333,113968.74,0.0653313965,0.0250238175,0.040307579,0.59867624375,0.4013237565,0.0218538536667,0.01003269
1400000US11001001500,46.15,41.925,0.4121295235,0.195366886,0.14480048725,55.55,2.575,40.25,0.00753798366667,739.148666667,105116.3025,0.07809284775,0.03581904125,0.04227380675,0.6642147675,0.3357852325,0.02590267175,0.0295241816667
1400000US11001001600,39.025,46.975,0.27022997675,0.183462124,0.1119366375,54.525,2.375,28.15,0.007146088,931.135333333,91398.9625,0.06190756,0.02978064,0.03957208,0.4949777545,0.5050222455,0.0275022636667,0.0414453635
1400000US11001001702,42.2666666667,79.9333333333,0.20345369,0.21459844,0.196831102333,38.6666666667,3.96666666667,37.3666666667,,785.4,67692.7566667,0.0896193116667,0.0450971593333,0.0445221523333,0.679394019,0.320605981,0.038789488,0.0360987876667
1400000US11001001803,39.025,46.975,0.27022997675,0.183462124,0.1119366375,54.525,2.375,28.15,0.007146088,931.135333333,91398.9625,0.06190756,0.02978064,0.03957208,0.4949777545,0.5050222455,0.0275022636667,0.0414453635
1400000US11001001804,36.58,68.92,0.0903699716,0.2922247816,0.1999774256,31.52,3.62,29.5,0.006034483,901.3774,53780.266,0.1214018908,0.060212545,0.0732318552,0.3607436584,0.6392563416,0.01987048675,0.061629792
1400000US11001001901,41.22,80.54,0.130311432,0.2995304794,0.2186886612,32.74,3.92,37.6,0.006034483,801.6316,61784.54,0.1111745954,0.0497041432,0.0614704526,0.6319929342,0.3680070658,0.0351855872,0.0425857068
1400000US11001001902,44.6,85.3666666667,0.192712798667,0.282037150667,0.234809186333,33.5666666667,3.73333333333,43.1666666667,,767.510333333,66911.72,0.0656972203333,0.025289891,0.040407329,0.794183983,0.205816017,0.0469741883333,0.0154022663333
1400000US11001002001,39.775,66.4,0.151083138,0.333683708,0.192094308,37.875,3.9,38.05,0.016369048,806.9985,60907.1175,0.13692955975,0.05834719775,0.07858236225,0.3914032315,0.6085967685,0.01442266475,0.0612852786667
1400000US11001002002,38.9166666667,77.4333333333,0.0826662515,0.335844826167,0.258063235167,22.9,3.58333333333,40.75,0.005907415,772.9645,52380.5083333,0.147913537333,0.0674458743333,0.0804676636667,0.55990989,0.44009011,0.0326975516667,0.0441163183333
1400000US11001002101,40.78,84.94,0.0866710314,0.298859202,0.2648545164,25.08,4.42,42.04,0.006034483,730.6838,57793.922,0.1170313298,0.0555357776,0.0614955528,0.6679117406,0.3320882594,0.0421543572,0.0364150046
1400000US11001002102,42.4,88.94,0.1024255072,0.326634138,0.2810266162,24.06,4.34,43.52,0.006034483,723.877,57376.09,0.110956044,0.049746969,0.0612090752,0.6924026022,0.3075973978,0.0423682078,0.0323953602
1400000US11001002201,39.075,86.4,0.05855134875,0.344376904,0.29821351875,16.225,4.725,42.6,0.005780347,719.62275,49848.3575,0.14344325375,0.06767083925,0.0757724145,0.568332673,0.431667327,0.040114985,0.05734711625
1400000US11001002202,35.56,78.04,0.0889836288,0.185030772,0.2526845696,24.66,8.16,41.22,,872.5794,51248.66,0.164235194,0.0722429836,0.09199221,0.4465037522,0.5534962478,0.03541684075,0.0610235564
1400000US11001002301,37.65,80.9,0.08607804375,0.19000986775,0.262064657,21.975,4.775,44.25,,893.71975,54966.5475,0.181417104,0.080619087,0.1007980165,0.528966454,0.471033546,0.034248158,0.0566283025
1400000US11001002302,33.32,83.72,0.0719199918,0.229501675,0.2479081254,21.8,6.1,45.3,,781.7348,45846.678,0.2654849788,0.1232077524,0.1422772262,0.4777669192,0.5222330808,0.03666184975,0.0763992378
1400000US11001002400,36.9428571429,78.1428571429,0.0644590804286,0.326021435429,0.256737381286,18.8714285714,4.94285714286,43.4714285714,0.005780347,817.003,51743.4614286,0.187098916714,0.0838686378571,0.103230278571,0.550271004571,0.449728995429,0.0409957161667,0.0649471184286
1400000US11001002501,39.425,77.425,0.083289333,0.2555126815,0.2647718025,20.175,4.775,41.45,0.005780347,745.80275,59173.6725,0.12805960425,0.05774515725,0.0703144475,0.68372770675,0.31627229325,0.03644505275,0.029582689
1400000US11001002502,35.2666666667,68.45,0.0598702475,0.414594673,0.242438911833,14.4833333333,7.68333333333,39.1166666667,,671.298833333,47765.63,0.1779707025,0.0795332556667,0.098437447,0.5155702515,0.4844297485,0.0353459746667,0.067203397
1400000US11001002600,38.2125,45.6375,0.343610724875,0.2212648485,0.151734172375,46.8375,3.1125,35.375,0.156395383667,920.390625,67446.87875,0.121023896875,0.052718506375,0.0683053905,0.4478513845,0.552148615625,0.0224616821667,0.0338451081667
1400000US11001002701,34.2333333333,41.9,0.185428072333,0.442212698667,0.152590429833,33.4333333333,4.33333333333,35.75,0.032021605,778.2005,53716.34,0.209660215833,0.0921951681667,0.1174650475,0.3206315205,0.6793684795,0.0162338173333,0.0707350434
1400000US11001002702,35.0714285714,24.9571428571,0.406107394857,0.244346291286,0.0970329901429,57.6285714286,3.21428571429,27.3714285714,0.09785040075,964.733,66447.4571429,0.136301117571,0.0603685431429,0.0759325742857,0.302721128714,0.697278871286,0.0082253435,0.0333997866
1400000US11001002801,31.9333333333,53.8666666667,0.0838765196667,0.549238065,0.209850905,14.6,6.6,39.5666666667,,682.861666667,38104.1166667,0.228627264,0.100302112,0.128325152,0.322638404667,0.677361595333,0.0324781876667,0.0900795643333
1400000US11001002802,31.7125,42.4625,0.190917488,0.421833730375,0.157608934625,30.1125,5.9375,32.1375,0.0398478835,750.547875,41110.6175,0.2455574435,0.11482233925,0.13073510425,0.235657290875,0.764342709125,0.015001478375,0.089218903375
1400000US11001002900,31.775,61.45,0.05781086525,0.50212804325,0.2318551575,13.775,9.1,36.775,,673.15325,40580.31,0.22669168425,0.10553725675,0.1211544275,0.38561941875,0.61438058125,0.031484243,0.10546996125
1400000US11001003000,31.4666666667,63.1666666667,0.06115195,0.440595503,0.231920496,13.8666666667,10.8333333333,35.3,,653.191,39844.2166667,0.238371266333,0.112831785667,0.125539480667,0.386381447333,0.613618552667,0.028610935,0.114932170667
1400000US11001003100,33.5,67.8,0.0569487336667,0.441537360667,0.230663483,12.7666666667,10.1333333333,36.8333333333,,634.865,42515.8866667,0.198362969,0.090750782,0.107612187,0.490844725667,0.509155274333,0.0399311053333,0.08651581
1400000US11001003200,29.4666666667,79.0,0.0832929783333,0.202558395333,0.218756536667,25.9666666667,6.1,48.2666666667,,852.159,43473.2,0.299300358333,0.140597754,0.158702604333,0.387281038667,0.612718961333,0.0275902425,0.100296415333
1400000US11001003301,32.35,84.4,0.11333317275,0.1866058435,0.2316348895,25.875,6.375,44.725,,866.23075,45323.1425,0.279804264,0.13279436475,0.14700989925,0.42130020625,0.57869979375,0.0200459106667,0.07747271625
1400000US11001003302,34.62,92.26,0.074287491,0.2999848572,0.2592840914,20.96,8.18,41.84,,705.551,45854.27,0.2445353274,0.115723055,0.1288122724,0.5352625364,0.4647374636,0.0254931762,0.0898676814
1400000US11001003400,31.25,83.6,0.0987689005,0.240752965,0.222948716833,25.4333333333,6.83333333333,44.5166666667,,792.5995,44422.66,0.273446816833,0.127774953667,0.145671863167,0.4467579945,0.5532420055,0.022268745,0.0873801606667
1400000US11001003500,29.12,76.7,0.1102097658,0.2566031718,0.2301455656,21.76,7.3,41.4,,653.4528,38675.454,0.272659046,0.1244313644,0.1482276816,0.4279371394,0.5720628606,0.026002549,0.0875952956
1400000US11001003600,29.4,70.225,0.08101290425,0.3409468325,0.22857370025,17.975,8.675,38.9,,631.5925,33752.24,0.2894041555,0.1377503285,0.151653827,0.301309268,0.698690732,0.018482394,0.12309040775
1400000US11001003700,30.38,50.3,0.1352834792,0.410459559,0.1764480238,22.3,5.74,35.18,0.064814815,707.9072,35309.49,0.3083469318,0.1419226398,0.166424292,0.1617193146,0.8382806854,0.010860691,0.129679258
1400000US11001003800,32.7333333333,21.3333333333,0.537869458,0.215411673,0.079640962,63.3,2.86666666667,19.7,0.06741573,985.240666667,58765.81,0.116404970333,0.0592687223333,0.057136248,0.279823885667,0.720176114333,0.00487822633333,0.0211347063333
1400000US11001003900,32.55,19.15,0.42043506825,0.2384115285,0.08686982475,60.875,3.375,21.625,0.014880952,998.1125,62625.8325,0.13568499675,0.06861976875,0.067065228,0.24451391325,0.75548608675,0.00672436325,0.0253982796667
1400000US11001004001,34.8333333333,12.9666666667,0.648395491167,0.123745871167,0.063030433,73.1333333333,2.15,18.8333333333,0.3415370465,1080.14316667,75786.7366667,0.0829614493333,0.0411453573333,0.0418160918333,0.320942186,0.679057814,0.00400729216667,0.01703893475
1400000US11001004002,35.25,16.95,0.606157999,0.17730678625,0.0694954795,67.925,2.375,20.425,0.3415370465,1024.2925,72927.99,0.0964270915,0.0512940645,0.045133027,0.32498492875,0.67501507125,0.004765564,0.0211347063333
1400000US11001004100,37.875,4.45,0.70981614325,0.086560052,0.0494318635,83.075,1.425,20.2,0.381687296,1202.3165,99889.4625,0.05013587875,0.0232570805,0.02687879825,0.40434639275,0.59565360725,0.00473846525,0.004211346
1400000US11001004201,32.825,16.475,0.66693681125,0.144892088,0.069122355,69.4,2.6,17.125,0.045227679,1016.76575,63288.1875,0.10838254825,0.05853151425,0.049851034,0.30152909525,0.69847090475,0.00548209033333,0.02244209
1400000US11001004202,35.2,9.18,0.7455377232,0.0717894066,0.0487985678,79.2,1.7,17.1,0.18783535,1099.0364,79399.752,0.0768073362,0.0427597082,0.034047628,0.3563420106,0.6436579894,0.00600362066667,0.00986174766667
1400000US11001004300,31.7666666667,43.8166666667,0.343568444333,0.23083186,0.139945880833,41.4166666667,3.88333333333,28.7666666667,0.02745098,856.958666667,48528.5583333,0.220749669,0.105724260167,0.115025408833,0.2522646565,0.7477353435,0.0130431508333,0.0776482018333
1400000US11001004400,29.74,74.76,0.1205479028,0.2240624714,0.2189356356,23.7,5.68,42.56,,673.6114,33187.078,0.3085631808,0.146909236,0.1616539448,0.3245445656,0.6754554344,0.019073818,0.0872546358
1400000US11001004600,32.98,88.94,0.064879915,0.29975393175,0.2761300322,18.9,14.52,43.26,0.021176471,628.32,44607.84,0.2897133024,0.1588406744,0.163590785,0.4101634086,0.5898365914,0.0186726395,0.2077965594
1400000US11001004701,34.9,84.35,0.100221196,0.367649098333,0.29018857625,16.025,15.95,41.85,0.021176471,640.101,43706.855,0.27648369275,0.16229399375,0.152252932,0.3077785495,0.6922214505,0.0256453536667,0.26479992975
1400000US11001004702,36.45,85.4,0.043589744,0.443589744,0.2714765905,16.4,21.75,41.65,,572.033,47684.905,0.327016989,0.2133915675,0.227250843,0.304000884,0.695999116,0.004022989,0.358642794
1400000US11001004801,32.1,79.38,0.1320717924,0.2707393882,0.233428318,24.38,7.68,42.7,0.021176471,668.899,35979.698,0.2998484638,0.1398822052,0.1599662586,0.3858759584,0.6141240416,0.0225540016,0.0938973846
1400000US11001004802,33.3666666667,79.0833333333,0.0992638505,0.3885553945,0.256744303833,17.8833333333,8.45,42.4,0.021176471,614.357333333,32461.6716667,0.2765098235,0.129750361333,0.146759462167,0.244614006333,0.755385993667,0.0220676358,0.145158913167
1400000US11001004901,33.7,58.1,0.253200308333,0.355617290333,0.172905935,35.1666666667,5.8,33.7333333333,0.030651341,740.894,41323.82,0.276584271,0.135690448667,0.140893822333,0.327631281,0.672368719,0.0166949653333,0.0657333686667
1400000US11001004902,32.475,62.925,0.1753149015,0.4180728585,0.2232534995,24.75,6.6,34.65,0.030651341,676.753,36132.6525,0.25578941625,0.13117179225,0.124617624,0.19585397325,0.80414602675,0.0170638383333,0.115503041
1400000US11001005001,33.7,58.1,0.253200308333,0.355617290333,0.172905935,35.1666666667,5.8,33.7333333333,0.030651341,740.894,41323.82,0.276584271,0.135690448667,0.140893822333,0.327631281,0.672368719,0.0166949653333,0.0657333686667
1400000US11001005002,30.95,48.55,0.1849332045,0.4141865215,0.1910565215,29.8,4.85,27.8,0.030651341,780.164,41825.165,0.229841366,0.1332132605,0.0966281055,0.1650920625,0.8349079375,0.008577753,0.0643773325
1400000US11001005201,33.6125,28.2,0.548710265375,0.1551565065,0.111216838625,56.725,3.3125,25.2125,0.0391205266667,934.29875,52393.70625,0.17481723075,0.07959382425,0.0952234065,0.245031453625,0.754968546375,0.011492717,0.02657148025
1400000US11001005301,33.25,9.225,0.77141161875,0.0510483185,0.051071714,79.6,2.0,14.35,0.0341336535,1077.307,69168.87,0.095791277,0.04889713,0.046894147,0.32321191825,0.67678808175,0.004203329,0.00889856933333
1400000US11001005500,36.1,5.88,0.583058142,0.093703709,0.0525833372,79.4,1.58,25.52,0.268063639667,1141.9716,85700.23,0.1082178376,0.047689691,0.0605281468,0.3940407086,0.6059592914,0.006986182,0.003452617
1400000US11001005600,37.775,14.975,0.447399374,0.0846007603333,0.0581761766667,78.3,1.66666666667,29.7333333333,0.147716229,1196.426,83529.47,0.141969817333,0.0549643126667,0.087005505,0.404744464333,0.595255535667,0.009544787,0.003452617
1400000US11001005800,37.7428571429,55.8142857143,0.2789738,0.328584814333,0.218509798667,26.6333333333,8.1,39.2,,783.654666667,37137.8566667,0.257093902333,0.125880202833,0.131213699333,0.107595240167,0.892404759833,0.0158582483333,0.1050120785
1400000US11001005900,39.875,73.625,0.208069382,0.2561085975,0.274678087333,16.9,21.3,39.8666666667,,554.579666667,40961.6633333,0.341315160667,0.216793985,0.1867817635,0.207702502667,0.792297497333,0.004022989,0.251179788
1400000US11001006202,37.9777777778,24.4833333333,0.537729462571,0.102636816786,0.0984464295,62.89375,8.31875,25.325,0.0664916416667,1048.135,66425.614375,0.172962875733,0.0951485244667,0.0972679390833,0.325065104812,0.674934895188,0.00830638442857,0.0619833102727
1400000US11001006400,33.6833333333,68.8333333333,0.1192252226,0.3514735638,0.176956677833,31.5,8.13333333333,42.1666666667,,594.0242,42962.4733333,0.3633737186,0.1390901206,0.224283598,0.124275226667,0.875724773333,0.00938576566667,0.2075155408
1400000US11001006500,37.1166666667,38.7166666667,0.4801274842,0.1341213668,0.1245857452,60.26,4.76,25.94,0.012285012,877.03,66166.548,0.198147587,0.0882582048,0.1098893822,0.322382266,0.677617734,0.00988951425,0.0620258548
1400000US11001006600,36.7833333333,21.9666666667,0.5550268746,0.058136271,0.0589387442,78.6,2.18,17.8,0.025879348,1065.2642,89231.39,0.0662032898,0.0382927818,0.027910508,0.4964905922,0.5035094078,0.01021546825,0.0140600755
1400000US11001006700,37.15,54.75,0.3335185185,0.188927875,0.16965681525,51.575,5.3,27.375,0.016055046,979.7865,72119.685,0.121330065,0.06241477025,0.0589152945,0.5154058595,0.4845941405,0.0183333903333,0.02647651025
1400000US11001006801,36.1333333333,83.5666666667,0.0984064253333,0.414413030333,0.303117687333,25.3666666667,5.2,52.2,0.016055046,922.1905,48732.7633333,0.156910651333,0.0802233676667,0.0766872833333,0.429529192,0.570470808,0.02163967,0.0418778795
1400000US11001006802,35.15,87.5,0.09885506575,0.5618323385,0.308772401,19.425,6.175,54.575,0.016055046,556.761333333,41161.8325,0.24900273,0.11689549775,0.13210723225,0.429150336,0.570849664,0.0305565343333,0.112029875333
1400000US11001006804,37.8375,78.9625,0.119595924714,0.381602589,0.339029802143,15.6,5.12857142857,47.4714285714,0.055555556,753.984,45588.3571429,0.169851731286,0.0792918312857,0.0905599002857,0.455096473714,0.544903526286,0.0301417001667,0.0910589848333
1400000US11001006900,37.38,67.88,0.2583649838,0.3557780164,0.2298745614,37.5,6.28,36.0,0.016055046,717.5938,58426.168,0.2272957146,0.1034230116,0.123872703,0.5106707264,0.4893292736,0.027454043,0.0754801504
1400000US11001007000,35.2285714286,42.0714285714,0.403926709286,0.214318628143,0.14211577,56.7428571429,4.65714285714,29.4428571429,0.012285012,808.214,68493.2385714,0.217586820143,0.0951799408571,0.122406879286,0.413886492714,0.586113507286,0.0168672981667,0.0825088307143
1400000US11001007100,35.7,81.18,0.1564462854,0.4843356276,0.284066472,22.32,6.3,54.86,,496.7655,40486.322,0.3121754704,0.1341463484,0.178029122,0.3597193814,0.6402806186,0.0324905433333,0.1391224025
1400000US11001007200,29.8285714286,66.6142857143,0.254737113714,0.357465735429,0.223673867286,34.1285714286,9.75714285714,38.2285714286,,580.261,43111.9171429,0.361793210286,0.150940479571,0.210852730857,0.217683499286,0.782316500714,0.013631087,0.210222765
1400000US11001007301,32.5555555556,75.4333333333,0.0443169554286,0.407167288286,0.259224482429,21.3428571429,13.125,42.3875,,602.358166667,40152.08,0.423974535857,0.188647997286,0.235326538286,0.148538170571,0.851461829429,0.0182868572,0.204613694167
1400000US11001007304,24.96,98.28,0.0155878084,0.4097943832,0.3750279882,4.16,12.86,47.78,,584.8612,27325.898,0.406845011,0.167981135,0.238863876,0.2356681342,0.7643318658,0.0339231014,0.3188664826
1400000US11001007401,32.3666666667,81.1166666667,0.0659811985,0.365678808,0.2900075845,13.8333333333,11.4333333333,48.65,,570.724,33836.604,0.439456736833,0.2569306635,0.219031288,0.171867907,0.828132093,0.0242125865,0.2228155886
1400000US11001007403,23.875,98.2,0.02818729225,0.44023323475,0.38916002375,2.95,13.3,48.525,,573.01475,25475.4325,0.441885349,0.1862105815,0.2556747675,0.145112056,0.854887944,0.0166176345,0.35113315025
1400000US11001007404,27.9333333333,95.2833333333,0.0316251415,0.403184886167,0.373396637667,3.98333333333,14.4833333333,50.3666666667,,567.5824,28328.334,0.4919581435,0.280176350167,0.2541381522,0.167388499,0.832611501,0.0161555802,0.3332206852
1400000US11001007406,22.125,98.325,0.03104287275,0.56979000075,0.3870422145,2.6,15.0,50.75,,550.76175,23705.3375,0.49306891675,0.20816290425,0.2849060125,0.130020099,0.869979901,0.0152947256667,0.3931776505
1400000US11001007407,22.5,98.48,0.0248342982,0.5593614124,0.386303488,3.38,14.3,50.06,,558.943,24087.696,0.4985110774,0.2066235634,0.291887514,0.1334048958,0.8665951042,0.0140718245,0.387363967
1400000US11001007408,25.9333333333,97.9,0.0242167343333,0.500553066333,0.372288510833,5.25,12.3166666667,45.65,,614.139166667,29201.175,0.417728485833,0.178573427,0.239155058667,0.177387585167,0.822612414833,0.0262966115,0.301889824
1400000US11001007409,25.5333333333,98.0666666667,0.0375830563333,0.402739094667,0.414368061,3.93333333333,11.0666666667,44.8333333333,,640.973666667,29886.2166667,0.377773774333,0.151444822,0.226328952333,0.169874566667,0.830125433333,0.020042681,0.314900578
1400000US11001007502,29.275,97.55,0.0389647545,0.43348595725,0.38109444975,8.55,10.0,43.25,,656.13625,31015.12,0.37903142225,0.16397022875,0.2150611935,0.184458871,0.815541129,0.0311686545,0.26491558475
1400000US11001007503,29.9333333333,97.0333333333,0.0657604005,0.456163131833,0.3925384945,6.91666666667,10.3666666667,43.8333333333,,645.337,34207.445,0.325938383667,0.141401649,0.1845367345,0.268579670167,0.731420329833,0.0342392211667,0.231886977167
1400000US11001007504,29.0666666667,97.4166666667,0.0455429788333,0.449522571333,0.3854131685,7.36666666667,10.45,42.8166666667,,673.916833333,32572.7216667,0.356002679833,0.151425365667,0.204577314,0.2343429825,0.7656570175,0.0312551241667,0.2418189975
1400000US11001007601,32.0142857143,93.4428571429,0.0855972091429,0.461375509429,0.357157196429,12.0142857143,7.94285714286,50.3571428571,0.0326400145,557.852166667,35451.4614286,0.282472835429,0.116639019714,0.165833815714,0.307190753714,0.692809246286,0.0270117715,0.210406104
1400000US11001007603,35.7666666667,94.1,0.0930989566667,0.238961022333,0.323975278667,18.7333333333,6.96666666667,41.0333333333,0.0101813855,691.152,38658.26,0.251917795,0.0976777503333,0.154240044667,0.339177162,0.660822838,0.0277978606667,0.150983917
1400000US11001007604,38.3285714286,94.9142857143,0.112187915429,0.269702808571,0.329562479714,16.9857142857,6.97142857143,40.2142857143,0.025306109,730.796,45727.8585714,0.192503350286,0.0818207372857,0.110682613286,0.411774188714,0.588225811286,0.0314214374286,0.113201459429
1400000US11001007605,33.86,96.26,0.0886119602,0.3523953358,0.3694575066,11.48,8.64,41.28,0.009724473,680.4182,37685.064,0.2704806904,0.1202428298,0.1502378606,0.2807225596,0.7192774404,0.0375773632,0.1808142446
1400000US11001007703,36.15,97.0833333333,0.0436661506667,0.396282407167,0.3615507945,11.7,8.38333333333,46.4833333333,,704.023833333,41086.6733333,0.263188466,0.106354486167,0.156833979667,0.35617845,0.64382155,0.0344185536667,0.188921215
1400000US11001007707,33.62,97.74,0.0314642502,0.4330055372,0.3748629954,8.12,9.1,45.0,0.0069484675,646.9078,38599.006,0.2795928096,0.1115412608,0.1680515488,0.4259910788,0.5740089212,0.0452601372,0.1492658788
1400000US11001007708,36.3,97.075,0.0298423425,0.35054545075,0.373245855,7.65,6.55,42.9,0.055555556,707.84175,36856.86,0.2159295765,0.08796450525,0.12796507175,0.35629825175,0.64370174825,0.0323606755,0.16198887875
1400000US11001007709,38.1,94.1833333333,0.098954526,0.353111922,0.355140082167,14.85,5.0,49.1,0.0326400145,738.0142,47043.0616667,0.151196669667,0.0640235471667,0.0871731226667,0.417353750167,0.582646249833,0.0325408284,0.1150104154
1400000US11001007803,35.5857142857,97.7857142857,0.007454681,0.291706254714,0.345195723,11.3857142857,8.04285714286,49.6571428571,,632.247,36517.36,0.267974208286,0.116097266286,0.151876942,0.398591087429,0.601408912571,0.0319937717143,0.163561560286
1400000US11001007804,36.2,97.7666666667,0.0418119005,0.324003009667,0.3385624455,9.13333333333,6.98333333333,54.4166666667,,536.0355,33729.44,0.305191806833,0.136743666833,0.168448139833,0.455698371667,0.544301628333,0.0410060648333,0.148576306667
1400000US11001007806,34.7,97.6666666667,0.0,0.325972455,0.347754472,11.2333333333,8.86666666667,49.8333333333,,630.501666667,40671.0666667,0.228513963333,0.108304364,0.120209599333,0.496969995333,0.503030004667,0.0362294833333,0.144970650667
1400000US11001007807,35.1666666667,97.9333333333,0.0418393013333,0.290076371,0.397127449,7.76666666667,6.8,52.6,,622.647666667,39373.8466667,0.232718918333,0.106737682667,0.125981235333,0.434984422,0.565015578,0.0359083843333,0.147062757667
1400000US11001007808,35.075,97.975,0.05654501125,0.30721447375,0.342427522,8.6,6.925,55.9,,477.1305,32263.5775,0.33826145875,0.1490550745,0.189206384,0.41510285,0.58489715,0.0382982985,0.17672944525
1400000US11001007809,37.025,97.725,0.0335225985,0.30409530175,0.358643028,9.2,6.3,54.425,,610.97575,37902.095,0.2421745345,0.1091276735,0.133046861,0.48248924425,0.51751075575,0.04282849925,0.1185482795
1400000US11001007901,37.1166666667,88.2333333333,0.151551436333,0.337372626,0.295495519167,17.6166666667,7.7,43.6333333333,,691.370166667,41913.745,0.256435202667,0.103408845833,0.153026357167,0.395635943333,0.604364056667,0.0300053975,0.104165108833
1400000US11001007903,35.66,89.76,0.112852304,0.4376151564,0.3389683564,15.62,5.94,51.72,,724.85875,42718.43,0.2202766372,0.0947893554,0.125487282,0.3745123046,0.6254876954,0.0274981625,0.12680363075
1400000US11001008001,36.84,76.18,0.1781180896,0.2888772434,0.2279335448,28.04,7.5,40.3,,748.2244,49470.776,0.2183043386,0.089896886,0.1284074528,0.4789553962,0.5210446038,0.04230699825,0.0742616884
1400000US11001008002,36.2,69.5571428571,0.202379208714,0.323948778143,0.237438620857,35.7285714286,5.32857142857,40.6428571429,0.016055046,896.883166667,59401.86,0.153954519429,0.0735807084286,0.0803738108571,0.491375390714,0.508624609286,0.0308376858,0.0576353853333
1400000US11001008100,36.62,59.78,0.3203673998,0.2042267956,0.1558168326,45.88,5.62,30.74,,967.0892,66515.004,0.1327130236,0.0585150654,0.0741979578,0.520301487,0.479698513,0.02181866075,0.0373883598
1400000US11001008200,37.06,31.04,0.593210004,0.112866673,0.07696229675,71.35,3.15,20.075,0.039473684,1059.96275,83590.7775,0.059234035,0.0307202765,0.02851375825,0.502951694,0.497048306,0.0174282236667,0.0114641835
1400000US11001008301,37.9,48.9333333333,0.51375958575,0.16338937325,0.161040818,50.96,10.02,25.16,0.039473684,986.4624,75049.422,0.1411257376,0.099004134,0.05265200425,0.5269854144,0.4730145856,0.031688189,0.175859459
1400000US11001008302,36.08,65.44,0.2978441022,0.2466163362,0.180484966,39.64,7.3,36.0,,930.9608,63002.696,0.1586994322,0.069517221,0.089182211,0.5516101762,0.4483898238,0.0351304435,0.0402101776
1400000US11001008402,37.5333333333,86.3333333333,0.127496198667,0.318050175667,0.239214752,19.7,9.23333333333,46.6666666667,,716.459333333,45064.0733333,0.24211126,0.095036319,0.147074941333,0.514281682,0.485718318,0.035972841,0.058829417
1400000US11001008410,34.66,82.02,0.1251547968,0.2655147398,0.2767932236,18.06,11.44,45.34,,740.6322,40935.312,0.2829585432,0.1230399358,0.1599186076,0.4527905168,0.5472094832,0.0411284844,0.0968777262
1400000US11001008701,37.575,92.85,0.04410835325,0.38124399425,0.27508195025,16.825,8.025,41.425,0.023809524,697.0425,48286.3925,0.21166398475,0.11177807175,0.099885913,0.526372291,0.473627709,0.03452321225,0.0920268055
1400000US11001008702,33.3,85.55,0.039571895,0.3163050565,0.3176485795,14.075,10.475,46.3,0.023809524,616.86625,37884.0975,0.29442739225,0.14358560325,0.150841789,0.3699487165,0.6300512835,0.03117466375,0.15848475075
1400000US11001008802,34.74,84.16,0.1314166564,0.2825963574,0.298235312,14.02,10.04,45.1,,636.6976,34554.982,0.2992577274,0.1285055284,0.170752199,0.2926517976,0.7073482024,0.0362001644,0.1322277152
1400000US11001008803,35.5,88.8,0.0863275558,0.3255197962,0.3390407798,11.98,9.92,47.28,,659.4742,35964.776,0.292767653,0.1299022942,0.1628653588,0.3835801446,0.6164198554,0.0345901494,0.1361415616
1400000US11001008804,38.78,77.02,0.08337842025,0.36364832075,0.31933468525,10.6,7.8,47.0,,690.82475,39761.8575,0.2420212065,0.1062123595,0.135808847,0.42835593575,0.57164406425,0.047125621,0.0979173955
1400000US11001008903,37.475,72.7,0.0760835076667,0.396113137667,0.322582456,7.0,7.83333333333,46.5333333333,,623.956666667,36062.5133333,0.268836364667,0.119286586667,0.149549778,0.333157204,0.666842796,0.045515617,0.115767658
1400000US11001008904,37.2,79.2714285714,0.108588473333,0.371355997167,0.311166618333,12.2833333333,8.0,47.1666666667,,612.612,37479.07,0.273305230667,0.109233672,0.164071559167,0.370158881333,0.629841118667,0.0374076973333,0.115494485
1400000US11001009000,41.7333333333,96.3333333333,0.0632567333333,0.322058541,0.312270971333,18.5333333333,7.8,50.6,,573.778333333,41030.6066667,0.229011932667,0.0907135793333,0.138298353333,0.479310685333,0.520689314667,0.0379763853333,0.110445545333
1400000US11001009102,37.7,82.88,0.132398389,0.251087149,0.2905531596,23.24,9.26,45.36,0.007255139,774.928,49508.214,0.222667593,0.0951521338,0.1275154592,0.5613980344,0.4386019656,0.0388271066,0.0990401054
1400000US11001009201,36.0875,78.125,0.1270450915,0.197480664625,0.25859590375,23.45,8.7125,40.675,0.007255139,836.941875,48774.16,0.195748290375,0.085780427875,0.109967862375,0.431346813,0.568653187,0.036727122,0.088886855375
1400000US11001009203,35.75,84.9833333333,0.0819055071667,0.2366636925,0.265534545833,18.1333333333,6.56666666667,44.6333333333,0.023809524,813.5435,44389.0633333,0.243891571,0.116179129333,0.127712441667,0.370953349333,0.629046650667,0.0380949106,0.124120774833
1400000US11001009204,36.65,90.4,0.048485583,0.334628402833,0.304840706667,12.0666666667,7.21666666667,43.8666666667,0.023809524,636.392166667,39989.7333333,0.239831212333,0.106379944833,0.1334512675,0.4036077725,0.5963922275,0.0336509341667,0.124982447833
1400000US11001009301,40.54,86.26,0.1238752786,0.3187462428,0.2604155198,25.2,7.18,42.24,0.007255139,748.2244,56936.79,0.1520481862,0.06477585,0.087272336,0.64288974,0.35711026,0.0407246354,0.0598610418
1400000US11001009302,38.6666666667,87.5,0.113453815333,0.396937808333,0.306487449333,20.9333333333,7.23333333333,42.3,0.007255139,698.133333333,52671.11,0.183217109333,0.075493051,0.107724058333,0.622816114333,0.377183885667,0.0353659063333,0.0667168993333
1400000US11001009400,44.1,86.375,0.15046063275,0.26369715275,0.2367889655,32.925,6.05,44.45,0.007255139,1019.38375,67153.01,0.113883205,0.05079399975,0.06308920525,0.80540412475,0.19459587525,0.0462172255,0.02579372975
1400000US11001009501,38.5625,80.35,0.11349101575,0.14609462575,0.244208055875,24.0875,7.3,41.4125,,881.447875,52526.89875,0.140577023875,0.062344686875,0.078232336625,0.48925622975,0.51074377025,0.0397260091429,0.0749866575
1400000US11001009503,44.65,86.675,0.13796393875,0.22351559475,0.228030037,32.925,5.275,42.85,0.007255139,987.6405,68173.375,0.08780328,0.0402583195,0.0475449605,0.7756622925,0.2243377075,0.041966919,0.0234406795
1400000US11001009504,40.32,78.14,0.1575677164,0.170757657,0.2394905424,30.9,8.84,40.46,0.007255139,984.6298,62436.946,0.111723411,0.0517829444,0.0599404662,0.6685255564,0.3314744436,0.0380817394,0.0377310682
1400000US11001009505,43.75,86.5,0.15705779,0.31635161075,0.24792879025,30.225,4.35,42.9,,748.748,62124.815,0.07193136225,0.02913397675,0.04279738525,0.73951298725,0.26048701275,0.04798064125,0.02267669975
1400000US11001009507,46.1666666667,95.3333333333,0.099584881,0.154016459,0.268473977667,23.3333333333,3.86666666667,46.0666666667,,780.164,56441.4633333,0.0855924983333,0.028085254,0.0575072436667,0.733039499667,0.266960500333,0.0308131696667,0.0205233305
1400000US11001009508,45.55,93.1666666667,0.0919324696667,0.225501199833,0.261085649333,25.4666666667,4.03333333333,45.15,,914.118333333,61390.5733333,0.0790710816667,0.0326152043333,0.0464558768333,0.7702218565,0.2297781435,0.036870186,0.0218412588
1400000US11001009509,41.3,84.525,0.0854954535,0.1551671825,0.2517451775,27.75,8.3,40.875,,999.09425,60910.0625,0.085016827,0.0392130755,0.04580375125,0.6538595615,0.3461404385,0.031155141,0.03615888625
1400000US11001009601,37.04,78.18,0.0211267605,0.30020840175,0.35521294375,13.125,7.825,49.125,,557.96125,35620.5075,0.25710952675,0.1103600165,0.14674951025,0.32242499775,0.67757500225,0.02448496425,0.17114757
1400000US11001009602,36.75,81.5,0.0171004338,0.3037529324,0.3509021214,11.88,7.92,46.58,,673.3496,38270.448,0.2439665534,0.1042953034,0.1396712502,0.4010303318,0.5989696682,0.0333467386,0.1665166808
1400000US11001009603,37.72,97.54,0.0171004338,0.330012928,0.3673378426,9.22,6.7,46.5,,705.2892,37303.098,0.2350704754,0.0955428992,0.1395275764,0.3759606042,0.6240393958,0.0326748396,0.1533655814
1400000US11001009604,36.3333333333,79.8166666667,0.0196504618,0.3954514564,0.3850373586,10.22,5.06,54.62,,737.94875,37358.336,0.2041576848,0.088494288,0.115663397,0.3192464766,0.6807535234,0.0275119505,0.180826973
1400000US11001009700,25.6166666667,98.1,0.0247969421667,0.408977980667,0.378503539333,4.95,12.1666666667,45.6333333333,,570.505833333,30644.3433333,0.380670419167,0.157595422833,0.223074996667,0.256116332333,0.743883667667,0.038871942,0.298220597167
1400000US11001009801,26.85,97.9333333333,0.019668737,0.4042043855,0.369563086,5.93333333333,12.6333333333,43.3,,591.668,30806.2233333,0.365853571167,0.152943872833,0.2129096985,0.253745520667,0.746254479333,0.0385369798333,0.277957409
1400000US11001009802,25.375,98.25,0.0295031055,0.46267430475,0.36857820575,4.25,12.7,44.85,,538.6535,31211.14,0.3780520155,0.163904711,0.21414730475,0.2500912825,0.7499087175,0.034202864,0.310450678
1400000US11001009803,29.7166666667,97.1833333333,0.0180505415,0.384927736833,0.363070099167,8.11666666667,10.9833333333,43.3166666667,,630.065333333,31659.255,0.331393112667,0.1371641795,0.194228933167,0.268154759167,0.731845240833,0.0362018891667,0.229825649333
1400000US11001009804,29.025,97.125,0.0,0.373970122,0.3562199865,8.175,11.8,42.6,,627.33825,31046.8625,0.347031226,0.13912648275,0.207904743,0.26565316025,0.73434683975,0.0427345425,0.2423721765
1400000US11001009807,28.2333333333,83.8333333333,0.03394841,0.382507468,0.3164009486,13.7,17.0666666667,36.1833333333,,816.0306,41328.794,0.341367527,0.171112728333,0.170254798667,0.2044803946,0.7955196054,0.0226593156,0.168590697
1400000US11001009810,30.5,97.3666666667,0.036101083,0.414927113,0.380361300667,7.16666666667,10.9333333333,41.7666666667,,679.371,33139.95,0.298220088667,0.131098864333,0.167121224667,0.207035276667,0.792964723333,0.0227073013333,0.209597640333
1400000US11001009811,28.3666666667,98.0333333333,0.0,0.4066855,0.367642182,5.56666666667,12.0,39.4666666667,,686.788666667,34453.3133333,0.305641257333,0.129273491667,0.176367766,0.205631893333,0.794368106667,0.0267839993333,0.256321268667
1400000US11001009901,38.6,95.85,0.0845809781667,0.304334304333,0.346511530667,14.7166666667,6.13333333333,41.7166666667,0.0240748243333,742.8575,47578.8783333,0.175311405,0.0674619893333,0.107849415833,0.450583938833,0.549416061167,0.0310576246667,0.129256982667
1400000US11001009902,41.62,94.62,0.1109985558,0.2400091698,0.3132158062,21.84,5.6,42.6,0.0085649265,758.9582,53553.808,0.1400731684,0.0519518634,0.088121305,0.613266735,0.386733265,0.0357954254,0.084793723
1400000US11001009903,33.46,98.1,0.037036809,0.3708962688,0.3471289302,7.02,8.78,50.5,,502.3942,30647.094,0.3676527148,0.1576597086,0.209993006,0.3368391238,0.6631608762,0.0320570328,0.1792109158
1400000US11001009904,33.6857142857,98.0428571429,0.0358043501429,0.417805265714,0.351614053143,7.64285714286,9.27142857143,49.3285714286,0.006952491,552.211,31980.9271429,0.345709605286,0.146479817714,0.199229787429,0.353623547857,0.646376452143,0.0380262242857,0.185869464429
1400000US11001009905,34.35,97.975,0.0429171135,0.42188862525,0.35433658625,7.575,8.2,45.875,0.006952491,583.48675,34445.6825,0.317827996,0.1377433325,0.1800846635,0.3663405635,0.6336594365,0.0317009375,0.158790946
1400000US11001009906,34.3,97.6428571429,0.0204894402857,0.392610565571,0.355842489857,8.75714285714,9.17142857143,48.3857142857,,610.368,33087.9671429,0.319261444,0.128300056571,0.190961387286,0.301121779571,0.698878220429,0.0338758215714,0.187447738571
1400000US11001009907,35.85,96.7166666667,0.0570028848333,0.383254980167,0.356160549333,12.8833333333,8.08333333333,44.9666666667,0.0069484675,692.461,45394.5933333,0.24080716,0.093312969,0.147494191,0.472725503167,0.527274496833,0.0402625868333,0.147465371
1400000US11001010100,36.6,25.9111111111,0.535458201,0.2009010605,0.113434210875,55.0,3.075,26.3375,0.0449553,1007.93,52331.0375,0.180071101125,0.085872898375,0.107655088714,0.21615448875,0.78384551125,0.00759546766667,0.0296192938571
1400000US11001010200,38.94,52.02,0.53796330075,0.22059597375,0.16232082275,47.8,11.45,26.175,,691.588333333,53110.0575,0.2339114885,0.11538692775,0.158032748,0.351660401,0.648339599,0.0125,0.176337624667
1400000US11001010300,38.2333333333,61.3666666667,0.273684851667,0.0915625116667,0.106256042667,52.4,2.36666666667,24.1666666667,0.006716418,948.152333333,80558.0433333,0.0841089066667,0.051879934,0.049522284,0.458402092667,0.541597907333,0.0281257705,0.038683683
1400000US11001010400,29.4555555556,88.2,0.0243050577778,0.325227690444,0.340950446444,9.96666666667,11.9444444444,46.5,,680.843625,33347.7575,0.394574731,0.211973997778,0.205425824875,0.211167884125,0.788832115875,0.025957332,0.249057574375
1400000US11001010500,33.925,51.45,0.472839956333,0.245455000667,0.167143974667,45.7,11.2333333333,27.2666666667,,715.586666667,50720.2633333,0.258061880333,0.11300963,0.145052250667,0.198373016,0.801626984,0.009107143,0.166951659667
1400000US11001010600,36.25,82.36,0.06411803075,0.337107414875,0.287320751,17.0777777778,13.5444444444,43.0111111111,0.0224929975,714.859444444,46330.8922222,0.264219357667,0.141728859667,0.13780181025,0.459247687556,0.540752312444,0.035420851875,0.169087562444
1400000US11001010700,33.5666666667,5.3,0.5882284892,0.011621223,0.0413156412,80.98,10.56,19.1,,1129.9288,59172.82,0.1864991288,0.0903894742,0.12013706825,0.2912762716,0.7087237284,0.003791983,0.0066565755
1400000US11001010800,31.46,13.68,0.31457462025,0.002359815,0.0568509945,77.5,13.2,27.175,,1097.5965,49294.32,0.2647344615,0.11566682625,0.14906763525,0.23972406,0.76027594,,0.0033433895
1400000US11001010900,26.75,77.35,0.050922615,0.385507431,0.313751691333,17.0666666667,20.975,31.225,,922.408666667,45773.9833333,0.35352663275,0.18565231975,0.167874313,0.173666368667,0.826333631333,0.018793473,0.136282707333
1400000US11001011000,37.0,54.5714285714,0.338731978833,0.240002347667,0.139735293714,45.5285714286,7.35714285714,31.8714285714,,747.1772,55499.5442857,0.235124002,0.101283915167,0.1606081042,0.280464080286,0.719535919714,0.00938576566667,0.1692011738
1400000US11001011100,37.7909090909,86.7545454545,0.0745828884,0.4023898384,0.3316805438,14.13,6.6,51.16,,650.863888889,40886.091,0.226287201,0.0961511336,0.1301360675,0.3919171669,0.6080828331,0.0339196593333,0.139489542333
