OBJECTID,GEO.id,acs_10kl,acs_1015,acs_1519,acs_2025,acs_2530,acs_3035,acs_3540,acs_4050,acs_5059,acs_6069,acs_7079,acs_8089,acs_9099,acs_1124,acs_12549,acs_15074,acs_17599,acs_20049,acs_25099,acs_30099,acs_40099,acs_500749,acs_750999,acs_1000
33,1400000US11001000100,0,0,0,0,0,0,0,0,0,0,0,0,0,17,0,0,0,32,31,130,28,116,124,818
77,1400000US11001000202,0,0,0,0,0,0,0,0,0,0,0,0,0,0,0,0,0,0,0,66,22,269,180,605
78,1400000US11001000300,0,19,0,0,0,0,0,0,0,0,0,0,11,22,0,0,0,14,16,134,47,312,544,245
35,1400000US11001000400,0,0,0,0,0,0,0,0,0,0,0,0,0,0,0,0,0,0,0,28,25,37,90,184
79,1400000US11001000501,0,0,0,0,0,0,0,0,0,0,0,0,0,0,0,0,0,29,13,0,58,143,58,86
80,1400000US11001000502,0,0,0,0,0,0,0,0,0,0,0,0,0,0,0,0,0,13,0,105,50,159,120,374
81,1400000US11001000600,0,0,0,0,0,0,0,0,0,0,0,0,0,0,0,0,0,48,78,196,43,120,182,717
82,1400000US11001000701,0,0,0,0,0,0,0,0,0,0,0,0,0,0,18,43,76,156,190,511,152,384,152,235
36,1400000US11001000702,0,0,0,0,0,11,0,0,0,32,0,0,0,0,0,0,18,54,140,255,125,0,10,0
179,1400000US11001000801,0,0,0,0,0,0,0,0,0,0,0,0,0,0,0,0,36,73,59,288,44,510,317,525
83,1400000US11001000802,0,0,0,0,0,0,0,0,0,0,0,0,0,0,0,0,11,10,46,50,21,256,307,140
84,1400000US11001000901,0,0,0,0,0,0,0,0,8,0,0,9,0,0,0,0,0,0,11,0,0,117,157,919
85,1400000US11001000902,0,0,0,0,0,0,0,0,11,0,0,0,11,11,0,0,0,0,0,25,52,120,218,281
86,1400000US11001001001,0,0,0,0,0,0,0,0,14,0,0,0,20,0,0,0,0,16,17,39,83,489,1248,298
37,1400000US11001001002,0,0,0,0,0,0,0,0,0,0,0,0,0,0,0,0,0,31,12,185,306,196,51,0
87,1400000US11001001100,0,0,0,0,0,0,0,0,0,0,0,0,20,13,0,0,15,19,72,184,30,353,378,432
88,1400000US11001001200,0,0,0,0,0,0,0,0,0,0,0,0,0,0,0,0,0,0,19,209,85,347,401,198
89,1400000US11001001301,0,0,0,0,0,0,0,0,0,0,0,0,0,0,14,0,0,0,0,15,46,58,85,352
90,1400000US11001001302,0,0,0,0,0,0,0,0,0,0,0,0,0,13,0,30,13,154,101,408,278,386,32,146
38,1400000US11001001401,0,0,0,0,0,0,0,0,0,0,0,0,0,0,0,0,0,10,0,10,0,146,311,283
91,1400000US11001001402,0,0,0,0,0,0,0,0,0,0,0,10,0,29,0,0,0,21,23,43,21,353,358,59
92,1400000US11001001500,0,0,0,0,0,0,0,0,0,0,0,0,0,20,0,0,18,0,31,61,13,472,938,436
93,1400000US11001001600,0,0,0,0,0,0,0,0,12,0,0,18,0,0,0,12,0,31,0,26,80,656,559,102
39,1400000US11001001702,0,0,0,0,0,0,0,0,0,0,0,0,0,6,0,0,10,96,31,178,179,147,33,33
94,1400000US11001001803,0,0,0,0,0,0,0,0,0,0,0,0,0,14,0,23,36,0,21,49,64,88,29,28
95,1400000US11001001804,0,0,0,0,0,0,0,0,0,0,0,0,0,0,11,0,0,57,15,73,118,174,11,0
96,1400000US11001001901,0,0,0,0,0,0,0,0,0,0,0,0,0,10,41,23,10,10,65,489,435,204,12,0
177,1400000US11001001902,0,0,0,0,0,0,0,19,8,0,0,0,0,37,0,0,0,31,0,166,269,118,0,0
97,1400000US11001002001,6,0,0,0,0,0,0,8,0,0,0,0,0,0,0,0,0,13,0,21,28,205,85,40
98,1400000US11001002002,0,0,0,0,0,0,0,5,0,0,0,0,0,0,0,11,10,0,62,76,142,295,261,20
99,1400000US11001002101,0,0,0,0,0,10,47,0,0,0,0,8,22,11,0,0,35,88,79,325,170,105,10,0
100,1400000US11001002102,0,0,0,0,0,0,10,0,0,0,0,0,0,0,0,0,0,45,58,500,360,100,0,0
40,1400000US11001002201,0,0,0,0,0,0,0,0,0,0,0,0,0,10,16,3,1,84,29,250,298,160,27,0
101,1400000US11001002202,0,0,0,7,0,0,0,0,0,0,0,8,0,8,9,16,19,50,83,193,71,63,31,0
102,1400000US11001002301,5,0,0,0,0,24,0,0,0,0,0,0,0,0,0,9,9,10,86,276,199,137,0,0
103,1400000US11001002302,0,0,0,0,0,0,0,0,0,0,0,0,0,13,12,0,10,10,22,63,50,0,0,0
104,1400000US11001002400,0,0,0,0,0,0,0,0,0,0,19,0,0,0,0,0,51,31,47,281,264,208,0,10
41,1400000US11001002501,0,0,0,0,0,0,0,0,0,0,0,0,0,0,0,0,0,0,33,9,94,318,38,6
105,1400000US11001002502,0,0,0,0,0,0,0,0,0,0,0,0,0,8,0,10,10,13,42,130,175,264,0,5
106,1400000US11001002600,0,0,0,0,0,0,0,0,0,0,10,12,0,0,0,10,0,0,11,13,0,150,319,204
107,1400000US11001002701,0,0,0,0,0,0,0,0,0,0,0,0,0,0,0,0,34,31,78,67,64,177,142,45
108,1400000US11001002702,0,24,0,0,0,0,0,0,0,0,0,0,0,0,0,0,0,0,87,58,63,198,447,48
42,1400000US11001002801,0,0,0,0,0,0,0,0,0,0,0,0,0,0,0,0,0,38,20,58,61,131,11,8
109,1400000US11001002802,0,0,0,0,0,0,0,0,0,0,0,0,0,0,0,0,0,33,49,52,32,51,10,0
43,1400000US11001002900,6,0,0,0,0,0,0,0,0,8,0,0,0,0,0,0,14,0,15,140,101,202,66,26
110,1400000US11001003000,0,0,0,0,0,0,0,0,0,0,0,0,0,0,0,0,0,0,1,32,43,202,46,42
111,1400000US11001003100,0,0,0,0,0,0,0,0,31,0,24,0,11,12,0,0,0,44,46,126,197,72,29,12
112,1400000US11001003200,0,0,0,0,0,9,0,0,0,0,0,8,0,14,36,0,36,101,58,283,313,80,10,24
44,1400000US11001003301,0,0,0,0,0,0,0,0,0,0,10,0,0,4,0,0,0,34,34,90,182,413,150,0
113,1400000US11001003302,0,0,0,0,0,0,0,0,0,0,0,0,0,0,0,6,0,10,16,129,94,267,7,12
114,1400000US11001003400,0,0,0,0,0,0,0,0,0,0,0,24,0,0,0,0,0,82,58,120,131,147,28,0
115,1400000US11001003500,0,0,0,0,0,0,0,0,0,0,0,0,0,0,5,0,0,36,25,80,95,57,5,0
45,1400000US11001003600,0,0,0,0,0,0,0,0,0,0,0,0,0,9,0,0,0,14,37,95,108,203,110,0
116,1400000US11001003700,0,0,0,0,0,0,0,0,0,0,0,0,0,0,0,0,13,10,99,62,146,76,20,0
117,1400000US11001003800,0,0,0,0,0,0,0,0,0,0,0,0,0,0,0,0,0,0,50,139,25,370,58,99
118,1400000US11001003900,0,0,0,0,0,0,0,29,0,0,0,0,0,0,19,59,46,26,50,231,178,66,90,21
119,1400000US11001004001,0,0,0,0,0,0,0,0,0,0,0,0,0,0,0,8,0,30,42,223,197,340,99,237
46,1400000US11001004002,0,0,0,0,0,0,0,0,0,0,0,0,0,9,0,0,0,12,9,80,103,252,28,89
120,1400000US11001004100,0,0,0,0,0,0,0,0,0,0,9,12,0,0,0,0,0,23,11,82,60,100,51,365
121,1400000US11001004201,0,0,0,0,0,0,0,0,0,0,0,0,0,0,0,31,0,32,38,196,163,224,56,63
47,1400000US11001004202,0,0,0,0,0,0,0,0,0,0,0,0,0,0,19,0,0,10,13,100,144,127,98,138
122,1400000US11001004300,0,0,0,0,0,0,0,0,0,0,0,0,0,0,0,0,0,36,58,26,15,66,95,86
123,1400000US11001004400,0,0,0,0,0,0,0,0,0,0,0,0,0,0,0,0,15,42,0,135,195,421,265,118
124,1400000US11001004600,0,0,0,0,0,13,0,14,0,0,0,0,11,0,0,0,0,6,0,109,199,242,0,0
125,1400000US11001004701,0,0,0,0,0,0,0,0,0,0,0,0,0,0,0,0,0,0,0,23,96,57,11,0
48,1400000US11001004702,0,0,0,0,0,0,0,0,0,0,0,0,0,0,0,0,0,17,0,102,56,84,0,15
126,1400000US11001004801,8,0,0,0,0,0,0,0,0,0,0,0,0,0,0,0,0,23,0,56,116,252,47,8
127,1400000US11001004802,0,0,0,0,0,0,0,0,0,0,0,0,0,0,0,0,0,10,10,9,57,58,11,21
49,1400000US11001004901,0,0,0,0,0,0,0,0,0,0,0,0,0,0,0,0,0,52,0,13,0,52,71,74
128,1400000US11001004902,0,0,0,0,0,0,0,0,0,0,0,0,0,19,0,0,16,0,0,34,99,133,90,41
129,1400000US11001005001,0,0,0,0,0,0,0,0,0,0,0,0,0,44,0,0,0,0,0,40,73,124,83,98
130,1400000US11001005002,0,0,0,0,0,0,0,0,0,0,0,0,0,0,0,0,0,52,49,283,186,281,137,59
131,1400000US11001005201,0,0,0,0,0,0,0,0,0,32,0,0,0,0,0,0,16,61,99,183,261,401,94,93
132,1400000US11001005301,0,0,0,0,17,0,0,0,0,0,0,0,0,0,11,0,25,54,161,339,263,288,98,170
133,1400000US11001005500,0,0,0,0,0,0,0,0,0,0,0,0,0,0,0,11,0,31,65,236,247,502,168,172
50,1400000US11001005600,0,0,0,21,13,0,0,0,0,0,0,0,0,12,0,0,0,155,75,429,104,225,112,145
134,1400000US11001005800,0,0,0,0,0,0,0,0,0,0,0,0,0,0,0,0,0,45,21,103,204,204,48,23
135,1400000US11001005900,0,0,0,0,0,0,0,0,0,0,0,0,0,0,0,0,0,0,0,0,97,37,5,0
51,1400000US11001006400,0,0,0,0,0,0,0,0,0,0,0,0,0,21,0,0,0,0,0,146,39,26,8,0
137,1400000US11001006500,0,0,0,0,0,0,0,0,0,0,0,0,0,0,0,0,0,61,12,79,23,228,298,62
138,1400000US11001006600,0,0,0,0,0,0,0,0,0,0,0,0,0,0,0,7,19,0,23,25,31,105,96,146
139,1400000US11001006700,0,0,0,0,0,0,0,0,0,0,0,0,0,0,0,0,0,8,0,81,82,377,403,196
52,1400000US11001006801,0,0,0,0,0,0,0,0,0,0,0,0,0,0,0,0,0,10,26,59,150,80,18,8
140,1400000US11001006802,0,0,0,0,0,0,0,0,0,0,0,0,0,0,0,0,0,25,53,60,198,194,23,19
142,1400000US11001006900,0,0,0,0,0,0,0,0,0,0,0,0,0,0,0,19,0,0,7,98,67,386,85,0
143,1400000US11001007000,0,0,0,0,0,0,0,0,0,0,0,0,0,26,0,0,0,62,0,53,94,266,66,21
53,1400000US11001007100,0,0,0,0,0,0,0,0,0,0,0,0,0,0,9,0,35,27,7,88,104,168,11,11
144,1400000US11001007200,0,0,0,0,0,0,0,0,0,0,0,0,0,0,0,0,0,32,32,60,19,58,0,0
145,1400000US11001007301,0,0,0,0,0,0,0,0,0,0,0,0,0,0,0,0,0,0,0,0,0,15,0,0
146,1400000US11001007304,0,0,0,0,0,0,0,0,0,0,0,0,0,25,0,40,45,62,99,96,47,27,0,15
147,1400000US11001007401,0,0,0,0,0,0,0,0,0,0,0,0,0,19,0,0,0,14,13,11,0,7,0,0
54,1400000US11001007403,0,0,0,0,0,0,0,0,0,0,0,0,0,13,0,12,0,21,16,0,13,0,0,0
148,1400000US11001007404,0,0,0,0,0,0,0,0,0,0,0,9,0,0,0,0,14,20,47,17,25,9,0,24
149,1400000US11001007406,0,0,0,0,0,0,0,0,0,0,0,0,0,0,0,0,0,17,11,34,0,9,0,0
1,1400000US11001007407,0,0,0,0,0,0,0,0,0,0,0,0,0,37,39,70,17,51,102,79,0,12,0,0
55,1400000US11001007408,0,0,0,0,0,0,0,0,0,0,0,0,0,0,0,6,0,0,0,6,0,0,30,0
2,1400000US11001007409,0,0,0,0,13,0,0,0,0,0,0,0,0,0,0,3,38,71,28,188,0,0,0,11
3,1400000US11001007502,0,0,0,0,0,0,0,22,0,0,0,0,0,0,0,9,78,25,57,166,49,0,0,24
4,1400000US11001007503,0,0,0,0,0,0,0,8,0,0,0,0,0,12,0,12,0,65,61,51,13,0,0,0
5,1400000US11001007504,0,0,0,0,0,0,0,0,0,0,0,0,0,33,18,8,28,72,10,50,0,0,0,0
56,1400000US11001007601,0,0,0,18,0,0,0,0,0,0,13,9,0,47,0,0,42,212,172,289,48,28,35,0
6,1400000US11001007603,0,0,0,0,0,0,0,0,0,16,16,20,10,107,27,39,183,167,27,127,201,101,0,66
7,1400000US11001007604,0,0,0,0,0,8,0,9,0,0,0,0,0,0,0,47,20,115,14,84,226,75,0,10
8,1400000US11001007605,0,0,0,0,0,0,0,21,0,12,0,0,0,8,0,8,9,57,101,57,9,14,7,0
57,1400000US11001007703,0,0,0,0,10,0,0,9,0,0,13,18,27,21,49,0,35,215,80,86,0,36,0,17
9,1400000US11001007707,0,0,0,9,0,0,0,9,0,7,0,0,2,15,9,58,82,249,98,168,114,0,5,20
10,1400000US11001007708,0,0,0,0,0,0,0,0,0,0,0,0,7,28,0,26,40,63,90,0,0,0,28,0
11,1400000US11001007709,0,0,0,10,0,0,0,0,0,0,0,0,46,17,0,22,14,58,65,26,13,32,0,0
12,1400000US11001007803,0,0,0,0,9,0,0,0,0,0,10,0,6,44,29,55,33,99,141,94,33,9,0,10
13,1400000US11001007804,0,0,0,0,0,0,0,0,0,0,0,0,8,19,8,21,157,57,91,69,0,55,0,0
58,1400000US11001007806,0,0,0,0,0,10,0,12,0,0,0,0,0,0,9,12,46,69,110,49,13,11,0,0
14,1400000US11001007807,0,0,0,0,0,0,0,0,0,0,11,0,0,39,27,12,31,47,59,27,48,0,0,0
15,1400000US11001007808,0,11,0,0,11,0,0,0,0,0,0,0,8,11,33,0,21,131,83,38,0,11,0,0
16,1400000US11001007809,0,0,0,0,0,0,0,9,0,0,0,28,80,13,0,45,78,97,86,87,27,0,0,0
59,1400000US11001007901,0,0,0,0,0,0,0,0,0,0,0,0,0,0,8,0,37,46,48,151,88,169,0,0
17,1400000US11001007903,0,0,0,0,0,0,0,0,0,0,0,0,0,26,0,0,22,75,144,162,34,24,0,15
18,1400000US11001008001,0,0,0,0,0,0,0,0,8,0,0,0,0,0,20,8,0,14,4,126,318,309,72,10
19,1400000US11001008002,0,0,0,0,0,0,0,0,0,35,0,0,0,0,0,0,0,31,43,207,191,270,168,7
178,1400000US11001008100,0,0,0,0,0,0,0,0,0,0,0,0,0,0,0,17,0,13,52,31,59,343,146,81
20,1400000US11001008200,0,0,0,0,0,0,0,0,0,0,0,0,0,9,0,0,19,17,9,55,41,124,151,170
21,1400000US11001008301,0,0,0,0,0,0,0,0,0,0,0,0,0,0,15,0,0,23,13,52,116,309,204,47
60,1400000US11001008302,0,0,0,0,0,0,0,0,0,0,0,0,0,0,0,0,0,7,20,30,83,319,136,27
22,1400000US11001008402,0,0,0,0,0,0,0,0,0,0,0,0,0,6,0,0,0,8,0,24,84,170,23,8
23,1400000US11001008410,0,0,0,0,0,0,0,0,0,0,0,0,0,0,0,31,15,12,45,139,87,85,12,0
24,1400000US11001008701,0,0,0,0,0,0,0,0,0,0,0,17,0,0,0,8,0,35,24,223,180,65,0,0
61,1400000US11001008702,0,0,0,0,0,0,0,0,0,0,0,0,0,0,0,12,0,37,21,163,104,11,0,0
25,1400000US11001008802,8,0,0,0,0,0,11,0,0,0,0,10,7,7,9,12,9,98,99,356,168,71,0,0
26,1400000US11001008803,0,0,0,0,0,0,0,0,0,0,0,0,0,0,0,0,0,39,0,27,0,0,17,0
27,1400000US11001008804,0,0,0,0,0,0,0,0,0,0,0,0,0,20,8,0,31,83,94,39,22,8,0,0
28,1400000US11001008903,0,0,0,0,0,0,0,0,0,0,0,0,0,19,0,0,11,112,40,33,8,0,0,0
62,1400000US11001008904,0,0,0,0,0,0,0,0,0,0,0,0,8,0,0,0,0,18,52,53,20,0,0,0
29,1400000US11001009000,0,0,0,0,8,0,0,0,0,0,0,8,7,0,7,0,0,98,116,206,101,55,10,0
30,1400000US11001009102,0,0,0,1,15,0,0,0,0,5,0,29,0,0,7,0,13,94,160,252,47,12,0,0
31,1400000US11001009201,0,0,0,0,0,0,0,0,0,11,0,0,0,0,0,22,10,12,78,51,7,0,0,19
63,1400000US11001009203,0,0,0,0,0,0,0,0,0,0,0,0,0,9,23,15,8,138,117,159,123,32,0,0
32,1400000US11001009204,0,0,0,24,0,0,0,0,0,0,0,0,0,11,0,3,14,18,13,30,0,22,0,0
150,1400000US11001009301,0,0,0,0,0,0,0,10,19,0,0,0,0,11,0,12,25,42,26,310,199,244,46,0
64,1400000US11001009302,0,0,0,0,0,0,0,5,0,0,0,0,0,7,9,0,0,9,16,99,51,92,0,0
151,1400000US11001009400,0,0,0,0,12,0,0,8,0,0,0,8,0,11,0,31,10,38,56,449,398,164,0,36
152,1400000US11001009501,14,0,0,0,0,0,0,0,0,0,0,0,0,13,0,29,12,23,103,140,0,18,0,0
153,1400000US11001009503,0,0,0,0,0,0,0,0,0,0,0,0,0,9,10,0,14,39,102,438,309,148,0,0
65,1400000US11001009504,9,0,0,0,0,0,0,0,0,0,0,0,0,39,16,11,11,40,47,240,157,9,0,0
154,1400000US11001009505,10,0,0,9,0,0,0,0,0,0,0,0,0,0,0,33,37,45,163,347,124,206,0,0
155,1400000US11001009507,0,0,0,0,0,0,0,0,0,0,0,0,0,5,13,0,0,77,100,216,107,0,0,0
156,1400000US11001009508,8,0,0,0,9,11,0,0,0,0,0,0,0,0,0,0,11,123,132,420,105,10,0,0
66,1400000US11001009509,0,0,0,0,0,0,0,8,0,0,12,0,0,11,0,0,33,126,256,506,158,10,0,0
157,1400000US11001009601,0,0,0,0,0,0,0,0,0,0,8,0,0,0,0,5,0,87,30,113,65,0,0,0
67,1400000US11001009602,0,0,0,0,0,0,0,0,0,0,0,0,0,0,0,0,41,57,8,14,0,0,0,0
68,1400000US11001009603,0,0,0,0,0,0,0,0,0,0,0,31,0,21,11,60,76,80,125,69,34,12,0,0
69,1400000US11001009604,10,0,0,0,28,11,0,0,0,0,0,9,0,47,59,14,109,141,202,40,26,0,0,11
70,1400000US11001009700,0,0,0,6,0,0,0,0,0,0,0,10,0,0,39,7,0,59,62,115,0,10,0,0
158,1400000US11001009801,0,0,0,0,0,0,0,0,0,0,0,0,0,0,0,0,12,12,59,15,12,0,0,0
71,1400000US11001009802,0,0,0,0,0,0,0,0,0,0,0,0,0,0,11,14,10,0,47,14,0,0,0,0
159,1400000US11001009803,22,0,0,0,0,0,0,0,8,0,0,0,0,0,12,0,0,52,15,54,23,0,0,0
160,1400000US11001009804,0,0,0,0,0,0,0,0,0,7,0,0,0,24,7,17,8,116,26,49,8,5,0,10
72,1400000US11001009807,0,0,0,0,0,0,0,12,0,0,0,23,8,37,58,28,19,146,187,157,10,12,0,0
161,1400000US11001009810,0,0,0,0,0,0,0,0,0,0,0,0,0,0,0,17,19,8,0,0,0,0,0,0
162,1400000US11001009811,0,0,0,0,13,0,0,0,15,0,0,0,0,0,0,0,0,51,0,30,0,15,0,0
163,1400000US11001009901,0,0,0,0,8,0,0,15,0,0,0,0,0,31,0,29,0,118,32,128,335,120,11,0
164,1400000US11001009902,0,0,0,0,8,0,0,8,0,0,0,0,11,10,7,112,39,183,206,201,33,28,0,29
165,1400000US11001009903,0,0,0,0,8,0,0,0,0,0,0,0,0,0,9,0,22,70,97,87,14,0,0,0
73,1400000US11001009904,0,0,0,0,0,0,0,0,10,0,0,0,0,0,0,28,0,45,44,0,0,0,0,0
166,1400000US11001009905,0,0,0,0,0,9,0,0,0,0,0,8,0,18,57,17,15,58,92,89,8,0,0,26
74,1400000US11001009906,0,0,15,0,0,0,0,13,0,0,0,0,41,12,0,85,78,67,12,0,0,0,0,0
167,1400000US11001009907,0,0,0,0,0,0,0,0,0,0,0,0,0,8,0,29,46,106,28,7,0,0,0,0
168,1400000US11001010100,0,0,0,0,8,0,0,0,0,0,0,0,0,0,8,0,0,74,0,154,41,52,24,0
169,1400000US11001010200,0,0,0,0,0,0,0,0,23,40,12,0,0,23,25,0,12,58,21,57,30,120,49,7
170,1400000US11001010300,0,0,0,0,0,0,0,0,0,0,29,0,0,0,0,46,34,59,52,157,94,135,0,0
171,1400000US11001010400,12,0,0,0,0,0,0,8,0,0,0,0,11,5,40,30,7,93,63,83,11,8,19,0
75,1400000US11001010500,0,0,0,0,0,0,0,0,0,0,0,0,0,0,0,0,3,58,96,148,189,32,0,16
172,1400000US11001010600,13,0,0,0,32,0,0,19,0,0,0,0,0,0,16,7,0,30,151,135,198,227,7,0
173,1400000US11001010700,0,0,0,0,0,0,0,0,0,0,0,0,0,0,0,0,0,0,20,64,40,70,18,8
76,1400000US11001010800,0,0,0,0,0,0,0,0,0,0,0,0,0,0,0,0,9,17,23,8,0,18,0,0
174,1400000US11001010900,0,0,0,0,0,0,0,0,0,0,0,0,0,17,51,0,0,29,0,12,0,0,0,0
175,1400000US11001011000,0,0,0,0,19,0,0,0,0,0,22,0,0,109,59,51,217,303,335,420,99,190,0,50
176,1400000US11001011100,10,0,0,0,0,0,0,9,11,0,0,14,0,12,11,40,0,73,78,592,162,130,0,10
655,1400000US24031700101,0,0,0,0,0,0,0,0,0,0,0,0,0,0,0,33,0,17,25,17,96,593,429,101
656,1400000US24031700103,0,0,0,0,0,0,0,0,0,0,0,0,0,11,0,0,16,0,20,70,193,494,621,326
657,1400000US24031700104,0,0,0,0,0,0,0,0,0,0,0,0,0,0,27,0,104,64,193,352,334,516,71,0
543,1400000US24031700105,0,0,0,0,0,0,0,0,0,0,0,0,0,0,0,14,0,132,205,693,330,434,51,0
658,1400000US24031700204,0,0,0,0,0,0,0,0,0,0,0,0,0,0,0,10,0,33,98,123,170,137,84,33
659,1400000US24031700205,0,0,0,0,0,13,0,9,0,0,0,0,0,0,0,24,0,15,42,301,360,750,185,10
660,1400000US24031700206,0,0,0,0,0,0,0,0,0,0,0,0,0,0,0,12,13,38,116,302,519,577,160,56
661,1400000US24031700207,0,0,0,0,0,6,0,0,0,0,9,0,0,8,69,4,56,140,113,618,345,104,43,0
662,1400000US24031700208,0,0,0,0,0,0,0,0,0,0,0,0,0,0,0,0,0,45,51,106,125,192,59,36
544,1400000US24031700304,0,0,0,0,0,0,14,11,20,0,0,0,0,0,9,16,36,20,86,521,277,679,89,0
663,1400000US24031700306,0,0,0,0,0,0,16,20,0,0,0,0,0,0,21,12,32,101,273,818,535,311,0,0
625,1400000US24031700308,0,0,0,0,0,18,29,0,0,0,21,0,0,0,0,37,31,149,276,694,234,272,0,20
626,1400000US24031700309,0,0,0,0,0,0,0,0,0,0,0,0,0,0,22,32,29,199,265,502,85,61,0,0
627,1400000US24031700310,0,0,0,0,0,0,0,0,0,0,0,0,12,32,25,98,169,316,346,381,155,30,0,11
628,1400000US24031700311,0,0,11,0,0,0,0,0,0,0,0,0,0,6,0,19,23,13,23,255,292,558,294,32
629,1400000US24031700312,0,0,0,0,0,0,0,0,0,0,0,0,0,19,12,0,25,15,42,194,354,462,42,113
630,1400000US24031700400,0,0,0,0,0,0,0,0,0,0,2,0,0,0,0,9,2,0,24,70,61,244,141,122
631,1400000US24031700500,0,0,0,0,16,0,0,0,0,0,0,0,0,0,0,15,14,78,85,443,358,680,196,55
632,1400000US24031700604,0,0,0,0,0,0,0,0,0,0,0,0,0,10,0,0,0,0,29,82,101,774,641,493
633,1400000US24031700606,0,0,0,0,0,0,0,14,7,0,0,0,0,0,0,0,0,0,48,110,129,918,115,40
545,1400000US24031700607,0,0,0,0,0,0,0,14,13,13,13,0,14,0,12,0,0,0,28,290,330,793,565,96
634,1400000US24031700608,0,0,12,0,0,0,0,0,0,0,0,12,5,9,11,11,30,6,11,49,0,123,289,1218
635,1400000US24031700610,0,0,0,0,0,0,0,0,0,0,0,0,0,0,0,0,6,14,5,74,177,292,57,0
546,1400000US24031700611,0,0,0,0,0,0,0,20,24,0,11,0,13,0,7,26,79,20,0,89,27,832,372,35
636,1400000US24031700613,0,0,0,0,0,0,0,11,7,0,0,0,0,26,0,0,0,31,12,166,356,760,197,66
637,1400000US24031700614,0,0,0,0,0,0,0,0,0,0,0,0,0,29,26,14,89,512,125,319,82,134,0,0
638,1400000US24031700615,0,0,0,0,0,0,0,0,21,0,0,0,0,0,0,0,0,0,27,130,44,595,143,11
639,1400000US24031700616,0,0,0,0,0,0,16,20,0,0,0,0,0,0,0,0,0,42,61,179,196,524,378,17
640,1400000US24031700704,0,0,0,0,0,0,0,0,0,0,0,0,0,0,7,0,0,29,0,308,137,202,0,8
641,1400000US24031700706,0,0,0,0,0,0,0,0,0,0,0,0,0,0,0,0,0,13,79,206,35,46,13,0
547,1400000US24031700710,0,0,0,0,0,7,0,10,0,13,0,0,0,0,0,0,40,37,128,437,536,460,10,10
642,1400000US24031700711,0,0,0,0,0,0,24,9,0,0,0,0,0,0,13,21,52,40,107,322,366,391,22,0
643,1400000US24031700713,0,0,0,0,0,17,0,0,0,0,0,0,0,37,18,11,17,144,215,207,77,11,0,0
644,1400000US24031700715,0,0,0,0,16,12,0,11,0,0,0,0,0,0,0,14,20,110,114,556,445,209,0,0
645,1400000US24031700716,14,0,0,23,0,0,16,0,0,0,0,0,0,22,28,86,153,223,239,702,450,264,0,16
646,1400000US24031700717,0,0,0,0,0,0,20,0,13,0,21,0,0,11,39,29,52,125,152,354,180,262,73,0
548,1400000US24031700718,0,0,0,0,0,0,0,0,0,0,0,0,0,0,0,17,18,0,12,122,210,486,70,0
647,1400000US24031700719,0,0,0,0,0,0,0,0,0,0,0,76,10,58,91,21,89,97,124,323,91,19,0,0
648,1400000US24031700720,0,0,0,0,0,0,0,0,0,0,0,0,0,33,0,16,0,13,0,76,230,285,0,0
649,1400000US24031700721,0,0,0,0,0,0,0,0,0,5,0,0,30,0,42,7,211,160,78,89,0,0,0,0
650,1400000US24031700722,0,0,0,0,0,0,21,0,0,0,0,0,0,21,17,51,34,90,292,255,53,36,30,0
549,1400000US24031700723,0,0,0,0,0,0,0,0,0,0,16,0,0,0,0,18,19,11,52,21,20,27,0,0
651,1400000US24031700724,0,0,0,0,0,0,0,0,0,0,0,0,0,0,50,0,0,0,37,0,7,0,0,0
652,1400000US24031700810,0,0,0,0,0,0,0,0,0,0,0,0,0,14,20,15,0,136,191,526,249,319,0,0
653,1400000US24031700811,0,0,0,0,6,0,0,0,0,0,0,0,0,0,12,25,23,151,190,575,107,33,13,0
654,1400000US24031700812,0,0,0,0,0,0,0,0,0,0,0,0,20,66,8,125,45,127,193,189,288,312,0,0
664,1400000US24031700813,0,0,0,0,0,0,0,0,12,0,0,0,13,36,49,23,161,396,143,508,254,63,0,15
550,1400000US24031700815,0,0,0,0,0,9,0,0,0,0,0,0,0,12,0,197,32,250,371,657,213,201,0,27
665,1400000US24031700816,0,0,0,0,0,28,12,0,18,0,0,0,0,14,15,0,27,199,154,776,107,115,0,0
666,1400000US24031700817,0,0,0,0,0,0,0,0,0,0,0,0,0,0,0,0,19,91,42,383,195,229,0,0
667,1400000US24031700818,0,0,0,0,0,0,0,0,0,0,0,0,0,0,0,10,6,114,102,286,71,0,0,0
668,1400000US24031700819,0,0,0,0,0,0,20,0,0,0,0,47,0,0,0,34,63,321,326,889,51,127,26,0
551,1400000US24031700820,0,0,0,0,0,0,0,0,0,0,0,0,0,5,0,0,0,0,43,165,85,169,0,0
669,1400000US24031700822,0,0,0,0,0,0,0,0,0,7,24,0,0,21,31,106,84,162,26,59,0,0,0,0
670,1400000US24031700823,0,0,0,0,0,0,0,0,0,0,0,0,0,0,0,0,13,16,16,342,300,245,0,0
552,1400000US24031700824,0,0,0,0,0,19,0,0,0,0,0,0,0,0,0,0,0,18,19,155,88,387,250,82
570,1400000US24031700826,0,0,0,0,0,0,0,15,0,0,0,0,0,0,0,0,0,10,10,175,362,629,338,86
571,1400000US24031700828,0,0,0,0,0,20,0,0,3,0,31,19,0,0,0,0,0,51,44,36,0,447,66,75
572,1400000US24031700829,0,0,0,0,0,0,0,0,0,0,0,0,0,0,0,0,0,0,14,344,241,382,0,0
573,1400000US24031700830,0,0,0,0,0,0,0,0,0,0,0,0,0,0,0,0,0,0,0,37,40,0,0,0
748,1400000US24031700832,0,0,0,0,0,0,0,0,0,0,0,0,0,0,0,0,28,163,172,247,120,24,0,0
749,1400000US24031700833,45,56,19,0,17,0,0,0,0,0,0,0,0,10,11,57,0,60,258,236,182,254,0,0
750,1400000US24031700834,0,0,0,0,0,0,0,0,0,0,0,0,0,0,0,64,102,187,211,601,86,136,15,0
751,1400000US24031700835,0,0,0,0,0,0,0,0,0,0,0,0,7,0,0,23,0,9,18,176,238,716,48,0
574,1400000US24031700901,0,0,0,0,0,0,0,5,0,0,15,0,0,25,0,34,32,119,104,248,109,85,23,0
752,1400000US24031700902,0,0,0,0,0,6,0,0,0,0,0,0,0,10,0,15,0,43,117,267,281,53,47,0
753,1400000US24031700903,0,0,0,0,0,0,0,0,0,0,0,0,0,0,0,0,0,4,21,180,63,28,0,9
754,1400000US24031700904,0,0,0,16,0,0,0,0,0,0,0,0,0,0,0,0,0,36,12,0,59,0,0,0
755,1400000US24031700905,0,0,0,0,0,0,0,0,0,0,0,0,0,0,0,0,0,0,0,11,60,148,7,0
756,1400000US24031701001,0,0,0,0,0,0,10,0,0,7,0,0,0,0,14,0,0,0,15,128,473,661,192,11
575,1400000US24031701002,0,0,0,0,0,0,0,0,12,0,24,0,0,0,0,0,12,0,9,10,0,704,254,133
757,1400000US24031701004,0,0,0,10,0,0,0,0,9,8,0,0,0,0,0,0,22,122,33,204,183,690,59,0
758,1400000US24031701005,0,0,0,0,0,0,0,0,0,0,0,0,0,0,0,9,0,34,25,71,164,398,229,84
759,1400000US24031701006,0,0,0,0,0,0,14,0,10,0,9,0,0,25,13,0,0,13,0,49,318,931,306,66
760,1400000US24031701007,0,0,0,0,0,0,0,0,0,20,0,0,0,20,0,25,0,0,9,77,75,203,200,81
761,1400000US24031701101,0,0,0,0,0,0,0,0,0,0,0,0,0,0,0,26,9,25,140,602,444,131,27,0
576,1400000US24031701102,0,0,0,0,0,11,0,0,0,0,0,0,0,0,0,0,0,87,151,560,553,72,24,2
762,1400000US24031701201,0,0,0,0,0,0,0,13,0,0,0,0,0,0,0,31,30,136,145,400,587,73,0,22
763,1400000US24031701202,0,0,0,0,0,0,0,0,0,0,0,9,0,0,0,0,0,0,3,38,169,558,134,44
764,1400000US24031701205,0,0,0,0,0,0,0,0,0,0,0,11,0,0,0,0,0,0,0,0,49,615,784,385
765,1400000US24031701206,0,0,0,0,0,0,0,0,11,17,0,0,0,14,0,0,12,21,0,22,111,1152,451,128
577,1400000US24031701210,12,0,0,0,0,0,0,0,11,12,0,9,0,0,0,0,0,0,10,0,19,476,701,76
766,1400000US24031701211,0,0,0,0,0,11,0,0,0,0,10,0,0,0,14,11,0,4,57,193,86,699,230,46
767,1400000US24031701212,0,0,0,0,0,0,0,0,0,0,0,0,0,0,0,0,0,31,0,69,279,295,125,25
768,1400000US24031701213,0,0,18,0,0,0,0,0,0,17,0,0,0,0,0,0,0,49,67,674,549,834,100,54
769,1400000US24031701214,0,0,10,0,0,0,0,0,0,0,0,0,0,0,0,10,0,154,119,239,17,80,11,0
578,1400000US24031701215,0,0,11,11,0,0,0,0,0,47,0,0,0,0,22,53,16,146,278,336,159,311,33,21
770,1400000US24031701216,0,0,22,0,0,0,0,11,0,0,0,0,11,0,0,56,25,17,34,254,135,149,111,19
771,1400000US24031701218,0,0,0,0,0,0,0,0,0,0,0,0,0,0,0,0,0,9,0,76,25,33,22,0
772,1400000US24031701219,0,0,0,0,0,0,0,0,0,0,0,0,0,0,0,0,0,0,0,0,0,12,0,0
773,1400000US24031701220,0,16,0,0,0,0,16,0,0,0,0,0,0,16,0,0,0,0,0,12,17,294,449,400
774,1400000US24031701221,0,0,0,0,0,0,0,0,0,0,0,0,0,0,0,0,0,0,28,9,17,188,170,390
775,1400000US24031701303,0,0,0,0,0,0,0,0,0,0,0,0,0,0,0,7,0,26,12,17,69,878,199,0
579,1400000US24031701304,0,0,0,0,0,0,0,23,0,0,0,0,0,3,0,0,0,37,17,152,746,956,0,0
776,1400000US24031701306,0,0,0,0,0,0,0,0,0,0,0,0,0,0,0,0,0,0,8,31,128,600,224,0
777,1400000US24031701307,0,0,0,0,0,0,0,0,0,0,9,0,0,21,0,0,5,23,25,105,160,347,289,80
778,1400000US24031701308,0,0,0,0,0,0,0,0,0,0,0,0,0,26,0,0,0,0,10,10,18,232,447,203
779,1400000US24031701312,0,0,0,0,13,0,0,0,0,0,0,0,0,0,0,19,0,51,42,199,236,1104,123,16
580,1400000US24031701313,0,0,0,0,0,0,0,0,0,0,0,0,0,0,0,22,22,7,34,306,174,472,65,7
780,1400000US24031701314,8,0,0,0,0,0,0,0,0,0,0,0,0,0,0,47,0,67,19,264,170,273,0,0
781,1400000US24031701315,0,0,0,0,0,0,0,0,0,0,0,0,0,0,9,0,20,103,154,322,294,273,95,57
782,1400000US24031701316,0,0,0,0,0,0,0,0,0,0,0,0,0,5,0,0,0,0,19,116,182,522,565,201
783,1400000US24031701317,0,0,0,0,0,0,0,0,0,0,0,0,0,0,0,0,0,0,16,46,73,452,440,249
805,1400000US24031701407,0,0,0,0,0,0,0,0,0,0,0,0,0,0,0,0,0,0,24,176,324,989,227,0
784,1400000US24031701408,0,0,0,0,0,13,0,0,14,0,0,0,11,0,0,13,0,94,31,141,441,563,264,303
581,1400000US24031701409,0,0,12,0,0,0,0,8,12,11,0,0,0,0,0,0,0,11,27,116,276,748,158,12
785,1400000US24031701410,0,0,0,0,0,0,16,70,0,0,0,0,0,21,21,26,23,105,191,767,322,186,49,0
786,1400000US24031701414,0,0,0,0,0,29,0,10,0,0,0,0,0,70,0,39,46,20,138,306,540,487,82,44
787,1400000US24031701415,0,0,0,0,0,0,0,0,0,0,0,0,0,0,0,26,0,45,76,376,854,669,57,0
744,1400000US24031701417,0,0,0,0,0,0,0,0,0,0,0,0,0,12,0,17,73,161,122,215,45,18,48,9
788,1400000US24031701418,0,0,0,0,0,0,0,0,4,0,0,0,0,0,0,0,10,83,92,378,247,109,63,0
789,1400000US24031701420,0,0,0,0,0,42,0,10,0,0,0,0,0,13,27,33,68,205,181,576,382,227,0,12
790,1400000US24031701421,0,0,14,0,0,0,0,0,0,9,0,0,0,12,38,13,36,72,42,98,0,14,0,0
582,1400000US24031701422,0,0,0,0,0,0,0,0,0,0,0,0,0,0,0,0,0,0,0,0,0,0,0,0
791,1400000US24031701423,0,0,0,0,10,0,0,0,0,0,0,13,0,0,0,0,0,107,137,667,30,15,0,0
792,1400000US24031701503,0,0,0,0,0,0,0,15,0,13,0,0,0,0,0,0,0,32,112,618,772,460,16,0
793,1400000US24031701505,0,0,0,0,0,0,0,47,0,0,0,0,0,0,0,0,0,22,72,247,387,477,25,58
794,1400000US24031701506,0,0,0,0,0,0,0,0,0,10,0,0,0,0,0,0,11,115,14,392,379,632,131,22
795,1400000US24031701507,0,0,0,0,0,0,8,10,0,0,0,0,0,13,0,5,0,40,10,120,444,862,64,19
583,1400000US24031701508,0,0,0,0,0,0,0,12,0,0,0,0,0,0,16,17,16,22,127,45,84,17,0,0
796,1400000US24031701509,7,0,0,0,0,0,0,0,0,0,0,5,0,0,0,0,0,41,0,10,156,159,24,0
584,1400000US24031701601,0,0,0,0,0,0,0,0,0,0,0,0,0,0,0,0,0,0,0,44,42,12,0,13
797,1400000US24031701602,0,0,0,0,0,0,0,0,0,0,0,0,0,0,13,0,0,48,87,184,295,38,0,0
798,1400000US24031701701,0,0,0,0,0,0,0,0,0,0,0,0,0,8,0,0,0,58,22,169,128,368,94,17
799,1400000US24031701702,0,0,0,0,0,0,0,0,0,0,0,0,0,35,6,0,0,5,6,73,38,73,13,13
800,1400000US24031701703,8,0,0,0,0,0,0,0,0,0,0,0,0,0,0,8,0,20,59,83,267,355,10,0
801,1400000US24031701704,0,0,0,0,0,0,0,0,0,0,0,0,0,12,0,0,0,65,8,181,322,179,13,9
802,1400000US24031701800,0,0,0,0,0,0,0,0,0,0,0,12,0,0,0,0,23,43,38,86,164,451,154,81
585,1400000US24031701900,0,0,0,0,0,0,0,0,0,0,0,0,0,0,0,0,0,37,0,70,79,151,0,0
803,1400000US24031702000,0,0,0,14,0,0,0,0,0,0,0,0,0,10,3,12,34,70,66,248,127,70,9,0
804,1400000US24031702101,35,0,0,0,0,0,0,30,0,0,0,0,0,20,48,70,9,81,52,274,269,90,21,0
586,1400000US24031702102,0,0,0,0,0,0,0,8,0,0,0,10,0,0,11,0,0,0,9,64,357,514,10,12
806,1400000US24031702200,0,0,0,0,0,0,0,0,0,0,0,0,0,0,0,0,20,38,38,256,429,537,0,0
807,1400000US24031702301,9,0,0,0,0,12,0,0,0,0,0,0,0,0,0,28,20,34,95,98,101,41,15,16
808,1400000US24031702302,0,0,11,0,0,0,0,0,0,0,0,0,0,6,0,25,20,62,42,156,251,317,27,0
809,1400000US24031702401,10,0,0,0,0,0,0,0,0,0,0,0,0,0,0,0,0,11,36,48,179,374,28,0
810,1400000US24031702402,0,0,0,0,0,0,0,0,0,0,0,0,0,0,0,14,0,35,26,101,178,319,13,0
587,1400000US24031702500,0,0,0,0,0,0,0,0,0,0,0,0,0,0,0,0,13,88,53,156,102,51,13,0
811,1400000US24031702601,0,0,0,0,0,0,0,0,0,0,0,0,0,0,0,0,0,11,0,43,11,0,0,0
812,1400000US24031702602,0,0,0,0,0,0,0,0,0,0,0,0,0,14,0,0,0,50,185,161,85,0,0,0
813,1400000US24031702700,0,0,0,0,0,0,0,0,16,0,0,0,0,8,0,0,0,0,0,48,213,560,106,28
814,1400000US24031702800,0,0,0,0,0,0,0,0,12,0,0,0,0,0,0,29,13,65,10,108,228,457,132,27
815,1400000US24031702900,0,0,0,0,0,0,0,0,0,0,0,0,0,0,0,0,0,16,26,64,177,836,312,98
816,1400000US24031703000,0,0,0,0,0,0,0,0,0,0,0,0,0,0,9,7,8,0,0,113,358,134,19,0
817,1400000US24031703100,0,0,0,0,0,0,0,11,0,0,0,0,0,22,0,0,0,60,21,327,640,73,0,7
588,1400000US24031703201,0,0,0,0,0,0,14,0,0,0,0,0,0,14,0,0,0,56,49,584,929,485,0,0
818,1400000US24031703202,47,0,22,0,0,0,0,28,0,0,0,0,0,61,11,21,21,98,47,208,509,382,243,100
819,1400000US24031703206,0,0,0,0,0,0,0,0,0,0,0,0,0,0,0,0,0,29,26,139,333,383,8,0
820,1400000US24031703207,0,0,0,0,0,0,0,0,10,0,0,0,0,0,0,0,0,41,0,80,206,235,10,6
821,1400000US24031703208,0,0,0,0,0,0,0,0,0,0,0,0,0,10,0,0,0,25,55,269,621,515,73,60
589,1400000US24031703209,0,0,0,0,0,0,0,0,0,0,0,18,0,89,26,44,78,104,74,192,256,214,0,0
822,1400000US24031703210,0,0,0,0,0,7,0,0,0,5,0,0,0,0,6,0,0,72,62,263,504,79,0,0
823,1400000US24031703212,0,0,0,16,0,0,0,0,0,0,0,15,0,0,17,0,16,58,155,436,464,743,83,12
824,1400000US24031703213,0,23,21,0,0,0,0,22,28,0,0,0,0,58,39,39,123,244,81,86,0,0,0,8
825,1400000US24031703214,0,0,0,0,0,0,0,0,0,0,0,0,12,0,7,0,0,0,0,118,134,180,18,0
826,1400000US24031703215,0,0,0,0,0,0,0,0,10,14,0,0,10,18,15,0,11,35,0,20,242,300,8,0
827,1400000US24031703216,0,0,0,0,0,0,15,13,25,53,13,62,50,106,98,179,90,235,239,404,124,24,19,0
590,1400000US24031703218,0,0,0,0,0,14,0,0,0,15,0,0,0,15,14,155,43,144,160,274,100,13,13,14
828,1400000US24031703219,13,0,0,0,0,0,0,15,0,10,28,0,28,79,42,64,159,403,203,651,199,197,22,16
829,1400000US24031703220,0,0,0,0,0,0,0,0,15,0,0,0,0,54,0,14,16,224,339,259,165,122,28,17
830,1400000US24031703221,12,0,0,0,0,0,0,0,0,0,0,0,0,0,15,0,30,63,139,415,366,431,80,14
591,1400000US24031703301,17,8,0,0,0,0,0,0,0,0,0,0,0,0,8,0,7,35,79,464,396,56,0,0
831,1400000US24031703302,0,0,8,0,0,0,0,10,0,0,0,0,0,0,11,31,7,51,83,375,178,40,20,0
832,1400000US24031703401,0,0,0,0,0,0,0,0,0,0,0,0,0,14,6,0,0,10,103,558,357,72,0,7
592,1400000US24031703402,0,0,0,0,0,0,0,0,0,0,0,0,0,9,0,0,15,39,50,426,378,27,0,23
833,1400000US24031703403,11,0,0,0,0,0,0,9,0,0,0,0,0,0,0,27,0,71,96,370,186,63,0,0
834,1400000US24031703404,0,0,0,0,0,0,14,15,0,0,0,9,0,18,18,10,51,76,73,262,51,37,0,0
835,1400000US24031703501,0,0,0,0,0,0,0,0,12,0,0,0,0,18,25,0,24,83,107,344,384,83,0,10
836,1400000US24031703502,0,0,0,0,0,0,0,0,0,0,0,0,0,0,15,9,28,24,64,200,298,213,0,6
837,1400000US24031703601,0,0,0,0,0,11,0,19,0,14,0,0,0,0,22,12,111,90,158,408,467,138,0,0
593,1400000US24031703602,0,0,0,0,0,0,0,0,0,0,0,0,0,0,0,0,0,0,16,217,483,184,63,0
838,1400000US24031703701,0,0,0,0,0,0,0,58,0,0,0,0,0,0,0,5,4,104,180,473,159,11,0,0
839,1400000US24031703702,0,0,0,0,0,0,0,9,0,0,18,13,0,0,0,0,0,73,94,518,275,35,12,0
840,1400000US24031703800,0,0,0,0,0,0,0,0,0,0,0,0,0,6,0,0,0,0,10,94,112,102,0,0
841,1400000US24031703901,0,0,0,0,0,0,0,0,0,0,0,0,0,0,0,0,0,0,35,196,455,275,0,0
594,1400000US24031703902,0,0,0,0,0,0,29,0,23,0,0,0,0,0,23,0,12,112,256,565,554,151,30,18
842,1400000US24031704000,13,0,0,0,0,0,0,18,0,0,0,0,0,9,0,0,30,68,101,490,583,235,16,0
843,1400000US24031704100,0,3,0,0,0,0,0,0,0,0,0,0,9,2,0,2,0,5,0,86,115,423,583,271
844,1400000US24031704200,0,0,0,0,0,0,0,0,0,0,0,0,0,0,0,0,0,0,0,17,75,206,119,55
845,1400000US24031704300,0,0,0,0,0,0,0,0,0,0,0,0,0,0,0,0,0,43,21,39,128,662,258,80
846,1400000US24031704401,0,0,0,0,0,0,0,0,0,0,0,0,0,12,0,9,13,0,15,0,113,518,111,113
595,1400000US24031704403,0,0,0,0,0,0,0,0,0,0,0,0,0,0,0,0,7,203,186,183,50,116,13,0
847,1400000US24031704404,0,0,0,0,0,0,0,0,0,0,0,0,0,9,0,11,0,0,48,98,191,888,318,100
848,1400000US24031704501,0,0,0,0,0,0,0,0,0,0,0,0,0,0,0,0,8,0,19,43,117,668,235,0
747,1400000US24031704502,0,0,0,0,0,0,0,0,0,0,0,0,0,0,0,0,0,0,25,4,10,456,183,235
849,1400000US24031704503,0,0,0,0,0,0,0,0,0,0,18,0,0,0,0,0,0,0,0,11,54,609,180,277
850,1400000US24031704600,0,0,0,0,0,0,0,0,0,0,0,0,0,0,0,0,0,0,24,129,78,488,655,105
851,1400000US24031704700,0,0,0,0,0,0,0,0,0,0,0,0,28,0,9,0,0,0,0,0,0,134,451,562
852,1400000US24031704803,0,0,0,0,0,0,0,0,0,0,0,0,22,0,0,11,0,0,13,26,156,308,37,0
596,1400000US24031704804,0,0,0,0,0,0,0,0,0,0,0,0,0,0,0,0,0,29,0,29,30,106,22,93
853,1400000US24031704805,0,0,0,0,0,0,0,0,0,0,0,0,0,0,0,0,0,0,0,17,27,35,25,19
854,1400000US24031704806,0,0,0,0,0,0,0,0,0,0,0,0,0,0,0,0,0,16,17,28,0,99,0,14
855,1400000US24031705000,0,0,0,0,0,0,0,0,0,0,0,0,0,0,0,0,0,38,12,29,24,410,352,280
856,1400000US24031705100,0,0,0,0,0,0,0,0,0,0,0,0,0,11,0,0,0,0,10,52,46,447,434,648
857,1400000US24031705200,0,0,0,0,0,0,0,0,0,0,13,3,0,4,0,0,0,0,0,12,15,134,420,423
597,1400000US24031705300,0,0,0,0,0,0,0,0,0,0,0,0,0,0,3,0,0,3,2,4,3,3,47,578
858,1400000US24031705400,0,0,0,0,0,0,0,0,0,0,0,0,0,0,0,0,0,0,10,4,11,40,247,607
859,1400000US24031705501,0,0,0,0,0,0,0,0,0,0,0,0,0,0,0,0,0,0,0,60,61,81,34,252
860,1400000US24031705502,0,0,0,0,0,0,0,0,0,0,0,8,0,0,0,0,0,0,0,138,27,97,281,737
598,1400000US24031705601,0,0,0,0,0,0,0,6,0,0,0,0,0,0,0,9,0,13,0,6,40,276,406,148
599,1400000US24031705602,0,0,0,0,0,0,0,0,0,0,0,0,0,0,0,16,0,31,61,361,153,363,104,26
600,1400000US24031705701,0,0,0,0,0,0,13,0,0,0,0,8,0,0,0,0,12,19,11,86,0,177,652,200
861,1400000US24031705702,10,0,0,0,0,0,0,0,0,0,0,11,0,0,0,0,0,0,36,47,120,268,333,691
862,1400000US24031705800,0,0,0,0,0,0,0,0,0,0,0,0,0,10,11,0,0,11,13,30,44,434,586,755
601,1400000US24031705901,0,0,0,0,0,0,0,0,0,0,0,0,0,10,0,9,0,0,11,0,11,320,444,524
863,1400000US24031705902,0,0,0,0,0,0,0,0,0,0,0,9,12,0,9,0,0,0,0,0,16,311,452,479
864,1400000US24031705903,0,0,0,0,0,0,0,0,0,0,0,0,0,0,0,25,0,7,11,8,19,262,476,614
865,1400000US24031706005,0,0,0,0,0,0,0,0,0,0,0,0,20,0,0,0,0,10,14,0,0,40,336,929
866,1400000US24031706007,0,0,0,0,0,0,0,0,0,0,0,0,0,0,0,0,0,15,14,17,45,289,754,1047
867,1400000US24031706008,16,0,0,9,6,0,0,0,0,0,0,0,0,0,0,10,0,0,21,0,34,125,168,1289
868,1400000US24031706009,0,11,0,0,0,0,0,0,0,11,0,0,0,31,0,0,0,0,26,0,11,73,473,1154
869,1400000US24031706010,0,0,0,0,0,0,0,0,0,0,0,0,0,0,0,0,0,0,0,15,185,340,258,90
602,1400000US24031706011,0,0,0,0,0,0,0,0,0,0,13,0,12,0,8,0,0,0,0,45,14,283,972,352
870,1400000US24031706012,0,0,0,16,0,0,0,13,0,16,0,15,0,0,0,0,42,101,228,408,69,199,0,30
871,1400000US24031706013,0,0,0,0,0,0,0,0,0,0,0,0,0,0,0,0,0,0,0,0,44,216,312,295
872,1400000US24033800102,0,0,0,12,0,0,0,0,0,0,0,0,0,0,10,33,17,137,83,177,37,71,21,21
873,1400000US24033800103,0,0,0,0,0,0,0,0,0,0,0,0,0,13,0,0,0,60,31,43,43,0,0,0
874,1400000US24033800105,6,0,0,0,0,0,7,0,0,0,0,0,0,23,138,46,33,295,228,443,30,10,0,6
603,1400000US24033800106,0,0,0,0,0,23,0,0,0,11,0,0,0,0,39,46,66,128,210,273,56,77,16,0
875,1400000US24033800108,0,0,0,0,0,0,0,0,0,0,0,0,0,0,0,0,34,14,88,234,15,0,0,0
876,1400000US24033800109,0,0,0,0,0,0,0,0,11,0,0,0,0,0,0,11,16,125,124,296,124,0,0,0
877,1400000US24033800203,0,0,0,0,0,8,0,0,0,0,0,0,0,0,0,0,0,57,68,475,584,163,0,0
878,1400000US24033800206,0,0,0,0,0,0,0,0,0,0,0,0,0,0,0,34,74,80,70,198,176,163,9,16
879,1400000US24033800208,0,0,0,0,0,0,0,0,0,0,0,0,0,0,34,0,12,71,61,563,669,263,0,0
604,1400000US24033800209,0,0,0,0,0,0,0,0,0,0,0,0,0,0,0,7,0,78,0,112,21,0,0,0
880,1400000US24033800210,0,0,0,0,0,0,0,0,0,0,0,0,0,0,0,0,0,10,16,60,47,21,0,0
881,1400000US24033800211,0,0,0,0,0,0,0,0,0,0,0,0,0,0,0,0,19,19,72,78,69,18,0,0
882,1400000US24033800212,0,0,0,0,0,0,0,11,0,0,0,0,0,0,0,19,0,129,136,284,72,216,29,0
883,1400000US24033800213,18,0,0,0,0,0,0,0,0,0,0,0,14,0,9,16,91,358,84,422,117,58,14,0
605,1400000US24033800214,16,0,0,0,0,0,0,0,0,0,0,0,0,0,11,0,0,15,73,60,0,0,0,0
884,1400000US24033800215,0,0,0,0,0,0,0,0,0,0,0,0,0,20,0,0,0,26,79,173,131,54,0,0
885,1400000US24033800401,0,0,0,0,0,0,0,0,0,0,0,0,9,0,0,0,22,21,117,423,109,124,9,10
886,1400000US24033800402,0,0,0,0,0,0,9,0,0,0,0,0,0,0,7,8,10,92,277,1011,258,8,0,0
887,1400000US24033800403,0,0,0,0,0,9,0,0,0,0,0,0,0,0,0,0,0,42,198,546,204,290,18,11
606,1400000US24033800408,0,0,0,0,0,0,0,0,0,0,14,0,25,34,0,12,19,87,142,313,589,645,117,24
888,1400000US24033800409,11,0,0,0,0,0,0,0,0,0,0,0,0,10,0,0,16,52,55,609,539,572,64,0
889,1400000US24033800410,18,0,0,0,0,0,0,0,0,0,0,0,0,0,10,42,0,174,206,372,266,379,14,19
890,1400000US24033800411,0,0,0,0,0,0,22,11,36,0,0,0,13,0,0,0,0,17,121,92,172,405,67,0
891,1400000US24033800412,0,0,0,0,0,0,0,0,0,0,33,0,0,0,0,0,0,134,26,186,264,32,0,0
607,1400000US24033800413,14,0,0,0,0,0,0,0,0,0,0,0,0,0,54,0,0,63,204,252,69,0,0,0
892,1400000US24033800504,0,14,0,0,0,11,0,0,0,0,0,0,0,0,39,12,0,80,130,806,337,94,0,0
893,1400000US24033800505,0,0,0,0,0,12,0,7,0,0,0,0,0,0,0,9,0,35,89,580,111,0,0,0
894,1400000US24033800507,0,0,0,0,0,0,0,0,0,0,0,0,0,0,0,0,0,19,23,53,78,258,85,95
895,1400000US24033800509,0,0,0,0,35,19,0,0,0,0,9,0,0,35,23,14,127,152,386,751,699,647,78,39
896,1400000US24033800511,0,0,0,0,0,0,8,0,0,0,0,0,0,0,0,53,115,168,295,898,194,68,6,11
897,1400000US24033800513,0,0,0,0,0,0,0,0,0,0,0,0,0,0,13,60,49,62,333,643,309,113,17,13
608,1400000US24033800514,0,0,0,0,0,0,0,0,0,0,0,0,0,0,0,0,0,11,54,115,262,501,147,50
898,1400000US24033800515,0,0,0,0,0,0,0,0,0,0,0,0,0,0,0,53,0,267,365,504,80,0,0,0
899,1400000US24033800516,0,0,0,0,0,0,0,0,0,0,0,0,0,0,0,15,18,237,306,330,98,0,0,0
900,1400000US24033800517,0,0,0,0,0,0,0,0,0,0,0,0,0,0,0,14,0,0,0,188,473,789,158,0
901,1400000US24033800518,0,0,0,0,0,0,0,0,0,0,0,0,0,0,16,0,0,0,33,105,118,366,218,175
609,1400000US24033800519,0,0,0,0,0,0,0,0,0,0,0,0,0,0,0,0,21,14,109,346,344,282,22,0
902,1400000US24033800520,0,0,0,0,0,0,0,0,0,0,0,0,0,0,0,0,0,49,181,398,39,0,0,0
903,1400000US24033800601,13,0,0,0,9,0,0,0,0,0,0,0,0,10,13,40,23,46,94,302,65,9,9,13
904,1400000US24033800604,0,0,0,0,0,0,0,0,0,0,0,0,0,12,0,0,0,86,123,184,65,0,0,0
905,1400000US24033800605,0,0,0,0,12,0,3,0,8,13,0,0,0,0,7,21,37,98,145,305,256,213,93,79
906,1400000US24033800606,13,0,0,0,0,0,0,0,0,0,0,0,0,35,23,33,108,364,393,686,164,14,0,0
907,1400000US24033800607,0,0,0,0,0,0,0,0,0,0,0,0,0,0,0,12,27,110,143,530,531,332,25,39
908,1400000US24033800608,0,0,0,0,0,0,0,0,0,0,0,0,0,0,0,0,0,12,13,152,175,419,78,17
909,1400000US24033800701,0,0,0,0,0,0,13,0,0,0,0,0,0,16,12,16,8,49,72,693,288,186,28,19
610,1400000US24033800704,0,0,0,0,0,18,0,0,0,0,0,0,0,35,32,35,0,139,238,691,236,0,10,27
910,1400000US24033800705,0,0,0,0,0,0,0,0,0,0,0,0,0,0,0,0,0,63,92,413,203,440,25,30
911,1400000US24033800706,0,0,0,0,0,0,0,0,0,0,0,0,0,0,0,5,21,43,53,362,125,448,61,14
912,1400000US24033800707,10,0,0,0,21,0,0,0,0,0,0,0,0,11,21,7,19,62,63,186,88,179,124,55
913,1400000US24033800800,0,12,0,0,0,0,0,11,0,10,9,0,0,6,19,0,9,55,100,169,180,417,112,46
914,1400000US24033800900,0,12,0,0,7,0,0,0,0,0,3,0,44,19,26,22,0,38,10,74,95,62,11,26
915,1400000US24033801003,26,13,76,52,0,0,11,31,0,0,0,9,10,22,11,82,131,52,128,244,89,216,0,35
916,1400000US24033801004,0,0,0,11,0,0,0,0,0,0,0,0,0,34,25,0,0,202,89,274,256,306,0,10
611,1400000US24033801005,0,0,0,0,14,0,0,0,0,0,0,0,0,9,0,5,0,80,243,384,271,275,0,0
612,1400000US24033801006,0,0,0,0,0,0,14,0,0,0,0,0,0,0,30,98,40,0,138,436,410,44,0,0
917,1400000US24033801104,0,0,0,0,0,0,0,0,0,0,0,0,0,0,0,0,0,0,0,0,0,0,0,0
918,1400000US24033801207,0,0,0,0,0,0,0,0,0,0,0,0,14,0,12,7,23,92,130,367,479,25,31,8
919,1400000US24033801208,0,0,0,0,0,0,0,0,0,0,0,0,0,0,0,30,0,142,134,543,173,98,0,0
613,1400000US24033801209,0,0,0,0,0,0,0,0,0,0,0,0,0,0,0,8,51,152,202,671,159,87,0,0
920,1400000US24033801210,23,0,0,16,43,30,0,20,0,0,13,0,0,13,0,0,0,131,112,568,374,38,0,0
921,1400000US24033801211,0,0,0,0,0,0,0,0,0,0,0,0,0,21,11,25,0,127,144,353,171,66,10,13
922,1400000US24033801212,0,0,0,0,0,0,0,0,0,0,0,0,0,21,0,8,27,42,224,434,201,0,0,23
923,1400000US24033801213,0,0,0,0,0,0,0,15,0,0,0,0,0,0,0,17,17,85,210,588,128,70,46,0
924,1400000US24033801214,0,0,0,49,18,51,47,28,0,0,16,0,20,0,25,31,0,184,171,348,246,40,0,0
925,1400000US24033801215,0,0,0,0,0,0,0,0,20,0,0,0,0,0,0,0,6,0,34,241,177,244,0,0
614,1400000US24033801216,0,0,0,50,0,0,0,0,11,0,0,0,0,17,14,35,106,65,222,468,133,32,9,16
926,1400000US24033801217,0,0,0,0,0,0,0,0,0,0,0,0,0,0,0,0,23,73,141,412,186,89,0,14
927,1400000US24033801302,0,0,0,0,0,10,0,0,0,0,0,0,0,11,0,37,0,97,73,295,116,229,51,0
928,1400000US24033801305,0,0,0,0,0,9,6,0,0,0,0,0,0,31,8,0,53,41,268,450,359,326,10,7
929,1400000US24033801307,0,0,0,0,0,0,0,0,0,0,0,0,0,0,0,0,0,38,94,215,356,368,123,74
615,1400000US24033801308,0,0,16,0,0,0,0,0,0,0,0,0,0,13,0,6,55,62,166,448,313,86,0,0
930,1400000US24033801309,0,0,0,0,0,0,16,0,0,0,0,0,0,20,0,10,0,35,82,244,354,322,106,21
931,1400000US24033801310,0,0,0,0,0,0,0,0,0,0,0,0,0,0,20,10,17,38,77,522,586,577,57,18
932,1400000US24033801311,0,0,0,0,0,0,0,0,0,0,12,0,0,0,0,13,0,91,165,357,356,449,161,0
933,1400000US24033801312,0,0,0,0,0,0,0,0,0,0,0,0,0,0,6,0,63,92,132,278,148,332,14,0
616,1400000US24033801313,0,0,0,0,0,0,0,0,0,0,0,0,0,0,0,0,90,43,139,303,208,43,0,9
934,1400000US24033801404,0,0,0,0,0,0,0,0,0,0,0,0,0,22,99,113,60,40,123,372,288,101,94,0
935,1400000US24033801405,0,0,0,9,0,0,8,0,0,0,0,0,0,0,0,109,92,117,253,280,8,43,10,0
936,1400000US24033801406,0,0,0,0,8,0,0,0,0,0,0,11,0,8,11,24,22,176,171,87,25,47,0,0
937,1400000US24033801407,0,0,0,0,0,0,0,0,17,0,0,0,21,0,0,125,76,96,341,596,336,111,0,0
938,1400000US24033801408,13,0,0,0,0,0,0,0,0,16,0,19,0,16,65,229,27,34,275,117,0,12,0,0
617,1400000US24033801409,15,0,0,0,7,17,0,0,13,0,0,0,0,14,38,0,23,80,71,289,60,150,0,0
939,1400000US24033801410,0,0,0,0,0,0,15,0,0,0,0,0,0,0,0,0,0,131,77,448,194,246,66,4
940,1400000US24033801411,0,0,0,0,0,8,0,0,0,0,0,0,0,0,26,22,0,28,235,326,179,140,0,16
941,1400000US24033801500,0,0,0,0,7,14,0,0,0,0,0,0,0,36,16,31,50,194,109,219,19,0,0,0
942,1400000US24033801600,0,0,0,0,0,27,0,0,0,0,0,11,0,11,20,10,71,101,27,40,0,0,0,0
943,1400000US24033801701,0,0,0,0,0,0,0,0,0,0,15,0,0,0,42,53,72,158,216,331,30,23,0,0
618,1400000US24033801702,0,7,0,0,0,0,0,0,0,0,0,0,0,0,22,25,24,53,134,52,10,14,0,0
944,1400000US24033801704,0,0,0,0,0,0,0,14,0,0,0,0,0,0,57,0,32,71,201,233,169,26,0,0
945,1400000US24033801706,12,0,0,0,0,0,0,0,0,0,0,0,12,6,27,11,11,111,48,128,0,0,0,0
946,1400000US24033801707,0,0,0,0,0,0,0,0,0,17,0,0,0,52,7,128,104,95,96,177,15,15,0,0
947,1400000US24033801708,10,0,0,0,0,0,0,0,0,0,0,0,0,39,0,24,17,53,108,222,20,34,0,19
619,1400000US24033801801,0,0,0,0,10,0,0,0,0,0,0,0,0,0,22,10,5,76,8,85,0,0,0,0
948,1400000US24033801802,0,0,0,0,9,0,0,0,0,0,0,0,10,110,141,228,79,256,160,46,0,0,0,0
949,1400000US24033801804,0,0,0,0,0,0,0,0,11,0,0,0,0,0,17,11,11,78,215,299,20,34,14,0
620,1400000US24033801805,0,0,0,0,0,0,0,0,8,0,48,0,0,34,8,57,80,160,145,48,0,0,0,0
950,1400000US24033801807,10,0,26,0,0,0,0,0,0,0,0,0,42,32,75,19,12,234,303,108,33,0,0,0
951,1400000US24033801808,0,10,0,0,0,0,0,0,0,12,0,0,0,10,0,53,26,94,97,192,65,0,0,0
952,1400000US24033801901,0,0,0,0,7,11,0,0,0,0,0,0,0,26,10,0,10,198,218,784,210,60,0,19
953,1400000US24033801904,0,0,0,0,0,0,11,0,0,0,0,0,11,0,11,8,50,100,141,257,132,35,0,10
954,1400000US24033801905,11,13,0,0,0,0,0,0,0,0,0,10,0,10,47,51,65,231,239,591,32,13,0,9
955,1400000US24033801906,0,0,0,0,0,0,0,0,0,0,0,0,10,4,17,31,43,88,93,67,18,0,0,3
956,1400000US24033801907,0,0,10,11,0,0,0,0,10,0,0,0,0,7,71,43,63,206,188,171,90,19,0,0
745,1400000US24033801908,0,0,0,0,0,0,0,0,0,0,0,0,0,0,13,39,30,54,102,13,0,0,0,0
957,1400000US24033802001,0,0,0,17,0,0,0,10,0,0,0,0,0,10,50,93,48,149,101,120,38,0,0,0
958,1400000US24033802002,0,0,0,12,0,0,0,0,0,25,0,0,0,13,78,49,13,301,365,169,0,11,0,0
959,1400000US24033802103,0,0,0,0,0,10,0,0,0,0,0,0,12,12,13,23,105,276,174,297,13,15,22,12
621,1400000US24033802104,0,0,0,0,0,0,0,0,0,0,19,0,21,0,11,112,57,104,59,52,28,0,0,0
960,1400000US24033802106,0,0,0,0,0,0,0,0,0,0,0,0,0,33,15,0,20,28,130,144,61,0,0,0
961,1400000US24033802107,0,0,0,0,0,0,0,0,0,0,0,0,14,0,0,40,62,146,157,65,0,0,0,0
962,1400000US24033802201,52,8,10,29,49,41,33,20,53,0,0,33,8,0,8,60,73,110,137,41,0,18,11,0
622,1400000US24033802203,0,0,0,0,0,0,0,11,0,0,0,0,73,28,60,52,109,236,270,198,62,0,0,0
963,1400000US24033802204,14,0,0,15,32,0,0,0,0,0,0,13,0,46,11,20,178,296,555,689,213,22,0,0
964,1400000US24033802301,0,0,0,13,0,0,0,0,0,0,0,0,0,23,29,198,56,254,213,374,0,15,0,0
965,1400000US24033802404,37,20,0,0,0,0,0,0,26,0,0,0,0,0,32,44,83,156,194,11,0,0,0,0
966,1400000US24033802405,0,0,0,8,0,0,0,0,0,0,0,0,0,27,57,77,109,165,137,114,22,8,0,0
623,1400000US24033802406,0,0,0,0,0,0,0,0,0,0,0,0,0,0,0,8,8,122,60,128,12,12,0,0
967,1400000US24033802407,0,0,0,0,0,0,0,0,0,0,0,0,0,0,0,15,0,62,204,126,7,0,0,0
968,1400000US24033802408,0,0,0,0,0,0,0,0,0,0,0,0,32,16,14,23,0,44,31,31,0,0,0,0
969,1400000US24033802501,0,0,0,0,0,53,0,0,0,0,0,0,0,7,60,55,8,140,169,66,33,7,0,0
970,1400000US24033802502,0,0,0,11,0,11,0,0,0,0,0,28,10,8,38,30,0,135,246,246,0,0,0,0
624,1400000US24033802600,0,0,0,19,0,0,0,0,0,0,12,31,0,41,7,27,107,169,195,83,0,0,0,0
971,1400000US24033802700,0,0,0,0,0,0,0,0,0,0,20,18,9,105,0,90,54,178,119,43,0,8,0,11
972,1400000US24033802803,0,0,0,0,0,0,0,0,0,0,0,0,0,54,44,35,129,288,442,97,0,6,28,0
973,1400000US24033802804,0,0,0,11,0,6,0,0,0,0,0,0,0,34,0,6,50,369,523,255,22,0,0,0
974,1400000US24033802805,11,0,0,0,0,0,0,0,0,12,0,0,0,21,41,57,167,222,244,349,9,0,0,0
975,1400000US24033802901,0,0,0,0,13,11,0,0,0,21,0,28,0,30,18,94,97,182,159,182,65,0,0,0
553,1400000US24033803001,0,0,0,0,13,0,0,0,0,11,0,0,14,19,27,50,55,164,127,156,0,0,0,4
554,1400000US24033803002,0,0,0,9,0,0,0,0,0,0,0,10,0,13,58,36,53,414,82,115,12,0,19,0
555,1400000US24033803100,0,0,6,0,14,0,0,0,0,0,0,0,0,71,12,87,89,72,94,139,0,10,10,0
556,1400000US24033803200,0,0,0,0,0,0,0,0,0,0,0,0,0,14,0,15,63,78,73,31,0,0,0,0
671,1400000US24033803300,0,0,0,0,0,0,0,0,0,0,12,32,34,47,43,111,111,246,182,262,22,0,0,0
672,1400000US24033803401,0,0,0,0,0,0,0,0,0,17,0,0,0,11,8,90,101,48,31,6,12,14,0,0
673,1400000US24033803402,0,0,9,0,0,0,0,0,12,0,0,0,21,120,139,75,166,279,142,8,0,0,0,15
674,1400000US24033803508,0,0,0,0,0,0,13,10,0,0,0,0,0,12,29,64,0,85,83,224,17,41,10,0
675,1400000US24033803509,0,0,0,0,0,0,0,0,0,0,0,0,0,0,0,0,0,47,50,8,0,0,0,0
557,1400000US24033803512,27,0,0,0,0,12,17,0,0,0,0,14,0,0,0,0,0,113,109,605,294,234,0,16
676,1400000US24033803513,0,0,0,0,0,0,0,0,20,0,0,9,0,90,51,188,126,252,367,309,56,40,30,12
677,1400000US24033803514,0,0,0,0,0,0,0,0,0,0,0,0,0,0,13,12,24,224,287,238,153,77,0,0
678,1400000US24033803516,0,0,0,0,0,0,0,0,0,0,0,0,0,16,0,0,47,117,263,557,334,237,15,0
558,1400000US24033803519,7,0,0,0,0,0,0,0,0,0,0,0,0,0,26,0,26,180,131,227,54,15,0,0
694,1400000US24033803520,0,0,0,0,7,0,0,0,0,0,0,0,0,0,0,0,0,56,31,256,348,563,35,0
695,1400000US24033803521,0,0,0,0,0,16,0,0,0,0,0,0,0,0,14,0,0,142,135,121,299,401,37,10
696,1400000US24033803522,0,0,0,0,0,0,0,0,0,0,0,7,0,0,0,0,0,203,173,536,64,112,0,0
697,1400000US24033803523,0,0,0,0,0,0,0,0,0,0,0,11,0,0,0,10,0,26,35,312,194,473,0,79
698,1400000US24033803524,0,0,0,0,0,0,0,0,0,0,0,0,0,0,24,60,36,253,255,263,9,0,0,0
559,1400000US24033803525,0,0,0,0,0,0,0,0,0,0,9,15,0,9,0,10,30,37,26,14,0,0,0,0
699,1400000US24033803526,0,0,0,0,16,0,0,0,0,0,0,0,0,17,54,0,39,137,346,259,140,68,26,0
700,1400000US24033803527,0,0,0,0,0,0,0,0,0,0,0,0,0,18,0,49,48,48,153,372,253,10,0,0
701,1400000US24033803601,11,0,0,0,0,0,0,0,0,0,0,0,0,0,0,19,61,104,124,347,327,84,0,0
702,1400000US24033803602,0,0,0,0,25,0,0,0,0,0,5,0,6,9,0,36,0,118,73,101,11,0,0,0
703,1400000US24033803605,16,0,0,0,0,0,0,0,0,11,0,0,0,0,0,38,23,181,165,852,157,35,0,0
704,1400000US24033803606,0,0,0,0,0,0,0,0,0,0,0,0,0,0,15,88,8,84,226,597,162,81,0,0
743,1400000US24033803607,0,0,0,0,8,0,0,0,0,0,0,0,0,53,14,21,0,55,139,328,131,196,43,0
705,1400000US24033803608,0,0,0,0,0,0,11,0,0,0,0,0,0,46,0,11,24,216,273,557,216,36,0,0
706,1400000US24033803610,0,0,0,0,0,0,0,0,0,8,0,0,0,0,0,0,17,90,55,360,147,0,30,0
707,1400000US24033803612,0,0,0,8,0,9,0,30,0,0,0,0,0,7,29,21,0,105,19,67,6,0,0,0
560,1400000US24033803613,0,0,0,0,0,17,0,0,0,7,14,55,17,93,55,106,26,26,88,150,42,55,0,0
708,1400000US24033803700,0,0,0,0,0,0,0,0,0,0,0,0,4,0,17,37,13,150,113,279,40,9,0,0
709,1400000US24033803801,0,0,4,0,0,0,0,0,0,0,0,0,0,0,15,23,20,191,79,189,34,2,0,0
710,1400000US24033803803,0,0,0,0,0,12,0,0,0,0,0,0,0,42,38,43,76,180,120,487,59,8,0,0
711,1400000US24033803900,0,0,0,0,9,0,0,0,0,0,0,0,0,9,8,105,70,76,103,122,90,22,0,10
561,1400000US24033804001,0,0,0,0,0,0,0,0,0,0,0,0,0,0,12,8,20,45,78,25,0,0,0,0
712,1400000US24033804002,0,0,0,0,0,0,9,8,0,0,0,0,0,44,0,25,36,96,138,235,59,0,0,0
713,1400000US24033804101,0,0,0,0,0,0,0,0,0,0,0,0,0,0,12,14,16,56,108,257,178,36,0,0
714,1400000US24033804102,0,0,0,0,0,0,0,0,0,0,0,0,25,52,61,13,82,164,235,522,57,0,0,0
715,1400000US24033804200,0,0,0,0,15,11,0,0,15,0,0,0,0,9,10,17,12,109,91,558,171,69,0,0
716,1400000US24033804300,0,0,0,0,0,0,0,0,0,0,0,14,36,13,20,46,0,57,96,55,0,27,0,0
562,1400000US24033804400,6,0,7,0,0,3,0,0,0,0,3,2,3,11,11,31,89,97,77,175,37,7,0,2
717,1400000US24033804600,0,0,0,2,0,0,9,0,0,0,0,0,0,31,38,36,44,67,76,183,48,10,0,6
718,1400000US24033804700,0,0,0,0,0,0,0,0,0,0,0,0,0,0,24,8,38,164,222,348,188,70,0,0
719,1400000US24033804801,0,0,0,0,0,0,0,0,0,0,0,0,0,0,15,0,0,0,0,114,0,0,0,0
720,1400000US24033804802,0,0,0,0,0,0,0,0,0,0,0,0,0,0,0,0,0,0,0,0,0,0,0,0
563,1400000US24033804900,0,0,0,0,0,0,0,0,0,0,0,0,0,0,0,0,9,48,55,243,67,30,0,0
721,1400000US24033805000,0,0,0,0,0,0,0,0,0,43,0,0,0,21,30,83,130,121,120,326,146,65,0,0
722,1400000US24033805101,0,0,0,0,0,0,0,0,0,0,0,0,0,0,7,6,28,94,81,78,57,0,0,0
723,1400000US24033805201,0,0,0,0,0,0,0,0,0,0,0,0,0,0,0,0,14,92,70,303,49,40,0,0
724,1400000US24033805202,0,0,0,0,0,0,0,0,0,0,0,0,0,0,0,66,11,30,13,100,53,23,0,0
725,1400000US24033805500,0,0,0,8,0,0,0,0,0,0,0,0,0,62,0,28,18,50,79,263,70,12,0,0
564,1400000US24033805601,0,0,0,0,0,0,0,0,0,0,0,0,0,0,0,0,0,0,7,14,11,0,0,0
726,1400000US24033805602,0,0,0,0,0,0,0,0,0,0,0,0,20,0,0,25,11,29,34,16,2,0,0,10
727,1400000US24033805700,0,0,0,0,0,0,0,11,0,0,0,8,11,14,11,63,63,213,107,206,96,10,27,0
728,1400000US24033805801,0,0,13,0,0,0,0,0,0,0,0,0,0,26,9,113,0,234,107,222,117,0,0,0
729,1400000US24033805802,0,9,0,0,0,0,0,0,0,0,0,44,0,0,0,23,58,66,31,194,214,11,0,0
565,1400000US24033805904,0,0,0,0,0,0,0,0,0,0,0,0,23,13,0,13,10,45,131,206,162,44,0,0
730,1400000US24033805906,9,0,0,0,0,0,0,0,0,0,10,14,0,0,41,100,52,36,0,29,0,0,0,0
731,1400000US24033805907,0,0,0,0,0,0,0,16,15,29,0,0,10,13,104,56,132,51,34,0,0,0,0,0
732,1400000US24033805908,0,0,0,0,0,0,0,0,0,0,0,0,0,47,0,47,11,0,0,34,0,8,0,0
733,1400000US24033805909,0,0,0,0,0,0,0,0,0,20,0,0,0,0,0,0,33,34,23,83,19,8,0,0
734,1400000US24033806000,0,0,0,0,0,0,0,0,0,0,0,0,0,54,41,18,36,250,33,352,72,0,0,0
735,1400000US24033806100,0,0,0,0,0,0,0,0,0,0,0,0,0,6,0,6,15,191,154,512,115,67,0,0
566,1400000US24033806200,0,0,12,0,0,0,0,0,0,0,0,8,38,0,10,131,22,92,69,360,83,41,5,0
736,1400000US24033806300,4,0,0,0,0,0,0,0,0,0,0,0,0,11,7,38,21,48,58,93,50,8,0,0
737,1400000US24033806400,9,0,0,5,0,0,0,0,0,13,0,0,0,0,0,0,9,28,46,243,332,404,74,6
738,1400000US24033806501,0,0,0,0,0,0,0,0,0,0,0,0,0,0,24,58,32,84,63,200,76,8,0,0
739,1400000US24033806601,0,0,0,0,0,0,0,0,0,0,23,16,0,33,52,26,67,141,91,142,22,13,0,0
567,1400000US24033806602,0,0,0,21,0,0,0,0,0,0,0,0,0,22,27,27,28,175,80,253,76,34,0,0
740,1400000US24033806706,0,0,0,0,0,0,0,0,0,0,0,0,0,0,24,31,56,250,35,391,239,33,0,0
741,1400000US24033806708,0,0,0,0,0,0,0,0,0,0,0,9,0,91,53,92,108,451,164,139,87,12,0,0
742,1400000US24033806710,0,0,14,0,0,0,0,0,0,0,0,0,0,44,48,89,221,312,441,654,169,67,0,0
679,1400000US24033806711,0,0,0,0,0,0,0,0,0,0,0,0,0,0,12,18,106,144,160,181,129,51,0,0
568,1400000US24033806712,0,0,0,0,0,0,0,0,0,0,0,0,44,9,31,38,118,166,90,116,0,0,13,0
680,1400000US24033806713,0,0,0,0,0,0,0,0,0,0,0,0,0,0,0,0,0,0,0,0,0,0,0,0
681,1400000US24033806714,0,0,0,0,0,0,0,0,0,0,0,0,0,0,0,0,0,0,0,0,0,0,0,0
682,1400000US24033806800,0,0,0,0,0,15,7,5,0,0,0,0,0,14,5,5,10,123,117,568,159,90,0,0
683,1400000US24033806900,0,0,0,0,0,0,11,0,0,0,0,0,0,10,0,20,72,221,196,515,57,0,0,12
684,1400000US24033807000,0,0,0,0,0,0,0,0,0,6,0,0,0,29,24,0,10,147,75,442,131,47,13,0
685,1400000US24033807102,0,0,0,0,0,0,0,0,0,0,0,0,0,0,0,20,0,75,40,323,179,95,0,26
686,1400000US24033807200,0,0,0,0,0,2,0,0,0,0,0,0,0,9,0,0,22,21,31,28,61,29,0,0
687,1400000US24033807301,0,0,0,0,0,0,0,0,0,0,0,0,0,0,15,0,0,21,10,160,203,69,0,0
569,1400000US24033807304,0,0,0,0,0,10,0,0,0,0,0,0,0,0,0,9,0,25,55,208,121,90,0,0
688,1400000US24033807305,0,0,0,0,0,0,0,0,0,0,0,0,0,0,0,0,0,22,56,241,190,108,0,0
689,1400000US24033807404,0,0,0,0,18,0,0,34,0,0,0,0,0,0,0,11,0,108,281,392,211,57,0,0
746,1400000US24033807405,0,0,0,0,0,10,0,0,17,17,0,0,15,11,63,124,77,97,99,469,454,136,18,0
690,1400000US24033807407,0,0,0,0,0,0,11,0,0,0,0,0,0,0,0,0,43,110,56,468,349,255,98,16
691,1400000US24033807408,0,22,0,0,0,26,0,0,16,0,0,48,17,40,82,167,144,223,297,362,310,132,12,36
692,1400000US24033807409,0,0,0,0,0,9,0,0,0,0,0,0,0,0,0,0,0,0,38,115,44,133,0,0
693,1400000US24033807410,0,0,0,0,0,0,0,0,0,0,47,0,14,0,15,143,95,233,69,79,32,23,0,0
231,1400000US51013100100,0,0,0,0,0,0,0,0,0,0,0,0,21,11,0,0,0,0,0,19,85,735,365,209
461,1400000US51013100200,0,0,0,0,0,0,0,0,0,17,0,0,0,0,0,0,0,35,0,32,44,887,623,411
462,1400000US51013100300,0,0,0,0,0,0,0,0,0,0,0,0,13,12,0,0,0,15,30,0,30,383,693,636
232,1400000US51013100400,0,0,0,0,0,0,0,0,9,0,0,0,0,0,9,0,9,0,0,8,14,182,541,404
463,1400000US51013100500,19,0,0,0,0,0,0,0,0,0,8,0,0,0,0,0,0,10,0,18,29,383,473,286
464,1400000US51013100600,0,0,0,0,0,0,0,0,0,0,0,0,0,0,0,0,0,25,48,37,14,367,154,134
465,1400000US51013100700,0,0,0,0,0,0,0,0,0,0,0,0,0,0,0,29,14,63,121,118,47,628,383,42
233,1400000US51013100800,0,0,0,0,0,9,0,0,0,0,0,0,0,15,0,9,0,0,19,17,38,191,51,18
466,1400000US51013100900,0,0,0,0,0,0,0,0,0,0,0,0,0,0,0,0,0,0,0,37,8,480,328,159
467,1400000US51013101000,0,0,0,0,0,0,0,0,12,0,0,0,0,16,0,0,0,0,0,37,25,629,176,63
468,1400000US51013101100,0,8,0,0,0,0,0,0,0,0,29,0,0,0,0,9,0,31,0,57,134,954,328,135
469,1400000US51013101200,0,0,8,0,0,0,0,0,0,0,0,0,0,0,0,0,9,24,0,0,20,846,72,55
470,1400000US51013101300,0,0,0,16,0,0,0,0,0,32,0,9,0,0,12,14,0,0,0,14,121,1359,179,56
234,1400000US51013101401,0,0,0,0,0,0,0,0,0,0,0,0,0,0,0,0,0,12,0,47,69,16,15,0
471,1400000US51013101402,0,0,0,0,0,0,0,0,0,0,0,0,0,0,0,0,0,21,0,183,129,332,50,33
472,1400000US51013101403,0,0,0,0,0,0,0,0,0,11,0,0,0,0,0,11,51,32,16,433,188,165,0,0
473,1400000US51013101404,0,0,0,0,0,0,0,0,0,10,0,0,0,0,0,0,0,28,22,288,201,255,69,16
474,1400000US51013101500,0,0,0,0,0,0,0,17,0,0,13,0,0,0,14,54,0,39,106,170,29,226,398,280
475,1400000US51013101601,0,0,0,0,0,0,0,0,0,0,0,0,0,0,0,0,24,0,0,124,59,60,121,28
235,1400000US51013101602,0,0,0,11,0,0,0,0,0,7,0,0,0,0,0,65,0,15,115,146,12,69,14,0
476,1400000US51013101603,0,0,0,0,0,0,0,0,0,0,0,0,0,0,0,0,0,0,41,129,52,33,123,34
477,1400000US51013101701,0,0,0,0,0,0,0,0,0,0,0,0,0,0,0,0,0,18,0,103,75,64,26,0
478,1400000US51013101702,0,0,0,0,0,0,0,0,0,0,0,0,0,13,23,36,33,84,13,217,70,201,28,0
236,1400000US51013101703,0,0,0,0,0,0,0,0,0,9,0,0,0,0,0,0,0,0,34,124,83,105,56,21
479,1400000US51013101801,0,0,0,0,0,0,0,0,0,0,0,0,0,0,0,0,9,0,0,31,120,227,119,9
480,1400000US51013101802,0,0,0,0,0,10,0,0,0,0,0,0,0,0,17,0,0,0,0,119,138,286,209,10
481,1400000US51013101803,0,0,0,0,0,0,0,0,0,0,0,0,0,0,0,16,0,7,57,21,0,185,174,79
237,1400000US51013101900,0,0,0,0,0,0,0,0,0,0,0,0,0,0,0,0,0,0,0,26,7,230,290,172
482,1400000US51013102001,0,0,0,0,0,0,0,0,0,0,0,0,0,0,0,0,12,8,11,119,19,55,0,0
483,1400000US51013102002,0,0,0,0,0,0,0,0,0,0,0,0,0,0,0,0,0,0,0,0,0,21,0,20
484,1400000US51013102003,0,0,0,0,0,0,0,0,0,0,0,0,0,5,0,0,14,208,175,61,0,14,25,0
485,1400000US51013102100,10,0,0,4,0,0,0,0,0,0,0,0,0,0,10,0,13,0,10,0,95,361,63,22
486,1400000US51013102200,0,0,0,0,0,8,9,0,0,0,0,9,0,0,23,68,34,141,292,219,186,120,0,14
238,1400000US51013102301,0,0,0,0,0,0,0,0,7,0,0,0,0,0,0,0,36,74,43,0,0,353,25,23
487,1400000US51013102302,0,0,0,0,0,0,0,12,0,10,0,0,0,12,0,0,16,28,13,70,178,420,69,11
488,1400000US51013102400,0,0,0,0,0,0,0,0,0,0,0,0,0,6,16,0,0,27,21,109,206,388,73,18
489,1400000US51013102500,0,0,0,0,0,0,0,0,0,0,0,0,0,28,0,0,0,35,0,167,81,232,140,0
490,1400000US51013102600,0,0,0,0,0,0,0,0,0,0,0,0,0,0,15,0,0,14,0,33,147,273,27,0
491,1400000US51013102701,0,0,0,0,0,0,0,0,0,0,0,0,0,0,0,0,0,5,0,0,22,48,0,0
239,1400000US51013102702,0,0,0,0,0,0,0,0,0,0,0,0,0,0,0,0,0,13,16,133,51,64,18,0
492,1400000US51013102801,0,11,0,0,0,0,0,0,0,0,0,18,0,22,86,36,97,167,118,393,101,300,49,0
493,1400000US51013102802,0,0,0,0,0,0,0,0,0,0,0,0,0,23,5,0,0,0,0,95,105,190,25,0
494,1400000US51013102901,0,0,0,0,0,0,0,0,0,0,0,0,0,15,0,0,0,46,106,610,465,0,0,0
240,1400000US51013102902,0,0,0,0,0,0,0,0,0,0,0,0,0,0,0,0,0,0,190,351,293,137,0,0
495,1400000US51013103000,0,0,0,10,0,0,0,0,56,0,0,0,0,0,0,18,0,38,41,321,670,140,0,0
496,1400000US51013103100,0,0,0,0,0,0,10,8,7,13,11,0,14,12,0,0,10,61,44,225,219,285,33,0
497,1400000US51013103200,0,0,0,0,0,0,0,11,0,0,0,0,0,0,0,0,47,82,136,448,152,153,0,0
498,1400000US51013103300,0,0,0,0,0,0,0,9,0,0,0,0,0,0,0,0,0,76,0,40,14,91,17,0
499,1400000US51013103401,0,0,0,0,0,0,0,0,0,0,0,0,0,0,0,0,0,0,0,0,0,0,0,0
241,1400000US51013103402,0,0,0,0,0,0,0,0,0,0,0,0,0,0,0,0,0,27,27,123,41,118,39,10
500,1400000US51013103501,0,0,0,0,0,0,0,15,0,0,0,0,0,11,0,0,53,67,67,133,120,105,24,0
501,1400000US51013103502,0,0,0,0,0,0,0,0,0,0,0,0,0,0,0,0,0,0,0,0,73,31,11,0
502,1400000US51013103503,0,0,0,0,0,0,0,0,0,0,0,0,0,0,0,0,0,23,0,50,27,12,0,0
503,1400000US51013103601,0,0,0,0,0,0,0,0,21,0,28,0,0,0,0,0,0,0,0,0,120,351,156,10
242,1400000US51013103602,0,0,0,0,0,0,0,0,0,0,0,0,0,0,0,0,0,0,0,0,0,0,0,0
504,1400000US51013103700,0,0,0,0,0,0,0,0,0,10,10,0,0,0,0,0,0,0,0,41,0,275,236,198
506,1400000US51013980100,0,0,0,0,0,0,0,0,0,0,0,0,0,0,0,0,0,0,0,0,0,0,0,0
507,1400000US51013980200,0,0,0,0,0,0,0,0,0,0,0,0,0,0,0,0,0,0,0,0,0,0,0,0
180,1400000US51059415100,9,0,9,0,0,0,0,0,0,0,0,9,11,20,8,18,26,54,59,81,89,269,107,272
257,1400000US51059415200,0,0,0,0,0,0,0,12,9,0,0,0,0,38,41,54,57,268,318,116,39,213,128,0
258,1400000US51059415300,0,0,0,0,0,0,0,0,23,0,0,0,0,0,14,0,0,23,171,354,264,291,48,9
181,1400000US51059415401,32,22,5,0,7,9,0,0,0,0,0,10,12,0,0,0,0,12,49,114,19,81,112,37
259,1400000US51059415402,17,0,0,0,0,0,0,0,0,0,0,0,15,25,0,0,0,81,28,79,97,348,210,12
260,1400000US51059415500,0,0,0,27,0,0,0,0,9,0,25,13,0,0,0,0,7,0,18,209,405,606,142,104
261,1400000US51059415600,0,0,0,0,0,0,0,0,17,0,0,0,0,0,0,0,0,12,13,5,0,336,382,190
262,1400000US51059415700,0,0,0,0,0,0,0,0,0,0,0,0,0,0,0,0,0,19,9,7,66,768,213,56
263,1400000US51059415800,0,0,0,0,0,0,0,0,0,0,0,0,0,0,0,0,0,0,10,36,157,1086,194,52
264,1400000US51059415900,0,0,0,0,0,0,0,0,0,0,0,0,0,20,0,12,0,0,11,36,229,470,176,69
182,1400000US51059416000,7,0,0,80,0,34,0,0,10,0,0,0,0,32,0,0,10,21,54,68,286,506,32,55
265,1400000US51059416100,0,0,0,0,0,0,0,0,0,15,0,9,0,0,0,17,0,21,4,21,48,578,326,174
266,1400000US51059416200,0,0,0,0,0,0,0,0,0,0,0,0,0,0,0,0,0,0,0,0,0,0,0,0
267,1400000US51059416300,0,0,0,0,0,0,0,0,0,0,0,0,0,9,0,9,0,0,52,72,48,262,93,116
183,1400000US51059420100,0,0,0,0,0,12,0,11,0,0,0,0,0,0,15,0,0,47,49,278,272,297,63,18
268,1400000US51059420201,0,0,0,0,0,0,0,0,0,0,0,0,0,0,0,0,14,26,24,210,562,251,131,17
269,1400000US51059420202,0,0,0,0,0,0,0,0,0,0,0,0,13,0,0,38,0,42,109,197,36,0,0,0
270,1400000US51059420203,0,0,0,0,0,0,0,0,0,11,0,0,0,0,0,0,0,0,27,79,256,362,53,44
271,1400000US51059420300,0,0,0,0,0,0,0,10,0,0,0,0,24,0,0,0,0,46,9,451,656,475,160,20
541,1400000US51059420400,0,0,0,0,0,0,0,0,0,0,0,0,0,0,30,0,21,93,62,122,14,30,0,0
272,1400000US51059420501,0,0,0,0,0,0,0,0,0,0,0,0,0,0,0,0,0,17,100,341,159,143,0,26
273,1400000US51059420502,0,0,0,0,0,0,0,0,0,0,0,0,0,0,10,12,0,52,80,99,80,0,0,13
274,1400000US51059420503,0,0,0,0,0,0,0,0,0,0,0,0,0,0,0,11,18,69,31,84,157,32,0,0
275,1400000US51059420600,0,0,0,0,0,0,0,0,0,0,0,7,0,0,0,26,0,55,55,303,172,235,21,0
276,1400000US51059420700,0,0,0,0,0,0,11,9,0,0,0,0,0,0,0,0,10,28,28,379,201,417,186,14
184,1400000US51059420800,0,0,0,0,0,9,0,0,0,0,0,0,0,25,8,0,10,56,37,230,292,251,55,0
277,1400000US51059421001,13,0,0,0,0,0,0,0,0,0,0,0,0,0,0,16,10,29,75,222,176,197,0,0
278,1400000US51059421002,0,0,0,0,0,0,11,13,14,0,0,0,0,0,0,38,57,0,25,290,240,248,0,12
279,1400000US51059421101,0,0,0,13,0,0,15,0,0,0,0,0,0,18,0,0,0,67,63,468,607,420,83,13
280,1400000US51059421102,0,0,0,0,0,0,0,0,0,0,0,0,0,0,57,16,15,14,50,38,307,312,55,39
281,1400000US51059421103,0,0,0,0,0,0,0,17,0,0,0,0,0,0,0,0,18,0,114,443,294,440,294,61
185,1400000US51059421200,0,0,0,0,0,0,0,0,0,0,0,0,0,0,0,0,0,11,0,45,205,355,11,0
282,1400000US51059421300,0,0,0,0,0,0,0,6,0,8,0,0,0,0,0,0,20,90,71,266,430,370,0,16
283,1400000US51059421400,0,0,0,0,0,0,0,0,15,0,0,13,0,0,12,0,0,0,12,200,78,105,0,0
284,1400000US51059421500,115,16,84,30,99,45,0,64,0,0,41,0,0,47,30,0,0,101,110,157,75,290,11,0
186,1400000US51059421600,0,0,10,0,8,0,0,0,11,0,51,0,12,79,43,33,34,122,201,185,96,29,0,0
285,1400000US51059421701,0,0,0,0,0,0,0,0,0,16,14,0,0,0,16,20,11,42,121,206,29,21,35,16
286,1400000US51059421702,0,0,0,0,0,0,0,0,0,0,0,0,0,0,0,0,0,65,201,269,351,244,3,17
187,1400000US51059421800,0,0,0,0,0,0,0,0,0,0,0,16,8,58,39,35,74,135,123,209,171,78,0,0
287,1400000US51059421900,0,0,0,0,0,0,0,0,0,0,0,0,0,0,0,0,0,0,0,4,0,0,0,0
288,1400000US51059422000,0,0,0,0,0,0,0,0,0,0,0,0,0,21,0,0,0,25,131,136,230,272,38,0
289,1400000US51059422101,0,0,0,14,0,0,0,0,26,0,0,0,0,12,16,0,49,99,103,352,172,412,14,17
290,1400000US51059422102,0,0,0,0,0,0,0,0,9,0,0,14,0,36,38,12,0,88,142,491,337,66,79,0
291,1400000US51059422201,0,0,0,0,0,0,0,0,0,0,0,0,0,0,0,15,0,0,4,54,120,322,241,75
292,1400000US51059422202,0,0,0,13,0,0,0,0,0,0,27,0,0,0,26,26,31,170,43,267,269,327,71,11
188,1400000US51059422301,0,0,0,0,0,0,0,0,0,0,0,0,46,15,0,0,26,7,88,81,95,296,49,0
293,1400000US51059422302,0,0,0,0,0,0,0,0,0,0,0,11,0,0,0,26,39,304,203,545,269,342,71,53
189,1400000US51059422401,0,0,0,0,0,0,14,0,0,0,0,0,0,0,0,0,29,31,75,65,141,29,15,0
294,1400000US51059422402,0,0,0,0,0,0,0,0,0,0,0,0,0,0,0,0,0,165,89,407,629,132,103,9
295,1400000US51059422403,0,0,0,0,0,0,0,0,0,0,17,44,0,0,0,19,0,0,11,69,228,332,94,28
296,1400000US51059430101,0,0,0,0,0,0,0,38,0,0,0,0,0,0,0,9,15,0,0,15,221,1090,45,28
297,1400000US51059430102,0,0,0,0,0,0,0,0,0,13,0,0,7,19,17,0,0,81,39,367,337,53,21,0
298,1400000US51059430201,0,0,0,0,0,0,15,0,0,0,0,10,0,0,0,13,0,83,144,193,336,402,11,22
299,1400000US51059430202,0,0,0,0,0,0,8,0,0,0,0,0,0,0,0,0,7,23,45,275,240,699,109,18
190,1400000US51059430203,0,0,0,0,0,0,0,9,33,0,0,0,0,0,0,0,0,0,0,146,280,313,0,11
300,1400000US51059430400,0,0,0,0,0,8,0,13,0,0,0,0,0,0,0,12,23,23,91,335,925,598,0,0
191,1400000US51059430500,0,0,0,0,0,0,0,0,0,0,0,0,0,0,8,10,0,6,17,69,233,174,0,19
301,1400000US51059430600,0,0,0,0,0,0,0,0,8,0,0,0,0,0,0,9,17,33,151,373,237,404,0,21
302,1400000US51059430700,0,0,0,0,0,0,0,0,0,0,0,0,0,20,0,0,0,0,90,257,308,87,17,0
303,1400000US51059430801,0,0,0,0,0,0,0,0,0,0,0,0,0,0,18,0,0,18,72,243,715,303,16,24
304,1400000US51059430802,0,0,0,0,0,0,0,0,11,0,0,0,0,0,12,15,34,204,189,178,165,372,32,0
192,1400000US51059430901,0,0,0,0,0,0,0,0,0,21,0,0,0,0,0,0,0,58,64,373,238,255,61,16
305,1400000US51059430902,0,0,0,0,0,0,0,0,6,0,0,0,0,11,14,5,0,26,84,173,244,326,28,0
306,1400000US51059431001,0,0,0,0,0,13,18,24,0,0,0,0,0,0,11,0,19,31,123,236,430,378,46,0
307,1400000US51059431002,0,0,0,0,0,0,0,0,0,0,0,0,0,0,0,8,0,34,16,423,197,0,0,0
308,1400000US51059431300,0,0,0,0,0,0,0,0,0,0,0,0,0,0,0,0,0,20,11,176,486,581,0,0
309,1400000US51059431400,0,0,0,0,0,10,0,21,0,0,0,19,10,0,0,0,13,53,8,185,540,443,10,2
310,1400000US51059431500,0,0,0,0,0,0,0,0,0,0,0,0,7,0,0,0,0,88,58,218,568,702,160,31
311,1400000US51059431600,13,0,0,0,0,0,0,0,0,0,0,0,7,41,13,26,14,95,100,314,447,369,184,73
193,1400000US51059431801,0,0,0,0,0,0,0,0,0,0,0,0,0,0,19,0,12,70,86,385,434,105,43,24
312,1400000US51059431802,0,0,0,0,0,0,0,0,0,0,0,0,0,0,13,0,0,86,11,254,84,464,40,0
194,1400000US51059431900,0,0,0,0,0,0,0,0,11,0,0,0,0,0,0,0,0,14,0,0,138,749,42,0
313,1400000US51059432000,0,0,0,4,15,0,0,0,0,0,0,0,7,9,0,0,9,64,28,153,170,358,28,0
314,1400000US51059432100,0,0,0,0,0,0,0,11,12,0,0,0,0,14,0,43,29,115,137,258,183,454,5,13
315,1400000US51059432201,0,0,0,0,0,0,0,17,0,0,0,8,19,18,0,28,17,49,51,259,39,0,0,0
316,1400000US51059432202,0,0,0,0,0,0,0,0,0,0,0,0,0,0,0,0,0,56,75,325,349,437,28,0
195,1400000US51059432300,0,0,0,0,16,0,10,0,0,0,0,0,11,0,0,17,0,17,0,188,249,640,163,56
317,1400000US51059432401,0,0,0,0,0,0,0,0,0,0,0,0,0,10,0,12,0,17,26,30,157,796,54,16
318,1400000US51059432402,19,0,0,0,0,0,0,16,0,0,0,0,0,22,21,5,0,41,0,124,282,807,64,6
319,1400000US51059432500,0,0,0,0,0,0,0,10,0,0,12,0,0,14,0,0,0,43,11,213,332,997,79,16
320,1400000US51059432600,0,0,0,0,0,0,0,0,0,0,0,0,0,0,0,12,7,0,48,175,234,804,108,18
321,1400000US51059432701,0,0,0,0,0,0,0,0,0,0,0,0,0,0,0,0,6,19,15,172,171,519,12,0
196,1400000US51059432702,0,0,0,0,0,0,0,0,0,0,0,0,0,0,0,0,9,41,86,564,255,155,19,13
322,1400000US51059432800,0,0,0,0,0,0,0,0,0,0,0,0,0,7,0,0,0,23,27,193,136,119,0,50
323,1400000US51059440100,0,0,0,0,0,0,0,0,0,17,0,19,0,0,0,0,15,23,0,134,207,821,640,85
324,1400000US51059440201,0,0,0,0,0,0,0,0,0,0,0,36,0,6,19,52,30,62,36,115,108,20,0,0
325,1400000US51059440202,0,0,0,19,0,0,0,0,0,0,0,0,0,16,120,15,0,115,50,188,322,153,155,18
326,1400000US51059440300,0,12,0,0,0,0,0,0,11,0,0,0,0,0,0,0,0,0,0,24,32,672,159,18
327,1400000US51059440501,0,0,0,0,0,0,15,0,0,0,25,0,9,19,16,0,0,0,14,70,584,741,105,37
328,1400000US51059440502,0,0,0,0,0,0,0,0,0,0,0,0,0,19,0,0,0,19,0,16,24,398,68,12
197,1400000US51059440600,20,0,31,12,0,5,0,0,0,0,0,29,0,0,28,0,58,22,15,131,221,275,45,0
329,1400000US51059440701,0,0,0,0,0,0,0,0,0,0,0,0,0,0,0,0,0,0,0,32,177,635,26,53
330,1400000US51059440702,0,0,0,0,0,0,0,0,0,0,0,0,0,0,6,11,0,0,0,54,386,1090,139,0
331,1400000US51059440800,0,0,0,0,0,0,0,0,12,0,0,0,0,31,0,0,13,0,18,12,232,1217,284,38
332,1400000US51059450100,0,0,0,0,0,0,0,19,0,0,0,0,0,14,0,24,0,61,122,301,310,304,20,21
198,1400000US51059450200,0,0,0,0,0,0,0,0,0,0,0,0,0,9,0,0,0,30,20,69,292,255,39,0
333,1400000US51059450300,12,0,0,0,0,0,0,0,0,0,0,0,19,22,15,14,38,88,54,63,390,362,70,14
334,1400000US51059450400,0,0,0,0,0,0,0,0,0,0,0,0,0,0,0,8,15,0,22,126,99,369,123,91
199,1400000US51059450500,0,0,0,0,5,18,0,11,0,0,0,0,0,12,0,6,0,9,95,129,179,176,27,0
335,1400000US51059450601,14,0,0,0,15,0,0,15,0,0,0,0,0,0,15,0,26,54,21,127,234,654,56,30
336,1400000US51059450602,0,66,0,0,0,0,0,1,0,0,0,30,0,42,0,0,43,24,65,253,187,91,0,0
337,1400000US51059450701,0,0,0,0,0,0,0,0,0,0,0,0,0,14,0,0,0,0,75,161,158,277,38,15
200,1400000US51059450702,0,0,0,0,0,0,0,0,0,0,0,0,0,0,0,0,0,0,9,9,30,197,34,9
338,1400000US51059450800,0,0,0,0,0,0,0,10,0,0,29,0,0,12,0,12,32,41,85,137,333,294,21,71
339,1400000US51059450900,0,0,0,0,0,0,0,10,0,0,0,0,0,0,0,10,0,0,11,33,181,231,32,13
340,1400000US51059451000,0,0,0,0,0,0,0,0,0,0,0,0,0,0,0,0,0,0,18,113,220,416,9,38
341,1400000US51059451100,0,0,0,0,0,0,0,0,0,0,0,0,0,0,0,0,1,17,24,44,171,241,124,95
342,1400000US51059451200,0,0,0,0,0,0,0,0,0,0,0,0,0,0,0,20,0,0,11,0,11,221,161,135
201,1400000US51059451300,0,0,0,0,0,0,0,0,7,0,0,8,0,25,0,0,0,18,47,12,114,496,61,33
343,1400000US51059451400,0,0,0,0,0,0,0,0,0,0,0,0,0,0,45,43,0,58,24,32,16,58,0,0
344,1400000US51059451501,0,0,0,0,0,0,0,0,11,0,0,0,0,84,15,182,50,184,100,77,154,240,20,0
345,1400000US51059451502,0,0,0,12,0,0,0,8,0,0,0,10,0,72,0,0,0,13,32,34,162,230,6,61
346,1400000US51059451601,0,0,0,0,0,0,0,0,11,0,0,0,0,0,0,0,0,10,0,40,23,75,17,0
347,1400000US51059451602,0,0,0,0,0,0,0,0,0,0,7,0,0,17,16,31,95,62,17,0,55,142,42,19
348,1400000US51059451800,0,0,0,0,0,0,0,0,0,0,0,0,0,0,16,0,0,26,30,125,259,372,51,43
202,1400000US51059451900,0,0,0,0,0,0,0,0,14,10,0,0,0,0,0,0,0,114,79,263,327,292,96,49
349,1400000US51059452000,0,0,0,0,0,0,0,0,0,15,0,16,0,17,0,0,0,0,10,96,212,336,43,22
350,1400000US51059452101,0,0,0,0,0,0,0,0,0,14,0,0,0,0,0,62,17,31,111,139,331,413,40,0
203,1400000US51059452102,0,0,0,0,0,0,0,0,0,0,14,0,0,0,0,0,0,76,15,144,105,309,35,24
351,1400000US51059452200,0,0,0,0,0,0,0,0,27,17,0,0,0,0,0,0,0,38,16,435,311,269,0,0
352,1400000US51059452301,0,0,0,0,0,0,0,0,20,0,0,0,0,19,109,69,90,252,143,205,18,0,0,0
353,1400000US51059452302,0,0,0,0,0,0,0,0,0,0,0,0,0,0,0,0,51,117,3,7,60,0,0,0
354,1400000US51059452400,14,0,0,0,0,0,0,0,0,12,0,0,0,0,16,14,0,27,84,474,564,471,80,11
355,1400000US51059452501,12,0,0,0,0,0,0,0,0,0,0,0,0,0,0,0,21,16,30,225,430,245,97,15
204,1400000US51059452502,0,0,0,0,0,0,0,0,0,0,0,0,0,0,16,0,0,11,0,88,142,125,27,0
356,1400000US51059452600,12,12,0,20,0,0,0,0,0,3,0,0,0,25,0,18,0,83,118,276,147,451,36,17
357,1400000US51059452700,0,0,0,0,0,0,0,0,0,0,6,0,0,21,11,11,32,55,135,194,166,75,84,0
358,1400000US51059452801,0,0,0,0,0,0,0,0,0,0,0,0,0,0,0,15,40,206,225,345,93,163,32,19
205,1400000US51059452802,0,0,0,0,0,0,0,16,0,12,0,0,0,21,0,19,60,299,196,511,21,0,0,0
359,1400000US51059460100,0,0,0,0,0,0,0,0,0,7,0,20,0,0,7,8,0,0,0,0,13,330,739,218
206,1400000US51059460200,0,12,0,0,0,0,0,9,0,0,0,8,11,14,0,0,11,0,0,24,10,343,492,323
207,1400000US51059460300,0,0,0,0,0,0,0,0,0,0,13,0,0,0,0,0,0,21,0,6,27,514,188,94
360,1400000US51059460400,0,0,0,0,0,0,0,0,0,0,0,0,0,0,0,15,0,0,10,56,56,650,303,148
361,1400000US51059460501,0,0,0,0,0,0,0,0,0,0,0,0,0,4,9,0,0,0,0,0,9,428,293,76
362,1400000US51059460502,12,0,0,0,0,0,0,0,12,0,0,14,0,0,0,13,0,14,15,12,114,973,514,78
208,1400000US51059460600,0,0,0,0,0,0,0,0,0,0,0,0,0,0,0,20,0,0,0,13,132,863,103,33
363,1400000US51059460701,0,0,0,0,0,0,2,0,12,0,0,0,0,0,0,0,20,0,13,23,279,389,0,0
364,1400000US51059460702,10,0,0,0,0,0,11,40,0,0,0,0,0,5,12,0,0,13,0,28,387,593,107,103
365,1400000US51059460800,0,17,0,0,0,0,0,7,0,0,0,0,8,16,7,0,0,19,20,26,56,380,108,165
366,1400000US51059460900,0,0,0,0,0,0,0,0,13,10,0,0,0,0,0,0,0,0,0,9,50,511,164,20
209,1400000US51059461000,0,0,0,0,0,0,0,0,0,0,0,0,0,15,0,0,0,17,30,11,80,400,39,108
367,1400000US51059461100,0,0,0,0,0,0,0,0,0,0,15,0,0,0,0,0,0,64,28,77,35,1069,645,202
368,1400000US51059461201,0,0,0,0,0,0,0,0,0,0,0,0,0,0,0,13,17,15,26,21,16,350,388,571
369,1400000US51059461202,0,0,0,0,0,0,13,0,0,9,0,0,0,0,0,0,17,63,151,294,461,293,7,64
370,1400000US51059461500,0,0,0,0,0,0,0,0,0,0,0,0,0,0,0,0,0,19,45,187,257,721,385,111
210,1400000US51059461601,0,0,0,0,0,0,0,0,0,0,0,0,0,17,56,20,0,0,49,228,474,274,120,90
371,1400000US51059461602,23,0,0,0,0,0,0,0,0,0,0,0,0,25,0,0,0,64,71,202,155,282,0,0
372,1400000US51059461700,0,0,0,0,0,0,0,0,0,48,0,0,0,0,0,0,0,40,11,341,279,439,115,0
373,1400000US51059461801,0,0,0,0,0,0,0,0,0,0,0,7,0,0,0,0,0,57,103,79,110,89,0,0
374,1400000US51059461802,0,0,0,0,19,0,0,0,23,0,0,0,0,17,0,20,16,104,77,188,379,207,58,11
211,1400000US51059461901,0,0,0,0,0,0,0,0,25,0,0,0,0,9,45,19,6,24,125,163,51,140,19,0
375,1400000US51059461902,0,0,0,0,0,0,0,0,0,0,0,0,0,0,0,0,0,0,0,0,0,0,0,0
376,1400000US51059470100,0,0,0,0,0,0,0,0,0,0,0,0,0,0,0,0,0,0,12,26,0,24,63,706
377,1400000US51059470300,0,0,0,0,0,0,0,0,0,0,0,7,0,0,0,9,0,8,0,12,10,133,321,537
378,1400000US51059470400,0,0,0,0,0,0,0,0,0,0,0,0,0,0,0,11,14,0,8,0,41,170,610,634
379,1400000US51059470500,0,15,0,0,0,0,0,0,0,11,0,0,0,0,12,0,0,0,10,77,24,303,676,394
212,1400000US51059470600,0,0,0,0,0,0,0,0,0,0,0,13,0,6,0,16,0,0,0,13,10,240,192,337
380,1400000US51059470700,0,0,0,0,0,0,0,0,0,12,0,0,0,0,0,0,11,0,14,22,71,879,376,199
381,1400000US51059470800,0,0,0,0,0,0,0,14,0,0,10,0,0,0,0,0,0,0,0,18,30,521,189,85
382,1400000US51059470900,0,0,0,0,0,0,0,0,0,0,0,9,0,0,35,33,11,0,27,123,157,962,389,577
213,1400000US51059471000,0,0,0,0,0,0,0,0,0,0,0,0,0,0,0,0,0,33,32,51,165,255,158,54
383,1400000US51059471100,0,0,0,0,0,0,0,0,0,0,15,0,0,0,0,11,0,72,47,250,465,668,107,64
384,1400000US51059471201,0,0,0,0,0,0,0,0,0,0,0,0,0,0,0,61,0,42,202,193,41,63,58,20
385,1400000US51059471202,0,0,0,0,0,10,0,0,10,0,0,0,0,0,31,23,18,99,92,268,100,185,100,28
386,1400000US51059471301,0,0,0,0,0,0,0,0,0,0,0,0,0,0,0,0,0,0,0,0,116,168,0,0
214,1400000US51059471303,0,0,0,0,0,0,0,0,0,10,0,0,0,0,0,15,46,72,112,94,114,245,119,54
387,1400000US51059471304,0,0,0,0,0,0,0,0,0,0,0,0,0,23,0,0,0,0,10,0,50,292,156,27
388,1400000US51059471401,0,0,0,0,0,0,0,0,0,0,0,17,0,0,31,0,54,33,32,86,254,407,35,0
389,1400000US51059471402,0,0,0,0,0,0,14,0,0,0,0,0,0,34,0,10,0,201,55,144,173,146,72,13
390,1400000US51059480100,0,0,0,0,0,0,0,0,0,0,0,0,0,0,0,9,32,23,0,0,0,86,222,920
391,1400000US51059480201,13,0,0,0,0,0,0,0,0,0,0,0,0,0,0,0,0,23,20,25,0,48,475,781
215,1400000US51059480202,0,0,0,0,0,0,0,0,0,0,0,0,0,0,0,8,0,88,46,139,7,51,0,0
392,1400000US51059480203,0,0,12,0,0,0,0,0,0,0,0,4,0,0,0,0,0,34,19,124,149,274,13,0
393,1400000US51059480300,0,0,23,0,0,0,0,0,0,11,0,0,0,16,0,0,0,17,12,10,0,76,455,1547
394,1400000US51059480401,0,0,0,0,0,0,0,0,0,14,0,0,15,0,0,0,14,28,0,33,27,278,370,463
395,1400000US51059480402,0,0,0,0,0,0,0,0,0,15,0,17,0,32,24,59,5,0,0,0,38,226,392,966
216,1400000US51059480501,0,0,0,0,0,0,0,0,0,0,0,0,15,15,0,0,0,0,0,16,143,399,234,214
396,1400000US51059480502,13,0,14,0,0,0,0,10,0,8,0,0,0,21,0,0,0,13,0,240,553,634,103,0
397,1400000US51059480503,0,0,0,0,0,0,0,0,0,0,0,0,0,0,0,17,0,0,60,255,173,354,97,16
398,1400000US51059480504,0,0,0,0,0,0,0,0,0,0,9,0,0,0,0,0,0,13,41,50,86,228,117,38
399,1400000US51059480505,0,0,0,0,0,4,0,0,0,0,0,0,0,20,0,0,0,30,76,311,103,135,35,0
400,1400000US51059480801,0,0,16,0,0,42,0,0,8,0,0,0,0,0,51,0,24,142,67,372,196,350,37,0
217,1400000US51059480802,0,0,0,0,0,0,0,0,0,0,0,15,18,0,0,21,0,58,0,247,246,346,89,0
401,1400000US51059480901,0,0,0,0,0,0,0,0,0,0,0,39,28,0,71,114,0,38,103,433,215,492,0,10
402,1400000US51059480902,0,0,0,0,11,0,28,0,0,0,0,16,0,16,0,0,29,220,152,99,103,225,14,0
403,1400000US51059480903,0,0,0,0,0,0,0,0,0,0,0,0,0,20,15,42,73,101,212,160,89,63,20,13
218,1400000US51059481000,0,0,0,0,0,0,0,0,0,0,0,0,1,0,54,30,76,39,93,381,111,61,0,0
404,1400000US51059481101,0,0,0,0,0,0,0,0,0,0,0,0,0,0,0,10,19,79,103,81,9,0,0,0
405,1400000US51059481102,0,0,0,0,0,0,0,0,0,0,0,0,0,0,0,0,0,0,12,106,98,111,24,0
406,1400000US51059481103,0,0,0,0,0,0,0,0,0,0,0,0,0,0,0,0,20,17,9,355,228,0,0,0
219,1400000US51059481104,0,0,0,0,0,0,0,0,0,0,0,0,0,0,0,0,16,0,51,147,332,41,0,0
407,1400000US51059481105,0,0,0,0,0,0,0,0,19,0,13,0,0,0,0,35,0,0,0,69,151,1052,343,7
408,1400000US51059481106,0,0,0,0,0,0,0,16,0,0,0,0,0,71,0,16,0,10,0,71,384,733,274,72
409,1400000US51059481201,0,0,0,0,0,0,0,0,0,0,0,0,0,0,0,0,0,0,0,0,37,270,12,12
410,1400000US51059481202,0,0,0,31,0,0,0,0,0,0,0,0,0,44,40,57,51,96,48,198,213,384,17,0
411,1400000US51059481400,0,0,0,0,0,0,0,0,0,0,14,0,0,52,0,13,73,55,145,469,375,553,209,158
412,1400000US51059481500,0,0,0,0,0,0,0,0,0,0,9,0,0,0,0,0,0,0,0,9,80,271,320,37
413,1400000US51059481600,9,0,0,0,0,0,0,0,0,0,0,0,10,0,9,0,0,0,9,52,9,231,491,241
220,1400000US51059481701,0,0,0,0,0,0,3,0,0,0,10,0,0,0,0,13,28,0,0,15,94,808,557,433
414,1400000US51059481702,0,11,0,0,0,0,0,28,36,0,42,0,0,0,0,0,42,200,216,263,225,203,77,17
415,1400000US51059481900,0,15,0,0,0,12,0,0,0,0,0,0,0,0,41,16,0,172,24,146,209,128,391,293
416,1400000US51059482001,0,0,0,0,0,0,0,0,14,0,0,0,0,0,0,0,19,0,0,216,254,362,360,342
542,1400000US51059482002,0,0,0,0,13,0,0,0,0,7,0,0,0,0,0,8,0,21,82,224,91,436,149,58
417,1400000US51059482100,0,15,4,0,0,0,0,0,0,0,0,0,0,0,22,43,46,190,102,212,203,283,22,3
418,1400000US51059482201,0,0,0,0,0,0,0,0,0,0,0,0,0,0,0,0,6,0,14,102,65,127,0,0
419,1400000US51059482202,0,0,0,0,0,14,0,0,0,0,0,0,0,16,47,28,42,106,29,306,343,164,47,0
420,1400000US51059482203,0,0,0,0,0,0,0,0,0,0,0,0,0,8,13,0,14,38,126,305,246,248,25,12
221,1400000US51059482301,0,0,0,0,0,16,0,0,16,0,0,0,0,15,23,0,0,70,98,440,484,261,95,125
421,1400000US51059482302,0,0,0,0,0,0,0,0,0,0,0,0,0,25,0,17,0,196,149,174,79,12,0,0
422,1400000US51059482303,0,0,0,0,0,0,0,11,0,0,0,0,0,40,0,0,43,144,87,341,111,350,162,18
423,1400000US51059482400,0,0,0,0,0,0,0,0,0,0,0,0,0,9,0,0,0,0,0,0,9,407,138,148
424,1400000US51059482501,12,0,0,0,0,0,0,0,0,0,0,0,0,0,0,0,0,42,73,285,216,202,40,0
222,1400000US51059482502,0,0,0,0,0,0,0,0,0,0,0,0,0,0,0,0,9,0,43,128,185,615,25,12
425,1400000US51059482503,0,0,0,0,0,0,0,0,0,0,0,0,0,0,0,9,0,7,16,109,184,783,215,32
426,1400000US51059482504,0,0,0,0,0,0,0,0,0,0,0,0,0,11,11,0,0,16,13,27,169,910,299,176
427,1400000US51059482601,0,0,0,0,0,0,0,30,0,0,0,0,0,0,0,20,11,57,144,346,411,926,51,11
428,1400000US51059482602,0,0,0,0,0,0,0,0,0,0,6,0,0,0,0,27,0,15,5,238,390,704,436,202
429,1400000US51059490101,0,0,0,0,0,26,0,0,0,0,0,0,0,0,0,0,0,0,27,336,376,525,25,13
430,1400000US51059490103,6,0,0,32,0,0,11,0,52,19,0,0,6,63,11,49,33,0,44,349,415,344,17,0
223,1400000US51059490501,0,0,0,0,0,0,0,23,0,0,0,0,0,0,0,0,0,0,110,211,31,178,43,0
431,1400000US51059490502,0,0,0,0,0,0,0,0,0,16,0,0,0,0,12,0,8,9,33,82,170,795,597,67
432,1400000US51059491000,0,0,0,0,0,0,0,0,0,0,0,0,0,0,0,0,0,7,0,13,18,221,209,65
433,1400000US51059491101,0,0,0,0,0,0,0,0,0,0,0,0,0,0,0,0,0,0,0,42,117,567,325,119
434,1400000US51059491102,0,0,0,0,0,0,0,0,0,0,0,0,0,0,0,0,0,17,24,205,371,435,37,0
508,1400000US51059491103,0,0,0,0,0,0,15,0,0,0,5,0,21,35,40,0,161,298,205,675,310,158,0,16
435,1400000US51059491201,0,0,0,0,0,5,17,0,0,46,0,0,0,0,0,71,0,228,257,411,264,181,26,0
224,1400000US51059491202,0,0,0,0,0,0,0,0,0,0,0,0,0,0,0,0,0,0,0,0,0,0,0,0
436,1400000US51059491301,0,0,0,0,0,0,0,0,13,0,0,0,0,0,0,13,12,36,181,327,368,641,97,18
437,1400000US51059491302,0,0,0,0,0,0,0,0,0,0,0,0,0,0,0,0,0,0,113,231,247,100,18,13
438,1400000US51059491303,0,0,0,0,0,0,9,0,0,0,0,0,0,29,37,25,41,343,101,152,59,26,0,0
225,1400000US51059491401,0,0,0,0,0,0,0,0,0,0,0,0,10,0,4,59,32,291,223,504,146,113,0,0
439,1400000US51059491402,0,0,13,20,0,0,0,12,0,0,0,0,0,0,31,0,0,89,100,501,281,89,0,0
440,1400000US51059491403,0,0,0,0,0,0,0,0,18,0,0,0,0,8,0,0,0,0,25,80,23,778,211,0
441,1400000US51059491404,0,0,0,0,0,0,0,0,0,0,0,0,0,22,0,7,0,81,102,464,344,210,39,15
442,1400000US51059491405,0,0,0,0,0,0,0,0,0,16,0,0,0,0,0,0,0,43,0,0,0,496,222,42
226,1400000US51059491501,0,0,0,0,0,0,0,0,0,11,52,18,8,46,32,0,0,115,80,416,310,435,161,0
443,1400000US51059491502,0,0,0,0,0,0,0,0,0,0,0,17,8,0,19,8,0,0,0,39,170,1196,524,23
444,1400000US51059491601,0,0,0,0,0,0,0,18,0,0,0,0,0,0,40,22,20,128,167,62,77,284,73,0
445,1400000US51059491602,0,0,0,0,0,0,0,0,0,0,0,0,0,0,13,27,30,176,118,356,355,554,0,0
446,1400000US51059491701,0,0,0,0,0,0,17,35,0,0,0,0,0,17,0,29,11,0,86,419,379,104,13,26
447,1400000US51059491702,0,0,0,0,0,0,0,14,0,0,0,0,0,0,9,0,0,0,67,237,188,422,0,0
227,1400000US51059491703,0,0,0,0,0,0,0,0,0,0,0,0,0,0,0,0,0,20,11,69,264,41,15,0
448,1400000US51059491704,0,0,0,0,0,0,0,0,16,0,0,0,27,6,0,0,0,20,56,112,237,288,16,0
449,1400000US51059491705,0,0,0,0,0,0,0,0,0,0,0,0,10,10,47,0,0,0,50,39,20,302,400,73
228,1400000US51059491801,0,0,0,0,0,0,0,0,0,13,0,0,0,0,0,0,46,37,56,120,199,96,0,0
450,1400000US51059491802,0,0,0,0,0,0,0,0,0,0,0,17,0,0,0,23,0,17,112,254,246,251,13,0
451,1400000US51059491803,0,0,0,0,0,0,0,0,10,0,0,0,0,0,0,33,0,96,13,307,668,535,0,19
452,1400000US51059492000,0,0,0,0,0,0,0,0,0,0,0,0,0,9,14,0,0,0,16,45,73,743,925,235
453,1400000US51059492100,0,0,0,0,0,0,0,0,0,0,0,15,14,0,0,0,0,0,17,31,95,274,1095,495
454,1400000US51059492201,0,0,0,0,0,0,0,0,13,0,0,0,0,0,0,0,0,0,11,17,26,107,271,392
229,1400000US51059492202,0,0,0,0,0,0,0,0,0,20,0,0,0,0,0,55,0,23,6,0,95,1070,743,6
455,1400000US51059492203,20,0,0,0,0,0,0,0,0,25,0,0,0,0,0,0,0,0,10,30,18,454,555,90
456,1400000US51059492300,0,0,0,0,0,0,0,0,0,0,0,0,0,9,0,0,0,75,103,303,211,246,26,0
457,1400000US51059492400,11,0,0,0,0,0,0,0,0,0,0,0,0,14,8,30,67,181,205,424,223,161,78,0
458,1400000US51059492500,0,0,7,0,0,4,0,0,0,0,0,14,0,0,20,19,0,0,0,18,22,181,507,515
516,1400000US51510200102,0,0,0,0,0,0,0,0,0,0,0,0,0,0,0,0,0,0,10,36,160,173,26,9
243,1400000US51510200103,0,0,10,0,30,0,0,0,0,16,26,29,0,68,10,73,53,262,87,44,309,232,0,0
517,1400000US51510200104,0,0,0,0,0,0,0,0,0,0,0,0,0,0,0,0,0,0,0,0,0,0,0,0
518,1400000US51510200105,0,0,0,0,0,0,0,0,0,0,0,0,0,0,0,0,0,0,0,0,0,0,0,0
519,1400000US51510200106,0,0,0,0,0,0,0,0,0,0,0,0,0,35,23,0,0,12,36,85,150,109,52,0
244,1400000US51510200107,0,0,0,0,0,13,0,0,0,0,0,0,0,0,0,34,14,228,135,320,164,102,48,23
520,1400000US51510200201,0,0,0,0,0,0,0,0,0,0,0,0,0,23,23,0,13,60,53,163,98,26,144,58
521,1400000US51510200202,13,0,0,0,0,0,0,0,0,0,0,0,0,0,0,0,0,0,10,11,60,130,212,153
245,1400000US51510200301,0,0,0,0,0,0,0,0,0,0,0,0,0,0,0,10,0,21,127,130,85,21,7,0
522,1400000US51510200302,0,0,0,0,0,9,0,9,0,0,0,0,0,0,0,0,0,0,0,11,163,383,11,69
523,1400000US51510200303,0,0,12,0,0,0,0,0,0,0,0,0,0,30,0,84,48,261,157,272,64,7,0,0
524,1400000US51510200403,0,0,0,0,0,0,0,0,0,0,0,0,0,0,0,0,0,37,61,111,156,75,0,0
525,1400000US51510200404,0,0,0,0,0,0,0,0,0,0,0,0,0,0,0,0,7,0,54,177,201,784,175,12
246,1400000US51510200405,17,0,0,0,0,0,0,0,0,0,10,45,0,15,0,34,19,226,62,201,83,81,18,0
526,1400000US51510200406,0,0,0,17,0,0,0,0,0,0,0,0,0,8,0,30,8,15,130,36,7,125,0,0
527,1400000US51510200407,0,12,0,0,0,12,0,0,0,0,0,0,12,0,14,91,170,392,266,414,56,0,0,19
247,1400000US51510200500,0,0,0,7,0,0,0,0,0,0,0,0,0,0,0,0,0,12,63,50,29,31,0,0
248,1400000US51510200600,0,0,0,0,0,0,0,17,0,13,0,0,18,29,57,32,41,57,126,255,382,309,20,0
249,1400000US51510200701,0,0,0,0,0,0,0,0,0,0,0,0,0,0,0,0,0,0,0,0,0,0,0,0
250,1400000US51510200702,0,0,0,0,0,0,0,0,0,0,0,0,0,0,0,0,16,0,26,46,169,106,116,8
528,1400000US51510200703,0,0,0,0,0,0,0,0,0,0,0,0,0,0,0,0,0,0,13,36,157,265,91,46
529,1400000US51510200801,0,0,0,0,0,0,0,0,15,0,0,0,0,0,0,0,0,0,0,0,23,283,208,247
530,1400000US51510200802,0,0,0,0,0,0,0,0,4,0,0,0,13,33,7,0,0,4,77,314,72,166,13,48
251,1400000US51510200900,0,0,0,0,0,0,10,0,0,0,0,0,0,0,0,0,0,0,8,160,112,655,418,191
531,1400000US51510201000,0,0,0,17,0,0,11,0,0,0,0,0,0,0,0,10,50,76,318,627,90,31,11,0
532,1400000US51510201100,14,0,0,0,0,0,0,0,0,0,0,0,0,12,0,22,0,0,0,28,28,238,315,129
533,1400000US51510201202,0,0,0,0,0,0,0,0,8,0,0,0,0,0,0,0,0,14,15,50,300,176,41,20
534,1400000US51510201203,0,0,0,10,0,0,0,0,0,0,0,0,0,58,0,0,0,34,28,51,128,150,0,0
252,1400000US51510201204,0,0,0,0,0,0,0,7,21,0,0,0,8,8,0,28,97,54,74,136,35,89,10,0
509,1400000US51510201300,0,0,0,0,0,0,0,0,0,0,0,0,0,0,0,8,0,24,58,61,171,489,96,40
510,1400000US51510201400,0,0,0,0,0,14,0,0,0,0,0,0,0,0,9,0,0,53,17,27,221,529,211,66
511,1400000US51510201500,0,0,0,0,0,0,0,4,0,0,0,0,0,0,0,0,15,19,7,25,80,454,301,209
253,1400000US51510201600,0,0,0,0,52,0,0,0,6,0,0,0,0,0,0,0,0,8,14,198,208,473,93,25
512,1400000US51510201801,0,0,0,0,0,0,0,19,13,0,52,11,0,0,0,43,0,91,158,338,112,614,381,136
513,1400000US51510201802,0,0,0,0,0,0,0,0,0,0,0,0,0,0,0,0,0,0,0,29,11,116,273,171
514,1400000US51510201900,0,0,0,0,0,0,0,0,0,0,0,0,0,0,0,0,0,0,0,38,16,114,133,103
254,1400000US51510202001,0,0,0,0,0,0,0,0,0,0,0,0,0,0,0,0,0,0,0,10,27,187,168,423
515,1400000US51510202002,0,0,0,0,0,0,0,0,0,0,0,0,0,0,0,0,0,6,7,68,93,179,133,162
539,1400000US51610500100,0,0,0,0,0,0,0,0,0,0,0,0,0,19,7,13,0,42,19,105,81,357,143,117
540,1400000US51610500200,0,0,0,0,0,0,0,0,12,0,11,0,10,0,9,0,0,12,0,129,231,569,315,21
256,1400000US51610500300,0,0,0,0,0,0,0,0,0,0,0,0,0,0,12,0,33,57,16,47,5,189,348,77
